Номер тиража,Дата,Шары
010465,05.09.26, 01:37,6,+,3,+,5,+,1,+,2,+,5
010464,05.09.26, 01:22,4,+,3,+,2,+,2,+,1,+,5
010463,05.09.26, 01:07,3,+,5,+,4,+,1,+,4,+,6
010462,05.09.26, 00:52,4,+,4,+,6,+,5,+,5,+,2
010461,05.09.26, 00:37,5,+,2,+,2,+,1,+,1,+,5
010460,05.09.26, 00:22,6,+,5,+,2,+,1,+,2,+,2
010459,05.09.26, 00:07,5,+,4,+,5,+,4,+,5,+,5
010458,04.09.26, 23:52,1,+,4,+,5,+,6,+,1,+,4
010457,04.09.26, 23:37,5,+,2,+,3,+,5,+,3,+,6
010456,04.09.26, 23:22,6,+,4,+,5,+,2,+,4,+,3
010455,04.09.26, 23:07,1,+,1,+,2,+,5,+,4,+,3
010454,04.09.26, 22:52,2,+,4,+,6,+,1,+,4,+,6
010453,04.09.26, 22:37,4,+,1,+,6,+,1,+,5,+,3
010452,04.09.26, 22:22,2,+,3,+,5,+,4,+,3,+,1
010451,04.09.26, 22:07,1,+,3,+,5,+,1,+,5,+,3
010450,04.09.26, 21:52,4,+,3,+,1,+,3,+,4,+,2
010449,04.09.26, 21:37,4,+,2,+,3,+,4,+,6,+,4
010448,04.09.26, 21:22,2,+,4,+,6,+,4,+,1,+,5
010447,04.09.26, 21:07,1,+,4,+,6,+,3,+,5,+,4
010446,04.09.26, 20:52,1,+,5,+,2,+,2,+,2,+,3
010445,04.09.26, 20:37,4,+,5,+,5,+,6,+,2,+,1
010444,04.09.26, 20:22,6,+,2,+,2,+,1,+,2,+,2
010443,04.09.26, 20:07,5,+,4,+,2,+,1,+,3,+,6
010442,04.09.26, 19:52,5,+,5,+,5,+,5,+,4,+,5
010441,04.09.26, 19:37,5,+,6,+,3,+,1,+,3,+,1
010440,04.09.26, 19:22,5,+,3,+,6,+,1,+,3,+,5
010439,04.09.26, 19:07,3,+,3,+,5,+,6,+,4,+,3
010438,04.09.26, 18:52,1,+,5,+,6,+,6,+,1,+,5
010437,04.09.26, 18:37,5,+,3,+,1,+,1,+,4,+,1
010436,04.09.26, 18:22,5,+,2,+,1,+,2,+,4,+,6
010435,04.09.26, 18:07,4,+,2,+,5,+,4,+,6,+,5
010434,04.09.26, 17:52,6,+,5,+,5,+,4,+,3,+,2
010433,04.09.26, 17:37,4,+,3,+,2,+,6,+,1,+,5
010432,04.09.26, 17:22,5,+,1,+,6,+,1,+,6,+,2
010431,04.09.26, 17:07,3,+,5,+,6,+,5,+,6,+,5
010430,04.09.26, 16:52,1,+,3,+,4,+,4,+,5,+,2
010429,04.09.26, 16:37,4,+,6,+,6,+,4,+,2,+,2
010428,04.09.26, 16:22,6,+,6,+,5,+,4,+,2,+,4
010427,04.09.26, 16:07,6,+,5,+,1,+,1,+,5,+,1
010426,04.09.26, 15:52,6,+,2,+,6,+,5,+,5,+,3
010425,04.09.26, 15:37,6,+,3,+,5,+,4,+,5,+,6
010424,04.09.26, 15:22,4,+,3,+,2,+,2,+,1,+,2
010423,04.09.26, 15:07,5,+,1,+,3,+,4,+,5,+,5
010422,04.09.26, 14:52,4,+,3,+,2,+,4,+,5,+,2
010421,04.09.26, 14:37,5,+,2,+,3,+,2,+,6,+,5
010420,04.09.26, 14:22,4,+,6,+,5,+,5,+,5,+,1
010419,04.09.26, 14:07,1,+,3,+,2,+,3,+,2,+,1
010418,04.09.26, 13:52,5,+,6,+,4,+,1,+,1,+,1
010417,04.09.26, 13:37,2,+,6,+,5,+,5,+,2,+,1
010416,04.09.26, 13:22,5,+,3,+,2,+,3,+,6,+,5
010415,04.09.26, 13:07,4,+,1,+,5,+,6,+,4,+,3
010414,04.09.26, 12:52,4,+,5,+,1,+,5,+,5,+,4
010413,04.09.26, 12:37,4,+,1,+,5,+,6,+,6,+,4
010412,04.09.26, 12:22,3,+,4,+,3,+,6,+,5,+,4
010411,04.09.26, 12:07,2,+,1,+,4,+,6,+,3,+,3
010410,04.09.26, 11:52,4,+,5,+,2,+,2,+,5,+,1
010409,04.09.26, 11:37,4,+,4,+,2,+,5,+,2,+,4
010408,04.09.26, 11:22,3,+,2,+,2,+,4,+,2,+,4
010407,04.09.26, 11:07,5,+,5,+,5,+,1,+,6,+,6
010406,04.09.26, 10:52,2,+,2,+,4,+,3,+,5,+,3
010405,04.09.26, 10:37,1,+,6,+,2,+,2,+,5,+,2
010404,04.09.26, 10:22,6,+,6,+,5,+,3,+,6,+,6
010403,04.09.26, 10:07,6,+,1,+,2,+,2,+,6,+,6
010402,04.09.26, 09:52,1,+,3,+,4,+,5,+,4,+,1
010401,04.09.26, 09:37,3,+,4,+,3,+,2,+,5,+,4
010400,04.09.26, 09:22,3,+,3,+,3,+,6,+,2,+,5
010399,04.09.26, 09:07,5,+,4,+,2,+,3,+,6,+,4
010398,04.09.26, 08:52,2,+,2,+,4,+,2,+,3,+,1
010397,04.09.26, 08:37,1,+,5,+,6,+,5,+,3,+,6
010396,04.09.26, 08:22,5,+,6,+,5,+,5,+,3,+,6
010395,04.09.26, 08:07,2,+,6,+,1,+,2,+,1,+,4
010394,04.09.26, 07:52,3,+,6,+,5,+,6,+,6,+,5
010393,04.09.26, 07:37,1,+,2,+,5,+,1,+,5,+,5
010392,04.09.26, 07:22,6,+,6,+,1,+,3,+,5,+,3
010391,04.09.26, 07:07,3,+,4,+,3,+,4,+,1,+,1
010390,04.09.26, 06:52,3,+,6,+,1,+,3,+,1,+,4
010389,04.09.26, 06:37,5,+,6,+,4,+,2,+,3,+,6
010388,04.09.26, 06:22,2,+,4,+,2,+,1,+,6,+,5
010387,04.09.26, 06:07,4,+,5,+,6,+,3,+,1,+,4
010386,04.09.26, 05:52,2,+,4,+,6,+,5,+,4,+,6
010385,04.09.26, 05:37,2,+,4,+,6,+,6,+,3,+,3
010384,04.09.26, 05:22,5,+,1,+,3,+,1,+,5,+,3
010383,04.09.26, 05:07,6,+,5,+,3,+,1,+,5,+,2
010382,04.09.26, 04:52,5,+,4,+,2,+,5,+,6,+,3
010381,04.09.26, 04:37,6,+,6,+,6,+,5,+,2,+,2
010380,04.09.26, 04:22,6,+,4,+,6,+,2,+,2,+,2
010379,04.09.26, 04:07,2,+,6,+,4,+,2,+,1,+,1
010378,04.09.26, 03:52,1,+,3,+,6,+,3,+,3,+,3
010377,04.09.26, 03:37,4,+,2,+,1,+,2,+,6,+,2
010376,04.09.26, 03:22,3,+,2,+,4,+,5,+,5,+,5
010375,04.09.26, 03:07,1,+,1,+,2,+,4,+,2,+,4
010374,04.09.26, 02:52,5,+,6,+,6,+,1,+,2,+,3
010373,04.09.26, 02:37,5,+,3,+,1,+,1,+,2,+,4
010372,04.09.26, 02:22,6,+,3,+,6,+,3,+,4,+,5
010371,04.09.26, 02:07,4,+,2,+,3,+,4,+,5,+,6
010370,04.09.26, 01:52,1,+,1,+,2,+,3,+,5,+,1
010369,04.09.26, 01:37,1,+,1,+,2,+,1,+,5,+,6
010368,04.09.26, 01:22,2,+,2,+,3,+,3,+,2,+,5
010367,04.09.26, 01:07,2,+,5,+,6,+,2,+,5,+,3
010366,04.09.26, 00:52,5,+,3,+,1,+,1,+,2,+,4
010365,04.09.26, 00:37,1,+,3,+,6,+,5,+,4,+,5
010364,04.09.26, 00:22,1,+,6,+,5,+,2,+,5,+,4
010363,04.09.26, 00:07,1,+,6,+,1,+,1,+,5,+,1
010362,03.09.26, 23:52,2,+,4,+,6,+,6,+,5,+,3
010361,03.09.26, 23:37,3,+,1,+,4,+,2,+,6,+,2
010360,03.09.26, 23:22,5,+,4,+,4,+,6,+,6,+,6
010359,03.09.26, 23:07,4,+,3,+,5,+,6,+,6,+,6
010358,03.09.26, 22:52,5,+,5,+,4,+,4,+,6,+,2
010357,03.09.26, 22:37,1,+,6,+,2,+,6,+,3,+,6
010356,03.09.26, 22:22,3,+,2,+,2,+,6,+,4,+,4
010355,03.09.26, 22:07,4,+,6,+,4,+,4,+,4,+,2
010354,03.09.26, 21:52,1,+,6,+,5,+,4,+,5,+,6
010353,03.09.26, 21:37,2,+,6,+,4,+,3,+,1,+,1
010352,03.09.26, 21:22,4,+,3,+,3,+,6,+,4,+,4
010351,03.09.26, 21:07,3,+,6,+,4,+,6,+,4,+,4
010350,03.09.26, 20:52,3,+,4,+,2,+,4,+,2,+,5
010349,03.09.26, 20:37,6,+,2,+,6,+,4,+,5,+,3
010348,03.09.26, 20:22,4,+,5,+,4,+,3,+,5,+,3
010347,03.09.26, 20:07,1,+,2,+,2,+,5,+,4,+,5
010346,03.09.26, 19:52,5,+,4,+,6,+,3,+,2,+,5
010345,03.09.26, 19:37,2,+,2,+,4,+,4,+,6,+,4
010344,03.09.26, 19:22,2,+,2,+,4,+,3,+,1,+,5
010343,03.09.26, 19:07,6,+,4,+,6,+,2,+,6,+,6
010342,03.09.26, 18:52,2,+,3,+,4,+,4,+,1,+,2
010341,03.09.26, 18:37,1,+,4,+,1,+,3,+,3,+,3
010340,03.09.26, 18:22,1,+,6,+,2,+,2,+,3,+,1
010339,03.09.26, 18:07,1,+,1,+,4,+,6,+,5,+,4
010338,03.09.26, 17:52,6,+,4,+,3,+,3,+,5,+,6
010337,03.09.26, 17:37,6,+,5,+,6,+,4,+,2,+,4
010336,03.09.26, 17:22,3,+,2,+,2,+,6,+,4,+,2
010335,03.09.26, 17:07,6,+,4,+,6,+,5,+,5,+,1
010334,03.09.26, 16:52,6,+,5,+,5,+,4,+,6,+,5
010333,03.09.26, 16:37,3,+,5,+,3,+,6,+,5,+,4
010332,03.09.26, 16:22,4,+,3,+,5,+,6,+,6,+,4
010331,03.09.26, 16:07,5,+,4,+,1,+,5,+,6,+,4
010330,03.09.26, 15:52,5,+,4,+,3,+,4,+,4,+,5
010329,03.09.26, 15:37,3,+,2,+,3,+,4,+,2,+,5
010328,03.09.26, 15:22,5,+,4,+,2,+,4,+,6,+,2
010327,03.09.26, 15:07,6,+,6,+,2,+,6,+,5,+,6
010326,03.09.26, 14:52,4,+,2,+,6,+,3,+,4,+,1
010325,03.09.26, 14:37,1,+,2,+,6,+,5,+,5,+,2
010324,03.09.26, 14:22,3,+,2,+,6,+,4,+,1,+,6
010323,03.09.26, 14:07,4,+,3,+,4,+,2,+,4,+,5
010322,03.09.26, 13:52,1,+,2,+,5,+,1,+,4,+,1
010321,03.09.26, 13:37,2,+,2,+,6,+,4,+,5,+,6
010320,03.09.26, 13:22,2,+,5,+,3,+,3,+,6,+,2
010319,03.09.26, 13:07,1,+,2,+,1,+,4,+,3,+,4
010318,03.09.26, 12:52,4,+,1,+,4,+,1,+,3,+,6
010317,03.09.26, 12:37,1,+,2,+,1,+,6,+,6,+,5
010316,03.09.26, 12:22,3,+,1,+,6,+,2,+,4,+,4
010315,03.09.26, 12:07,5,+,3,+,5,+,1,+,5,+,3
010314,03.09.26, 11:52,5,+,3,+,3,+,3,+,4,+,5
010313,03.09.26, 11:37,6,+,1,+,3,+,5,+,1,+,6
010312,03.09.26, 11:22,1,+,3,+,5,+,5,+,3,+,5
010311,03.09.26, 11:07,6,+,5,+,6,+,6,+,4,+,3
010310,03.09.26, 10:52,4,+,1,+,4,+,2,+,1,+,1
010309,03.09.26, 10:37,4,+,1,+,5,+,2,+,2,+,3
010308,03.09.26, 10:22,2,+,4,+,5,+,5,+,6,+,1
010307,03.09.26, 10:07,2,+,2,+,6,+,3,+,3,+,3
010306,03.09.26, 09:52,6,+,6,+,4,+,6,+,6,+,5
010305,03.09.26, 09:37,6,+,4,+,2,+,6,+,5,+,6
010304,03.09.26, 09:22,2,+,6,+,3,+,4,+,6,+,6
010303,03.09.26, 09:07,4,+,4,+,6,+,4,+,1,+,4
010302,03.09.26, 08:52,1,+,5,+,2,+,5,+,3,+,1
010301,03.09.26, 08:37,1,+,3,+,5,+,1,+,2,+,6
010300,03.09.26, 08:22,5,+,6,+,2,+,1,+,1,+,6
010299,03.09.26, 08:07,6,+,3,+,1,+,4,+,2,+,1
010298,03.09.26, 07:52,1,+,1,+,4,+,4,+,4,+,6
010297,03.09.26, 07:37,3,+,4,+,4,+,6,+,1,+,5
010296,03.09.26, 07:22,4,+,4,+,4,+,4,+,5,+,2
010295,03.09.26, 07:07,3,+,4,+,1,+,5,+,2,+,3
010294,03.09.26, 06:52,6,+,6,+,1,+,1,+,2,+,4
010293,03.09.26, 06:37,6,+,4,+,6,+,5,+,5,+,4
010292,03.09.26, 06:22,6,+,4,+,3,+,1,+,1,+,3
010291,03.09.26, 06:07,3,+,2,+,1,+,1,+,4,+,2
010290,03.09.26, 05:52,2,+,1,+,3,+,2,+,2,+,4
010289,03.09.26, 05:37,2,+,4,+,4,+,2,+,3,+,3
010288,03.09.26, 05:22,5,+,4,+,2,+,4,+,2,+,6
010287,03.09.26, 05:07,2,+,6,+,4,+,5,+,6,+,4
010286,03.09.26, 04:52,1,+,5,+,2,+,2,+,1,+,1
010285,03.09.26, 04:37,4,+,1,+,1,+,1,+,3,+,1
010284,03.09.26, 04:22,4,+,4,+,4,+,6,+,6,+,1
010283,03.09.26, 04:07,2,+,3,+,2,+,4,+,3,+,2
010282,03.09.26, 03:52,5,+,4,+,4,+,6,+,5,+,1
010281,03.09.26, 03:37,1,+,6,+,3,+,2,+,1,+,5
010280,03.09.26, 03:22,5,+,4,+,2,+,6,+,4,+,2
010279,03.09.26, 03:07,4,+,1,+,6,+,4,+,2,+,2
010278,03.09.26, 02:52,5,+,2,+,1,+,6,+,2,+,4
010277,03.09.26, 02:37,2,+,5,+,3,+,1,+,5,+,5
010276,03.09.26, 02:22,2,+,4,+,6,+,2,+,6,+,5
010275,03.09.26, 02:07,3,+,3,+,5,+,6,+,2,+,5
010274,03.09.26, 01:52,5,+,6,+,4,+,3,+,4,+,6
010273,03.09.26, 01:37,2,+,4,+,1,+,4,+,3,+,5
010272,03.09.26, 01:22,4,+,4,+,3,+,4,+,3,+,3
010271,03.09.26, 01:07,3,+,2,+,4,+,5,+,6,+,4
010270,03.09.26, 00:52,2,+,2,+,3,+,1,+,1,+,5
010269,03.09.26, 00:37,4,+,2,+,6,+,1,+,5,+,1
010268,03.09.26, 00:22,6,+,2,+,3,+,4,+,5,+,5
010267,03.09.26, 00:07,3,+,4,+,6,+,1,+,6,+,2
010266,02.09.26, 23:52,3,+,4,+,3,+,3,+,4,+,3
010265,02.09.26, 23:37,4,+,3,+,2,+,1,+,5,+,5
010264,02.09.26, 23:22,2,+,6,+,3,+,2,+,4,+,4
010263,02.09.26, 23:07,3,+,5,+,3,+,2,+,4,+,2
010262,02.09.26, 22:52,1,+,5,+,2,+,4,+,3,+,4
010261,02.09.26, 22:37,6,+,1,+,3,+,5,+,2,+,6
010260,02.09.26, 22:22,1,+,1,+,4,+,4,+,6,+,3
010259,02.09.26, 22:07,5,+,2,+,4,+,3,+,1,+,6
010258,02.09.26, 21:52,3,+,2,+,5,+,4,+,5,+,2
010257,02.09.26, 21:37,5,+,3,+,3,+,1,+,2,+,1
010256,02.09.26, 21:22,1,+,5,+,3,+,2,+,6,+,6
010255,02.09.26, 21:07,1,+,4,+,4,+,4,+,6,+,4
010254,02.09.26, 20:52,1,+,1,+,4,+,6,+,6,+,2
010253,02.09.26, 20:37,2,+,1,+,4,+,3,+,4,+,1
010252,02.09.26, 20:22,5,+,6,+,6,+,3,+,5,+,2
010251,02.09.26, 20:07,5,+,4,+,1,+,1,+,1,+,5
010250,02.09.26, 19:52,4,+,3,+,4,+,5,+,4,+,3
010249,02.09.26, 19:37,4,+,2,+,3,+,2,+,2,+,4
010248,02.09.26, 19:22,2,+,3,+,2,+,4,+,2,+,1
010247,02.09.26, 19:07,4,+,5,+,4,+,4,+,1,+,6
010246,02.09.26, 18:52,6,+,5,+,4,+,2,+,5,+,1
010245,02.09.26, 18:37,2,+,4,+,4,+,3,+,5,+,2
010244,02.09.26, 18:22,1,+,6,+,6,+,1,+,5,+,6
010243,02.09.26, 18:07,2,+,6,+,5,+,3,+,3,+,1
010242,02.09.26, 17:52,3,+,2,+,3,+,6,+,3,+,2
010241,02.09.26, 17:37,1,+,3,+,5,+,3,+,1,+,5
010240,02.09.26, 17:22,5,+,3,+,1,+,1,+,6,+,6
010239,02.09.26, 17:07,1,+,2,+,2,+,5,+,5,+,2
010238,02.09.26, 16:52,1,+,1,+,2,+,4,+,5,+,1
010237,02.09.26, 16:37,2,+,3,+,6,+,5,+,6,+,1
010236,02.09.26, 16:22,5,+,2,+,1,+,5,+,6,+,6
010235,02.09.26, 16:07,5,+,5,+,5,+,5,+,2,+,1
010234,02.09.26, 15:52,1,+,4,+,6,+,4,+,6,+,6
010233,02.09.26, 15:37,1,+,4,+,1,+,3,+,4,+,5
010232,02.09.26, 15:22,3,+,6,+,1,+,4,+,5,+,1
010231,02.09.26, 15:07,3,+,5,+,4,+,2,+,4,+,4
010230,02.09.26, 14:52,6,+,3,+,6,+,5,+,6,+,6
010229,02.09.26, 14:37,1,+,3,+,1,+,1,+,6,+,5
010228,02.09.26, 14:22,5,+,4,+,3,+,6,+,3,+,4
010227,02.09.26, 14:07,5,+,2,+,1,+,4,+,1,+,1
010226,02.09.26, 13:52,3,+,2,+,1,+,3,+,3,+,2
010225,02.09.26, 13:37,6,+,4,+,6,+,3,+,4,+,2
010224,02.09.26, 13:22,1,+,3,+,2,+,2,+,5,+,4
010223,02.09.26, 13:07,6,+,3,+,6,+,5,+,5,+,3
010222,02.09.26, 12:52,6,+,4,+,2,+,3,+,2,+,4
010221,02.09.26, 12:37,6,+,2,+,2,+,2,+,1,+,2
010220,02.09.26, 12:22,5,+,1,+,1,+,1,+,1,+,4
010219,02.09.26, 12:07,4,+,4,+,2,+,4,+,3,+,4
010218,02.09.26, 11:52,4,+,4,+,1,+,6,+,5,+,3
010217,02.09.26, 11:37,3,+,6,+,2,+,6,+,6,+,1
010216,02.09.26, 11:22,5,+,2,+,1,+,6,+,2,+,6
010215,02.09.26, 11:07,6,+,4,+,6,+,5,+,6,+,1
010214,02.09.26, 10:52,2,+,3,+,2,+,2,+,4,+,1
010213,02.09.26, 10:37,4,+,1,+,4,+,3,+,3,+,4
010212,02.09.26, 10:22,2,+,6,+,2,+,5,+,6,+,3
010211,02.09.26, 10:07,6,+,1,+,1,+,4,+,5,+,4
010210,02.09.26, 09:52,4,+,2,+,2,+,1,+,2,+,5
010209,02.09.26, 09:37,4,+,3,+,4,+,5,+,4,+,5
010208,02.09.26, 09:22,2,+,6,+,3,+,3,+,5,+,3
010207,02.09.26, 09:07,2,+,2,+,3,+,3,+,3,+,2
010206,02.09.26, 08:52,5,+,6,+,2,+,6,+,5,+,2
010205,02.09.26, 08:37,2,+,4,+,4,+,4,+,3,+,1
010204,02.09.26, 08:22,5,+,3,+,5,+,2,+,1,+,4
010203,02.09.26, 08:07,3,+,6,+,5,+,3,+,1,+,5
010202,02.09.26, 07:52,1,+,2,+,6,+,1,+,4,+,4
010201,02.09.26, 07:37,3,+,4,+,4,+,1,+,4,+,2
010200,02.09.26, 07:22,3,+,2,+,3,+,2,+,2,+,3
010199,02.09.26, 07:07,6,+,5,+,3,+,3,+,5,+,5
010198,02.09.26, 06:52,3,+,6,+,6,+,2,+,4,+,5
010197,02.09.26, 06:37,6,+,1,+,6,+,3,+,5,+,4
010196,02.09.26, 06:22,1,+,1,+,6,+,5,+,3,+,6
010195,02.09.26, 06:07,6,+,2,+,4,+,2,+,4,+,5
010194,02.09.26, 05:52,5,+,4,+,6,+,2,+,2,+,6
010193,02.09.26, 05:37,4,+,2,+,2,+,3,+,1,+,2
010192,02.09.26, 05:22,1,+,3,+,2,+,5,+,6,+,1
010191,02.09.26, 05:07,5,+,6,+,5,+,5,+,5,+,1
010190,02.09.26, 04:52,4,+,6,+,2,+,4,+,6,+,2
010189,02.09.26, 04:37,2,+,1,+,4,+,2,+,5,+,5
010188,02.09.26, 04:22,3,+,3,+,3,+,4,+,2,+,6
010187,02.09.26, 04:07,6,+,6,+,6,+,2,+,3,+,6
010186,02.09.26, 03:52,1,+,3,+,6,+,2,+,5,+,4
010185,02.09.26, 03:37,2,+,2,+,5,+,4,+,6,+,5
010184,02.09.26, 03:22,3,+,4,+,3,+,5,+,2,+,1
010183,02.09.26, 03:07,4,+,3,+,1,+,5,+,4,+,1
010182,02.09.26, 02:52,1,+,5,+,6,+,4,+,1,+,3
010181,02.09.26, 02:37,4,+,2,+,4,+,1,+,2,+,3
010180,02.09.26, 02:22,3,+,3,+,3,+,4,+,4,+,5
010179,02.09.26, 02:07,2,+,2,+,2,+,5,+,1,+,4
010178,02.09.26, 01:52,3,+,2,+,6,+,1,+,2,+,3
010177,02.09.26, 01:37,6,+,1,+,2,+,6,+,6,+,1
010176,02.09.26, 01:22,4,+,5,+,4,+,5,+,2,+,4
010175,02.09.26, 01:07,4,+,2,+,1,+,6,+,5,+,4
010174,02.09.26, 00:52,6,+,1,+,4,+,2,+,3,+,5
010173,02.09.26, 00:37,1,+,4,+,6,+,1,+,2,+,6
010172,02.09.26, 00:22,4,+,6,+,5,+,3,+,6,+,4
010171,02.09.26, 00:07,3,+,1,+,4,+,5,+,2,+,6
010170,01.09.26, 23:52,4,+,2,+,4,+,2,+,1,+,1
010169,01.09.26, 23:37,5,+,2,+,3,+,1,+,2,+,5
010168,01.09.26, 23:22,6,+,2,+,4,+,2,+,2,+,1
010167,01.09.26, 23:07,3,+,3,+,2,+,4,+,2,+,2
010166,01.09.26, 22:52,5,+,4,+,5,+,3,+,4,+,3
010165,01.09.26, 22:37,4,+,5,+,1,+,2,+,4,+,6
010164,01.09.26, 22:22,1,+,2,+,6,+,3,+,1,+,2
010163,01.09.26, 22:07,2,+,5,+,4,+,4,+,5,+,6
010162,01.09.26, 21:52,4,+,3,+,2,+,6,+,6,+,3
010161,01.09.26, 21:37,2,+,2,+,3,+,4,+,5,+,3
010160,01.09.26, 21:22,6,+,3,+,2,+,2,+,2,+,3
010159,01.09.26, 21:07,2,+,5,+,5,+,3,+,4,+,5
010158,01.09.26, 20:52,4,+,3,+,6,+,4,+,1,+,3
010157,01.09.26, 20:37,3,+,2,+,3,+,3,+,3,+,3
010156,01.09.26, 20:22,5,+,2,+,5,+,3,+,4,+,1
010155,01.09.26, 20:07,4,+,2,+,2,+,6,+,2,+,3
010154,01.09.26, 19:52,3,+,4,+,5,+,2,+,3,+,2
010153,01.09.26, 19:37,2,+,4,+,3,+,2,+,4,+,6
010152,01.09.26, 19:22,1,+,5,+,5,+,3,+,4,+,3
010151,01.09.26, 19:07,6,+,3,+,5,+,4,+,2,+,2
010150,01.09.26, 18:52,3,+,4,+,1,+,3,+,6,+,5
010149,01.09.26, 18:37,1,+,3,+,5,+,4,+,6,+,3
010148,01.09.26, 18:22,5,+,1,+,5,+,2,+,3,+,6
010147,01.09.26, 18:07,3,+,1,+,1,+,6,+,5,+,3
010146,01.09.26, 17:52,1,+,4,+,1,+,2,+,4,+,2
010145,01.09.26, 17:37,6,+,4,+,6,+,3,+,1,+,1
010144,01.09.26, 17:22,5,+,1,+,2,+,5,+,3,+,2
010143,01.09.26, 17:07,4,+,2,+,5,+,1,+,4,+,1
010142,01.09.26, 16:52,2,+,6,+,3,+,3,+,3,+,5
010141,01.09.26, 16:37,6,+,6,+,2,+,3,+,4,+,4
010140,01.09.26, 16:22,2,+,5,+,6,+,1,+,6,+,5
010139,01.09.26, 16:07,3,+,1,+,6,+,1,+,2,+,3
010138,01.09.26, 15:52,3,+,4,+,5,+,5,+,3,+,6
010137,01.09.26, 15:37,4,+,2,+,5,+,2,+,2,+,4
010136,01.09.26, 15:22,2,+,1,+,2,+,2,+,4,+,4
010135,01.09.26, 15:07,4,+,6,+,5,+,5,+,6,+,5
010134,01.09.26, 14:52,3,+,3,+,5,+,5,+,5,+,5
010133,01.09.26, 14:37,4,+,3,+,1,+,1,+,3,+,6
010132,01.09.26, 14:22,1,+,6,+,1,+,2,+,6,+,6
010131,01.09.26, 14:07,1,+,5,+,2,+,5,+,5,+,5
010130,01.09.26, 13:52,2,+,1,+,5,+,5,+,4,+,1
010129,01.09.26, 13:37,1,+,1,+,3,+,2,+,5,+,4
010128,01.09.26, 13:22,2,+,4,+,3,+,5,+,2,+,2
010127,01.09.26, 13:07,3,+,5,+,3,+,1,+,3,+,4
010126,01.09.26, 12:52,2,+,2,+,5,+,2,+,6,+,3
010125,01.09.26, 12:37,6,+,2,+,6,+,2,+,3,+,5
010124,01.09.26, 12:22,3,+,3,+,6,+,6,+,4,+,6
010123,01.09.26, 12:07,6,+,4,+,1,+,1,+,2,+,3
010122,01.09.26, 11:52,3,+,4,+,2,+,6,+,3,+,6
010121,01.09.26, 11:37,2,+,5,+,2,+,4,+,2,+,5
010120,01.09.26, 11:22,3,+,6,+,6,+,2,+,3,+,5
010119,01.09.26, 11:07,4,+,2,+,1,+,2,+,4,+,5
010118,01.09.26, 10:52,5,+,2,+,1,+,5,+,2,+,1
010117,01.09.26, 10:37,1,+,3,+,4,+,4,+,6,+,1
010116,01.09.26, 10:22,5,+,2,+,5,+,2,+,2,+,5
010115,01.09.26, 10:07,3,+,3,+,3,+,2,+,6,+,2
010114,01.09.26, 09:52,5,+,5,+,5,+,4,+,2,+,4
010113,01.09.26, 09:37,3,+,5,+,1,+,4,+,2,+,3
010112,01.09.26, 09:22,6,+,6,+,3,+,2,+,2,+,5
010111,01.09.26, 09:07,4,+,2,+,2,+,3,+,5,+,3
010110,01.09.26, 08:52,6,+,4,+,5,+,5,+,2,+,4
010109,01.09.26, 08:37,3,+,5,+,3,+,5,+,3,+,2
010108,01.09.26, 08:22,1,+,2,+,5,+,2,+,2,+,4
010107,01.09.26, 08:07,6,+,1,+,4,+,2,+,1,+,1
010106,01.09.26, 07:52,4,+,4,+,6,+,1,+,3,+,3
010105,01.09.26, 07:37,6,+,4,+,1,+,6,+,1,+,1
010104,01.09.26, 07:22,1,+,6,+,1,+,3,+,3,+,6
010103,01.09.26, 07:07,1,+,6,+,2,+,4,+,6,+,6
010102,01.09.26, 06:52,2,+,6,+,2,+,5,+,5,+,3
010101,01.09.26, 06:37,4,+,3,+,1,+,1,+,4,+,5
010100,01.09.26, 06:22,6,+,5,+,3,+,6,+,2,+,4
010099,01.09.26, 06:07,2,+,2,+,6,+,3,+,3,+,5
010098,01.09.26, 05:52,1,+,4,+,4,+,2,+,5,+,3
010097,01.09.26, 05:37,6,+,1,+,2,+,4,+,5,+,3
010096,01.09.26, 05:22,1,+,3,+,5,+,2,+,1,+,5
010095,01.09.26, 05:07,1,+,2,+,6,+,4,+,3,+,3
010094,01.09.26, 04:52,2,+,1,+,4,+,6,+,3,+,3
010093,01.09.26, 04:37,2,+,2,+,5,+,5,+,2,+,3
010092,01.09.26, 04:22,1,+,1,+,5,+,4,+,6,+,2
010091,01.09.26, 04:07,5,+,6,+,4,+,5,+,6,+,6
010090,01.09.26, 03:52,5,+,4,+,3,+,4,+,2,+,4
010089,01.09.26, 03:37,5,+,2,+,5,+,5,+,3,+,4
010088,01.09.26, 03:22,3,+,1,+,2,+,3,+,2,+,4
010087,01.09.26, 03:07,5,+,4,+,3,+,2,+,3,+,1
010086,01.09.26, 02:52,1,+,3,+,2,+,6,+,4,+,4
010085,01.09.26, 02:37,5,+,3,+,3,+,6,+,1,+,6
010084,01.09.26, 02:22,1,+,6,+,2,+,4,+,2,+,2
010083,01.09.26, 02:07,3,+,1,+,4,+,4,+,1,+,6
010082,01.09.26, 01:52,2,+,3,+,5,+,4,+,4,+,3
010081,01.09.26, 01:37,1,+,6,+,2,+,2,+,3,+,1
010080,01.09.26, 01:22,3,+,4,+,6,+,4,+,5,+,3
010079,01.09.26, 01:07,2,+,2,+,2,+,3,+,4,+,6
010078,01.09.26, 00:52,3,+,3,+,3,+,2,+,2,+,1
010077,01.09.26, 00:37,4,+,4,+,5,+,6,+,2,+,1
010076,01.09.26, 00:22,4,+,2,+,5,+,6,+,2,+,6
010075,01.09.26, 00:07,4,+,2,+,1,+,4,+,4,+,4
010074,31.08.26, 23:07,6,+,2,+,4,+,1,+,4,+,5
010073,31.08.26, 22:52,6,+,1,+,2,+,1,+,6,+,6
010072,31.08.26, 22:37,4,+,6,+,4,+,6,+,4,+,3
010071,31.08.26, 22:22,6,+,1,+,4,+,3,+,3,+,1
010070,31.08.26, 22:07,3,+,5,+,4,+,1,+,6,+,3
010069,31.08.26, 21:52,5,+,6,+,3,+,1,+,3,+,5
010068,31.08.26, 21:37,6,+,1,+,4,+,5,+,2,+,5
010067,31.08.26, 21:22,5,+,5,+,5,+,2,+,1,+,6
010066,31.08.26, 21:07,4,+,2,+,2,+,5,+,1,+,6
010065,31.08.26, 20:52,3,+,5,+,6,+,5,+,2,+,2
010064,31.08.26, 20:37,2,+,6,+,2,+,2,+,2,+,6
010063,31.08.26, 20:22,1,+,3,+,1,+,6,+,1,+,1
010062,31.08.26, 20:07,5,+,6,+,6,+,1,+,5,+,2
010061,31.08.26, 19:52,3,+,3,+,6,+,1,+,1,+,3
010060,31.08.26, 19:37,3,+,5,+,3,+,4,+,3,+,4
010059,31.08.26, 19:22,6,+,2,+,2,+,3,+,6,+,6
010058,31.08.26, 19:07,4,+,1,+,4,+,4,+,3,+,5
010057,31.08.26, 18:52,3,+,3,+,2,+,2,+,5,+,6
010056,31.08.26, 18:37,4,+,6,+,6,+,2,+,2,+,2
010055,31.08.26, 18:22,1,+,3,+,4,+,4,+,2,+,6
010054,31.08.26, 18:07,3,+,3,+,3,+,4,+,1,+,4
010053,31.08.26, 17:52,1,+,5,+,3,+,3,+,4,+,5
010052,31.08.26, 17:37,4,+,3,+,6,+,5,+,2,+,4
010051,31.08.26, 17:22,2,+,2,+,1,+,1,+,6,+,5
010050,31.08.26, 17:07,4,+,2,+,1,+,5,+,5,+,6
010049,31.08.26, 16:52,1,+,2,+,6,+,2,+,3,+,3
010048,31.08.26, 16:37,6,+,6,+,5,+,6,+,3,+,3
010047,31.08.26, 16:22,1,+,4,+,5,+,1,+,2,+,4
010046,31.08.26, 16:07,1,+,1,+,1,+,5,+,3,+,6
010045,31.08.26, 15:52,1,+,1,+,4,+,4,+,5,+,2
010044,31.08.26, 15:37,1,+,6,+,5,+,2,+,5,+,1
010043,31.08.26, 15:22,5,+,3,+,6,+,4,+,4,+,6
010042,31.08.26, 15:07,4,+,3,+,1,+,5,+,2,+,5
010041,31.08.26, 14:52,1,+,6,+,4,+,1,+,5,+,4
010040,31.08.26, 14:37,1,+,1,+,5,+,5,+,2,+,1
010039,31.08.26, 14:22,6,+,3,+,6,+,1,+,2,+,1
010038,31.08.26, 14:07,1,+,3,+,6,+,3,+,5,+,1
010037,31.08.26, 13:52,4,+,4,+,6,+,1,+,4,+,1
010036,31.08.26, 13:37,1,+,6,+,2,+,1,+,1,+,6
010035,31.08.26, 13:22,5,+,6,+,5,+,2,+,2,+,5
010034,31.08.26, 13:07,1,+,4,+,3,+,3,+,1,+,6
010033,31.08.26, 12:52,3,+,2,+,1,+,4,+,2,+,3
010032,31.08.26, 12:37,1,+,3,+,1,+,1,+,5,+,4
010031,31.08.26, 12:22,4,+,6,+,6,+,5,+,5,+,1
010030,31.08.26, 12:07,4,+,1,+,3,+,6,+,2,+,4
010029,31.08.26, 11:52,2,+,6,+,2,+,3,+,3,+,2
010028,31.08.26, 11:37,1,+,2,+,3,+,4,+,6,+,6
010027,31.08.26, 11:22,1,+,2,+,3,+,3,+,3,+,4
010026,31.08.26, 11:07,5,+,4,+,4,+,4,+,2,+,2
010025,31.08.26, 10:52,1,+,6,+,3,+,5,+,5,+,4
010024,31.08.26, 10:37,4,+,6,+,6,+,1,+,1,+,5
010023,31.08.26, 10:22,6,+,6,+,5,+,2,+,3,+,4
010022,31.08.26, 10:07,5,+,1,+,2,+,1,+,6,+,2
010021,31.08.26, 09:52,1,+,3,+,3,+,4,+,5,+,4
010020,31.08.26, 09:37,3,+,6,+,5,+,4,+,4,+,5
010019,31.08.26, 09:22,1,+,6,+,4,+,1,+,2,+,6
010018,31.08.26, 09:07,3,+,3,+,1,+,2,+,1,+,3
010017,31.08.26, 08:52,6,+,3,+,6,+,4,+,4,+,4
010016,31.08.26, 08:37,1,+,2,+,4,+,6,+,4,+,5
010015,31.08.26, 08:22,3,+,1,+,6,+,1,+,5,+,5
010014,31.08.26, 08:07,2,+,3,+,6,+,1,+,4,+,5
010013,31.08.26, 07:52,6,+,3,+,4,+,2,+,3,+,4
010012,31.08.26, 07:37,4,+,2,+,4,+,1,+,1,+,2
010011,31.08.26, 07:22,5,+,3,+,3,+,1,+,2,+,4
010010,31.08.26, 07:07,3,+,2,+,2,+,4,+,1,+,1
010009,31.08.26, 06:52,3,+,2,+,6,+,1,+,5,+,6
010008,31.08.26, 06:37,4,+,1,+,5,+,3,+,2,+,4
010007,31.08.26, 06:22,4,+,3,+,4,+,3,+,4,+,2
010006,31.08.26, 06:07,6,+,2,+,2,+,4,+,6,+,6
010005,31.08.26, 05:52,4,+,4,+,1,+,4,+,3,+,1
010004,31.08.26, 05:37,4,+,2,+,4,+,5,+,5,+,2
010003,31.08.26, 05:22,2,+,6,+,5,+,6,+,5,+,3
010002,31.08.26, 05:07,2,+,2,+,4,+,5,+,3,+,4
010001,31.08.26, 04:52,4,+,1,+,1,+,1,+,6,+,5
010000,31.08.26, 04:37,3,+,5,+,5,+,1,+,4,+,3
009999,31.08.26, 04:22,1,+,1,+,5,+,1,+,4,+,2
009998,31.08.26, 04:07,1,+,3,+,4,+,1,+,5,+,1
009997,31.08.26, 03:52,2,+,4,+,4,+,3,+,6,+,5
009996,31.08.26, 03:37,2,+,2,+,1,+,5,+,3,+,2
009995,31.08.26, 03:22,6,+,2,+,3,+,1,+,2,+,3
009994,31.08.26, 03:07,4,+,4,+,3,+,5,+,3,+,6
009993,31.08.26, 02:52,5,+,3,+,6,+,2,+,1,+,4
009992,31.08.26, 02:37,1,+,3,+,5,+,1,+,5,+,2
009991,31.08.26, 02:22,2,+,4,+,3,+,2,+,5,+,6
009990,31.08.26, 02:07,3,+,6,+,1,+,3,+,4,+,2
009989,31.08.26, 01:52,2,+,4,+,1,+,3,+,5,+,1
009988,31.08.26, 01:37,5,+,1,+,2,+,6,+,3,+,4
009987,31.08.26, 01:22,2,+,2,+,1,+,2,+,1,+,4
009986,31.08.26, 01:07,4,+,1,+,2,+,2,+,1,+,6
009985,31.08.26, 00:52,5,+,3,+,1,+,5,+,6,+,5
009984,31.08.26, 00:37,2,+,6,+,2,+,4,+,6,+,3
009983,31.08.26, 00:22,4,+,6,+,3,+,3,+,2,+,4
009982,31.08.26, 00:07,5,+,5,+,3,+,4,+,1,+,5
009981,30.08.26, 23:52,1,+,1,+,5,+,5,+,2,+,6
009980,30.08.26, 23:37,4,+,3,+,4,+,2,+,1,+,4
009979,30.08.26, 23:22,2,+,4,+,3,+,6,+,6,+,4
009978,30.08.26, 23:07,6,+,1,+,6,+,2,+,5,+,6
009977,30.08.26, 22:52,5,+,5,+,5,+,6,+,4,+,5
009976,30.08.26, 22:37,1,+,2,+,3,+,4,+,5,+,3
009975,30.08.26, 22:22,6,+,5,+,6,+,6,+,4,+,2
009974,30.08.26, 22:07,1,+,3,+,6,+,6,+,3,+,6
009973,30.08.26, 21:52,4,+,3,+,6,+,4,+,1,+,3
009972,30.08.26, 21:37,3,+,6,+,3,+,5,+,6,+,1
009971,30.08.26, 21:22,3,+,6,+,6,+,5,+,3,+,1
009970,30.08.26, 21:07,3,+,2,+,6,+,3,+,6,+,3
009969,30.08.26, 20:52,6,+,3,+,3,+,1,+,6,+,6
009968,30.08.26, 20:37,1,+,2,+,4,+,4,+,5,+,3
009967,30.08.26, 20:22,3,+,6,+,5,+,6,+,2,+,6
009966,30.08.26, 20:07,3,+,1,+,4,+,2,+,3,+,4
009965,30.08.26, 19:52,3,+,3,+,1,+,1,+,6,+,1
009964,30.08.26, 19:37,4,+,3,+,2,+,3,+,4,+,1
009963,30.08.26, 19:22,4,+,3,+,3,+,2,+,2,+,4
009962,30.08.26, 19:07,3,+,5,+,2,+,6,+,2,+,1
009961,30.08.26, 18:52,1,+,3,+,4,+,2,+,3,+,6
009960,30.08.26, 18:37,6,+,5,+,1,+,5,+,5,+,2
009959,30.08.26, 18:22,2,+,6,+,2,+,3,+,1,+,3
009958,30.08.26, 18:07,3,+,5,+,5,+,4,+,4,+,5
009957,30.08.26, 17:52,5,+,1,+,5,+,2,+,5,+,1
009956,30.08.26, 17:37,6,+,1,+,5,+,3,+,2,+,4
009955,30.08.26, 17:22,2,+,5,+,1,+,2,+,4,+,3
009954,30.08.26, 17:07,1,+,2,+,4,+,1,+,3,+,3
009953,30.08.26, 16:52,6,+,3,+,5,+,2,+,4,+,2
009952,30.08.26, 16:37,2,+,2,+,2,+,5,+,3,+,5
009951,30.08.26, 16:22,5,+,3,+,1,+,4,+,6,+,5
009950,30.08.26, 16:07,5,+,6,+,4,+,3,+,5,+,2
009949,30.08.26, 15:52,6,+,1,+,5,+,3,+,6,+,1
009948,30.08.26, 15:37,6,+,3,+,4,+,1,+,4,+,3
009947,30.08.26, 15:22,2,+,3,+,4,+,2,+,4,+,6
009946,30.08.26, 15:07,5,+,3,+,5,+,3,+,6,+,6
009945,30.08.26, 14:52,5,+,3,+,2,+,3,+,6,+,3
009944,30.08.26, 14:37,2,+,5,+,1,+,1,+,2,+,5
009943,30.08.26, 14:22,6,+,1,+,5,+,2,+,6,+,2
009942,30.08.26, 14:07,6,+,6,+,4,+,1,+,2,+,1
009941,30.08.26, 13:52,5,+,2,+,2,+,4,+,1,+,2
009940,30.08.26, 13:37,2,+,6,+,1,+,5,+,6,+,5
009939,30.08.26, 13:22,1,+,4,+,2,+,2,+,6,+,6
009938,30.08.26, 13:07,1,+,1,+,4,+,3,+,3,+,2
009937,30.08.26, 12:52,4,+,1,+,6,+,5,+,5,+,3
009936,30.08.26, 12:37,2,+,6,+,6,+,1,+,2,+,4
009935,30.08.26, 12:22,6,+,1,+,3,+,5,+,2,+,3
009934,30.08.26, 12:07,1,+,6,+,2,+,1,+,1,+,1
009933,30.08.26, 11:52,1,+,1,+,6,+,3,+,2,+,2
009932,30.08.26, 11:37,5,+,1,+,1,+,3,+,3,+,1
009931,30.08.26, 11:22,4,+,4,+,4,+,6,+,2,+,1
009930,30.08.26, 11:07,2,+,6,+,6,+,3,+,4,+,2
009929,30.08.26, 10:52,6,+,1,+,6,+,2,+,4,+,3
009928,30.08.26, 10:37,3,+,2,+,3,+,6,+,3,+,5
009927,30.08.26, 10:22,2,+,1,+,1,+,1,+,1,+,1
009926,30.08.26, 10:07,4,+,3,+,2,+,5,+,5,+,6
009925,30.08.26, 09:52,4,+,4,+,6,+,4,+,3,+,2
009924,30.08.26, 09:37,2,+,2,+,2,+,3,+,3,+,5
009923,30.08.26, 09:22,4,+,3,+,2,+,4,+,5,+,4
009922,30.08.26, 09:07,2,+,4,+,5,+,2,+,3,+,5
009921,30.08.26, 08:52,5,+,1,+,5,+,1,+,1,+,1
009920,30.08.26, 08:37,2,+,2,+,5,+,1,+,2,+,6
009919,30.08.26, 08:22,2,+,6,+,4,+,5,+,2,+,4
009918,30.08.26, 08:07,2,+,4,+,2,+,1,+,1,+,2
009917,30.08.26, 07:52,5,+,1,+,2,+,6,+,3,+,3
009916,30.08.26, 07:37,1,+,1,+,1,+,6,+,5,+,1
009915,30.08.26, 07:22,1,+,4,+,4,+,5,+,5,+,3
009914,30.08.26, 07:07,4,+,5,+,6,+,4,+,1,+,3
009913,30.08.26, 06:52,4,+,2,+,3,+,3,+,1,+,3
009912,30.08.26, 06:37,3,+,3,+,4,+,5,+,6,+,5
009911,30.08.26, 06:22,1,+,4,+,1,+,2,+,2,+,2
009910,30.08.26, 06:07,5,+,4,+,1,+,4,+,1,+,4
009909,30.08.26, 05:52,3,+,5,+,5,+,4,+,5,+,1
009908,30.08.26, 05:37,5,+,1,+,2,+,2,+,2,+,3
009907,30.08.26, 05:22,5,+,4,+,4,+,4,+,6,+,3
009906,30.08.26, 05:07,6,+,1,+,2,+,3,+,1,+,2
009905,30.08.26, 04:52,6,+,4,+,3,+,6,+,6,+,4
009904,30.08.26, 04:37,1,+,5,+,1,+,2,+,1,+,2
009903,30.08.26, 04:22,3,+,5,+,1,+,6,+,6,+,1
009902,30.08.26, 04:07,5,+,5,+,5,+,2,+,1,+,2
009901,30.08.26, 03:52,2,+,6,+,5,+,5,+,2,+,3
009900,30.08.26, 03:37,1,+,6,+,1,+,1,+,4,+,1
009899,30.08.26, 03:22,2,+,6,+,3,+,2,+,1,+,3
009898,30.08.26, 03:07,6,+,2,+,6,+,6,+,6,+,6
009897,30.08.26, 02:52,2,+,3,+,3,+,5,+,4,+,1
009896,30.08.26, 02:37,6,+,3,+,2,+,5,+,4,+,6
009895,30.08.26, 02:22,4,+,4,+,6,+,5,+,5,+,5
009894,30.08.26, 02:07,2,+,4,+,6,+,2,+,4,+,6
009893,30.08.26, 01:52,2,+,5,+,5,+,4,+,2,+,5
009892,30.08.26, 01:37,2,+,5,+,1,+,6,+,3,+,4
009891,30.08.26, 01:22,4,+,6,+,1,+,5,+,6,+,3
009890,30.08.26, 01:07,2,+,1,+,2,+,5,+,4,+,5
009889,30.08.26, 00:52,4,+,5,+,2,+,1,+,5,+,4
009888,30.08.26, 00:37,3,+,2,+,3,+,2,+,1,+,2
009887,30.08.26, 00:22,4,+,6,+,3,+,5,+,3,+,6
009886,30.08.26, 00:07,4,+,2,+,1,+,2,+,1,+,1
009885,29.08.26, 23:52,6,+,5,+,3,+,3,+,6,+,6
009884,29.08.26, 23:37,3,+,1,+,5,+,4,+,3,+,1
009883,29.08.26, 23:22,3,+,2,+,3,+,3,+,2,+,2
009882,29.08.26, 23:07,3,+,4,+,3,+,5,+,4,+,4
009881,29.08.26, 22:52,4,+,5,+,6,+,4,+,5,+,1
009880,29.08.26, 22:37,2,+,5,+,5,+,2,+,6,+,6
009879,29.08.26, 22:22,4,+,6,+,4,+,5,+,6,+,3
009878,29.08.26, 22:07,1,+,2,+,1,+,4,+,5,+,6
009877,29.08.26, 21:52,2,+,2,+,1,+,2,+,5,+,4
009876,29.08.26, 21:37,1,+,1,+,2,+,3,+,5,+,6
009875,29.08.26, 21:22,3,+,6,+,5,+,3,+,5,+,4
009874,29.08.26, 21:07,5,+,6,+,4,+,5,+,2,+,5
009873,29.08.26, 20:52,1,+,1,+,2,+,4,+,4,+,4
009872,29.08.26, 20:37,3,+,2,+,3,+,3,+,6,+,3
009871,29.08.26, 20:22,6,+,2,+,4,+,1,+,4,+,1
009870,29.08.26, 20:07,2,+,4,+,4,+,1,+,5,+,1
009869,29.08.26, 19:52,6,+,3,+,4,+,3,+,4,+,4
009868,29.08.26, 19:37,2,+,1,+,5,+,4,+,6,+,1
009867,29.08.26, 19:22,3,+,3,+,1,+,2,+,5,+,4
009866,29.08.26, 19:07,2,+,5,+,6,+,4,+,4,+,2
009865,29.08.26, 18:52,4,+,4,+,3,+,6,+,2,+,3
009864,29.08.26, 18:37,6,+,3,+,1,+,3,+,2,+,1
009863,29.08.26, 18:22,4,+,6,+,3,+,3,+,1,+,6
009862,29.08.26, 18:07,5,+,4,+,3,+,4,+,1,+,3
009861,29.08.26, 17:52,4,+,3,+,6,+,4,+,2,+,4
009860,29.08.26, 17:37,2,+,1,+,3,+,2,+,2,+,5
009859,29.08.26, 17:22,2,+,5,+,2,+,2,+,3,+,4
009858,29.08.26, 17:07,3,+,1,+,6,+,2,+,5,+,6
009857,29.08.26, 16:52,3,+,4,+,5,+,4,+,6,+,3
009856,29.08.26, 16:37,5,+,2,+,6,+,1,+,6,+,2
009855,29.08.26, 16:22,5,+,5,+,5,+,2,+,4,+,1
009854,29.08.26, 16:07,1,+,3,+,5,+,1,+,5,+,4
009853,29.08.26, 15:52,3,+,2,+,3,+,3,+,2,+,2
009852,29.08.26, 15:37,4,+,6,+,3,+,6,+,2,+,3
009851,29.08.26, 15:22,6,+,5,+,5,+,1,+,5,+,4
009850,29.08.26, 15:07,3,+,5,+,4,+,5,+,3,+,4
009849,29.08.26, 14:52,3,+,1,+,1,+,2,+,1,+,3
009848,29.08.26, 14:37,6,+,4,+,2,+,3,+,1,+,2
009847,29.08.26, 14:22,6,+,1,+,4,+,1,+,6,+,5
009846,29.08.26, 14:07,3,+,4,+,4,+,4,+,5,+,2
009845,29.08.26, 13:52,4,+,5,+,3,+,6,+,6,+,4
009844,29.08.26, 13:37,5,+,2,+,3,+,4,+,6,+,2
009843,29.08.26, 13:22,1,+,5,+,2,+,1,+,2,+,1
009842,29.08.26, 13:07,2,+,6,+,2,+,4,+,2,+,4
009841,29.08.26, 12:52,5,+,3,+,6,+,3,+,2,+,6
009840,29.08.26, 12:37,1,+,2,+,2,+,4,+,2,+,2
009839,29.08.26, 12:22,6,+,4,+,4,+,6,+,3,+,4
009838,29.08.26, 12:07,2,+,6,+,1,+,6,+,5,+,3
009837,29.08.26, 11:52,4,+,1,+,3,+,3,+,3,+,1
009836,29.08.26, 11:37,3,+,2,+,1,+,1,+,2,+,2
009835,29.08.26, 11:22,3,+,5,+,4,+,3,+,5,+,2
009834,29.08.26, 11:07,6,+,3,+,6,+,6,+,4,+,3
009833,29.08.26, 10:52,5,+,6,+,5,+,1,+,2,+,2
009832,29.08.26, 10:37,2,+,4,+,5,+,4,+,6,+,1
009831,29.08.26, 10:22,6,+,2,+,4,+,6,+,5,+,4
009830,29.08.26, 10:07,2,+,6,+,2,+,3,+,5,+,5
009829,29.08.26, 09:52,2,+,2,+,6,+,6,+,5,+,4
009828,29.08.26, 09:37,6,+,1,+,2,+,1,+,4,+,5
009827,29.08.26, 09:22,5,+,3,+,5,+,2,+,6,+,5
009826,29.08.26, 09:07,4,+,4,+,2,+,4,+,5,+,4
009825,29.08.26, 08:52,2,+,2,+,2,+,5,+,2,+,1
009824,29.08.26, 08:37,2,+,3,+,4,+,4,+,2,+,4
009823,29.08.26, 08:22,1,+,4,+,1,+,5,+,3,+,2
009822,29.08.26, 08:07,5,+,1,+,2,+,1,+,6,+,2
009821,29.08.26, 07:52,3,+,1,+,1,+,4,+,4,+,2
009820,29.08.26, 07:37,4,+,5,+,2,+,3,+,2,+,4
009819,29.08.26, 07:22,2,+,5,+,4,+,4,+,4,+,5
009818,29.08.26, 07:07,5,+,3,+,3,+,5,+,6,+,5
009817,29.08.26, 06:52,6,+,5,+,2,+,5,+,2,+,1
009816,29.08.26, 06:37,1,+,5,+,2,+,5,+,1,+,5
009815,29.08.26, 06:22,4,+,1,+,1,+,6,+,1,+,1
009814,29.08.26, 06:07,1,+,4,+,2,+,4,+,5,+,4
009813,29.08.26, 05:52,4,+,5,+,3,+,3,+,4,+,4
009812,29.08.26, 05:37,1,+,4,+,6,+,5,+,2,+,3
009811,29.08.26, 05:22,3,+,1,+,2,+,6,+,6,+,3
009810,29.08.26, 05:07,6,+,5,+,2,+,6,+,3,+,6
009809,29.08.26, 04:52,4,+,2,+,3,+,2,+,2,+,4
009808,29.08.26, 04:37,5,+,2,+,3,+,3,+,5,+,2
009807,29.08.26, 04:22,2,+,2,+,6,+,3,+,6,+,4
009806,29.08.26, 04:07,2,+,5,+,4,+,1,+,3,+,5
009805,29.08.26, 03:52,4,+,5,+,4,+,3,+,5,+,6
009804,29.08.26, 03:37,5,+,5,+,1,+,5,+,1,+,1
009803,29.08.26, 03:22,1,+,5,+,4,+,5,+,6,+,6
009802,29.08.26, 03:07,3,+,5,+,4,+,4,+,6,+,6
009801,29.08.26, 02:52,4,+,1,+,6,+,6,+,3,+,6
009800,29.08.26, 02:37,5,+,5,+,1,+,3,+,4,+,2
009799,29.08.26, 02:22,1,+,3,+,3,+,1,+,1,+,1
009798,29.08.26, 02:07,2,+,6,+,3,+,3,+,4,+,5
009797,29.08.26, 01:52,2,+,4,+,5,+,2,+,2,+,6
009796,29.08.26, 01:37,5,+,4,+,2,+,6,+,5,+,3
009795,29.08.26, 01:22,6,+,3,+,6,+,2,+,4,+,6
009794,29.08.26, 01:07,5,+,1,+,4,+,6,+,6,+,3
009793,29.08.26, 00:52,3,+,3,+,2,+,4,+,4,+,3
009792,29.08.26, 00:37,6,+,1,+,4,+,5,+,4,+,6
009791,29.08.26, 00:22,1,+,5,+,6,+,4,+,1,+,6
009790,29.08.26, 00:07,6,+,1,+,5,+,4,+,1,+,1
009789,28.08.26, 23:52,3,+,3,+,6,+,5,+,2,+,1
009788,28.08.26, 23:37,1,+,6,+,4,+,3,+,5,+,6
009787,28.08.26, 23:22,1,+,1,+,1,+,5,+,6,+,5
009786,28.08.26, 23:07,5,+,2,+,4,+,1,+,3,+,2
009785,28.08.26, 22:52,1,+,1,+,3,+,6,+,4,+,1
009784,28.08.26, 22:37,5,+,6,+,1,+,5,+,2,+,5
009783,28.08.26, 22:22,4,+,2,+,5,+,2,+,6,+,3
009782,28.08.26, 22:07,1,+,4,+,2,+,2,+,1,+,4
009781,28.08.26, 21:52,5,+,2,+,5,+,1,+,2,+,6
009780,28.08.26, 21:37,4,+,3,+,2,+,5,+,1,+,1
009779,28.08.26, 21:22,4,+,1,+,2,+,1,+,4,+,3
009778,28.08.26, 21:07,6,+,5,+,5,+,5,+,3,+,6
009777,28.08.26, 20:52,4,+,6,+,5,+,1,+,2,+,4
009776,28.08.26, 20:37,1,+,2,+,1,+,1,+,6,+,3
009775,28.08.26, 20:22,1,+,6,+,2,+,4,+,2,+,6
009774,28.08.26, 20:07,3,+,4,+,5,+,1,+,3,+,4
009773,28.08.26, 19:52,5,+,4,+,5,+,5,+,6,+,1
009772,28.08.26, 19:37,2,+,4,+,1,+,6,+,5,+,1
009771,28.08.26, 19:22,2,+,3,+,4,+,6,+,5,+,4
009770,28.08.26, 19:07,1,+,4,+,2,+,6,+,4,+,4
009769,28.08.26, 18:52,4,+,5,+,6,+,3,+,4,+,2
009768,28.08.26, 18:37,1,+,4,+,2,+,5,+,3,+,2
009767,28.08.26, 18:22,3,+,1,+,4,+,6,+,4,+,2
009766,28.08.26, 18:07,3,+,4,+,6,+,2,+,6,+,2
009765,28.08.26, 17:52,2,+,6,+,6,+,5,+,2,+,5
009764,28.08.26, 17:37,3,+,5,+,2,+,2,+,2,+,5
009763,28.08.26, 17:22,5,+,6,+,5,+,4,+,5,+,5
009762,28.08.26, 17:07,2,+,1,+,3,+,5,+,5,+,3
009761,28.08.26, 16:52,2,+,5,+,3,+,4,+,4,+,2
009760,28.08.26, 16:37,2,+,3,+,2,+,4,+,4,+,6
009759,28.08.26, 16:22,4,+,4,+,1,+,6,+,5,+,1
009758,28.08.26, 16:07,2,+,4,+,2,+,6,+,3,+,4
009757,28.08.26, 15:52,2,+,5,+,6,+,6,+,6,+,3
009756,28.08.26, 15:37,1,+,4,+,2,+,6,+,2,+,6
009755,28.08.26, 15:22,4,+,3,+,1,+,1,+,3,+,2
009754,28.08.26, 15:07,1,+,3,+,5,+,2,+,3,+,3
009753,28.08.26, 14:52,4,+,2,+,5,+,3,+,4,+,4
009752,28.08.26, 14:37,1,+,4,+,6,+,1,+,5,+,2
009751,28.08.26, 14:22,3,+,5,+,1,+,1,+,5,+,6
009750,28.08.26, 14:07,1,+,4,+,2,+,3,+,1,+,3
009749,28.08.26, 13:52,1,+,3,+,1,+,5,+,2,+,6
009748,28.08.26, 13:37,3,+,4,+,4,+,2,+,2,+,2
009747,28.08.26, 13:22,5,+,1,+,4,+,5,+,5,+,4
009746,28.08.26, 13:07,5,+,6,+,1,+,6,+,5,+,5
009745,28.08.26, 12:52,1,+,3,+,2,+,2,+,4,+,5
009744,28.08.26, 12:37,4,+,3,+,3,+,3,+,2,+,3
009743,28.08.26, 12:22,6,+,2,+,1,+,6,+,6,+,2
009742,28.08.26, 12:07,4,+,6,+,5,+,5,+,2,+,6
009741,28.08.26, 11:52,3,+,6,+,2,+,2,+,6,+,4
009740,28.08.26, 11:37,3,+,5,+,3,+,2,+,1,+,3
009739,28.08.26, 11:22,6,+,3,+,2,+,1,+,4,+,3
009738,28.08.26, 11:07,6,+,4,+,6,+,2,+,3,+,5
009737,28.08.26, 10:52,3,+,6,+,2,+,1,+,1,+,6
009736,28.08.26, 10:37,3,+,5,+,4,+,2,+,6,+,5
009735,28.08.26, 10:22,5,+,6,+,4,+,6,+,2,+,5
009734,28.08.26, 10:07,5,+,5,+,4,+,6,+,5,+,5
009733,28.08.26, 09:52,4,+,3,+,1,+,6,+,4,+,4
009732,28.08.26, 09:37,6,+,5,+,4,+,4,+,2,+,4
009731,28.08.26, 09:22,2,+,2,+,1,+,1,+,1,+,3
009730,28.08.26, 09:07,1,+,2,+,3,+,1,+,2,+,5
009729,28.08.26, 08:52,6,+,2,+,1,+,6,+,1,+,2
009728,28.08.26, 08:37,4,+,6,+,2,+,1,+,5,+,4
009727,28.08.26, 08:22,5,+,1,+,5,+,6,+,1,+,6
009726,28.08.26, 08:07,6,+,5,+,2,+,1,+,3,+,6
009725,28.08.26, 07:52,6,+,3,+,1,+,6,+,1,+,6
009724,28.08.26, 07:37,3,+,1,+,4,+,4,+,3,+,5
009723,28.08.26, 07:22,4,+,1,+,6,+,5,+,4,+,5
009722,28.08.26, 07:07,5,+,3,+,1,+,3,+,4,+,3
009721,28.08.26, 06:52,1,+,6,+,3,+,1,+,4,+,5
009720,28.08.26, 06:37,6,+,1,+,6,+,4,+,3,+,2
009719,28.08.26, 06:22,3,+,3,+,3,+,3,+,1,+,4
009718,28.08.26, 06:07,3,+,2,+,6,+,5,+,1,+,3
009717,28.08.26, 05:52,2,+,5,+,1,+,2,+,6,+,1
009716,28.08.26, 05:37,4,+,4,+,5,+,5,+,3,+,3
009715,28.08.26, 05:22,3,+,3,+,5,+,2,+,5,+,3
009714,28.08.26, 05:07,1,+,5,+,6,+,2,+,1,+,1
009713,28.08.26, 04:52,6,+,1,+,4,+,2,+,5,+,6
009712,28.08.26, 04:37,1,+,4,+,1,+,6,+,3,+,5
009711,28.08.26, 04:22,5,+,3,+,4,+,4,+,1,+,6
009710,28.08.26, 04:07,6,+,4,+,3,+,1,+,5,+,1
009709,28.08.26, 03:52,2,+,1,+,2,+,3,+,1,+,3
009708,28.08.26, 03:37,3,+,1,+,4,+,6,+,4,+,5
009707,28.08.26, 03:22,5,+,1,+,3,+,1,+,3,+,1
009706,28.08.26, 03:07,2,+,2,+,2,+,4,+,2,+,2
009705,28.08.26, 02:52,6,+,4,+,1,+,4,+,4,+,5
009704,28.08.26, 02:37,3,+,1,+,5,+,4,+,4,+,2
009703,28.08.26, 02:22,4,+,6,+,5,+,2,+,3,+,6
009702,28.08.26, 02:07,3,+,3,+,2,+,1,+,1,+,6
009701,28.08.26, 01:52,2,+,6,+,5,+,5,+,6,+,6
009700,28.08.26, 01:37,5,+,1,+,3,+,1,+,3,+,1
009699,28.08.26, 01:22,1,+,4,+,1,+,3,+,3,+,1
009698,28.08.26, 01:07,5,+,4,+,1,+,6,+,4,+,6
009697,28.08.26, 00:52,6,+,3,+,5,+,6,+,4,+,6
009696,28.08.26, 00:37,1,+,4,+,5,+,1,+,1,+,2
009695,28.08.26, 00:22,1,+,3,+,5,+,4,+,5,+,4
009694,28.08.26, 00:07,6,+,3,+,1,+,3,+,2,+,1
009693,27.08.26, 23:52,2,+,3,+,4,+,6,+,2,+,6
009692,27.08.26, 23:37,2,+,6,+,4,+,6,+,3,+,1
009691,27.08.26, 23:22,6,+,4,+,2,+,1,+,3,+,2
009690,27.08.26, 23:07,2,+,5,+,5,+,3,+,5,+,3
009689,27.08.26, 22:52,2,+,1,+,2,+,2,+,3,+,3
009688,27.08.26, 22:37,1,+,5,+,5,+,2,+,6,+,5
009687,27.08.26, 22:22,2,+,2,+,5,+,1,+,3,+,1
009686,27.08.26, 22:07,3,+,4,+,6,+,2,+,1,+,2
009685,27.08.26, 21:52,4,+,5,+,1,+,2,+,5,+,3
009684,27.08.26, 21:37,6,+,6,+,2,+,4,+,4,+,5
009683,27.08.26, 21:22,3,+,2,+,5,+,5,+,2,+,4
009682,27.08.26, 21:07,1,+,4,+,2,+,1,+,1,+,1
009681,27.08.26, 20:52,6,+,6,+,3,+,6,+,3,+,5
009680,27.08.26, 20:37,1,+,6,+,4,+,3,+,3,+,2
009679,27.08.26, 20:22,6,+,4,+,2,+,6,+,3,+,5
009678,27.08.26, 20:07,3,+,3,+,4,+,3,+,3,+,6
009677,27.08.26, 19:52,1,+,2,+,6,+,3,+,4,+,5
009676,27.08.26, 19:37,4,+,4,+,2,+,5,+,6,+,1
009675,27.08.26, 19:22,2,+,5,+,6,+,3,+,4,+,5
009674,27.08.26, 19:07,1,+,4,+,5,+,3,+,3,+,4
009673,27.08.26, 18:52,2,+,5,+,3,+,4,+,5,+,4
009672,27.08.26, 18:37,2,+,6,+,2,+,5,+,6,+,3
009671,27.08.26, 18:22,6,+,3,+,3,+,1,+,5,+,2
009670,27.08.26, 18:07,2,+,6,+,4,+,1,+,2,+,5
009669,27.08.26, 17:52,1,+,2,+,4,+,3,+,1,+,6
009668,27.08.26, 17:37,6,+,6,+,3,+,2,+,1,+,4
009667,27.08.26, 17:22,2,+,2,+,4,+,2,+,1,+,3
009666,27.08.26, 17:07,4,+,4,+,3,+,5,+,3,+,3
009665,27.08.26, 16:52,3,+,4,+,2,+,6,+,5,+,2
009664,27.08.26, 16:37,3,+,5,+,5,+,5,+,3,+,4
009663,27.08.26, 16:22,4,+,3,+,4,+,6,+,4,+,6
009662,27.08.26, 16:07,1,+,5,+,2,+,5,+,3,+,2
009661,27.08.26, 15:52,5,+,2,+,2,+,1,+,3,+,5
009660,27.08.26, 15:37,3,+,2,+,4,+,5,+,5,+,6
009659,27.08.26, 15:22,4,+,3,+,3,+,2,+,2,+,5
009658,27.08.26, 15:07,4,+,4,+,3,+,5,+,6,+,1
009657,27.08.26, 14:52,6,+,2,+,2,+,1,+,5,+,6
009656,27.08.26, 14:37,2,+,1,+,3,+,2,+,5,+,2
009655,27.08.26, 14:22,6,+,4,+,2,+,5,+,6,+,6
009654,27.08.26, 14:07,6,+,2,+,3,+,4,+,4,+,4
009653,27.08.26, 13:52,1,+,6,+,4,+,1,+,6,+,2
009652,27.08.26, 13:37,6,+,2,+,3,+,1,+,6,+,3
009651,27.08.26, 13:22,2,+,6,+,6,+,2,+,6,+,3
009650,27.08.26, 13:07,6,+,5,+,6,+,6,+,1,+,2
009649,27.08.26, 12:52,3,+,2,+,5,+,3,+,1,+,1
009648,27.08.26, 12:37,3,+,5,+,1,+,3,+,2,+,6
009647,27.08.26, 12:22,2,+,5,+,6,+,3,+,2,+,3
009646,27.08.26, 12:07,6,+,2,+,6,+,1,+,5,+,1
009645,27.08.26, 11:52,4,+,3,+,2,+,4,+,4,+,1
009644,27.08.26, 11:37,2,+,3,+,4,+,3,+,2,+,2
009643,27.08.26, 11:22,4,+,5,+,6,+,5,+,1,+,6
009642,27.08.26, 11:07,6,+,3,+,1,+,6,+,6,+,6
009641,27.08.26, 10:52,2,+,5,+,1,+,4,+,1,+,3
009640,27.08.26, 10:37,6,+,3,+,6,+,6,+,5,+,4
009639,27.08.26, 10:22,2,+,5,+,4,+,2,+,5,+,3
009638,27.08.26, 10:07,4,+,4,+,1,+,3,+,6,+,2
009637,27.08.26, 09:52,3,+,1,+,1,+,6,+,3,+,3
009636,27.08.26, 09:37,1,+,2,+,5,+,2,+,1,+,5
009635,27.08.26, 09:22,3,+,1,+,1,+,3,+,5,+,3
009634,27.08.26, 09:07,1,+,5,+,5,+,3,+,3,+,1
009633,27.08.26, 08:52,4,+,4,+,3,+,6,+,1,+,1
009632,27.08.26, 08:37,3,+,1,+,3,+,4,+,6,+,2
009631,27.08.26, 08:22,5,+,5,+,6,+,1,+,1,+,1
009630,27.08.26, 08:07,4,+,4,+,4,+,3,+,6,+,6
009629,27.08.26, 07:52,6,+,2,+,3,+,6,+,4,+,6
009628,27.08.26, 07:37,3,+,5,+,1,+,3,+,2,+,4
009627,27.08.26, 07:22,2,+,2,+,1,+,2,+,4,+,6
009626,27.08.26, 07:07,6,+,5,+,2,+,6,+,6,+,5
009625,27.08.26, 06:52,6,+,4,+,4,+,3,+,5,+,2
009624,27.08.26, 06:37,3,+,2,+,4,+,4,+,3,+,3
009623,27.08.26, 06:22,1,+,2,+,1,+,2,+,6,+,2
009622,27.08.26, 06:07,3,+,3,+,5,+,1,+,5,+,6
009621,27.08.26, 05:52,6,+,2,+,4,+,3,+,1,+,2
009620,27.08.26, 05:37,6,+,5,+,1,+,4,+,5,+,3
009619,27.08.26, 05:22,3,+,1,+,5,+,1,+,2,+,1
009618,27.08.26, 05:07,6,+,3,+,3,+,6,+,2,+,1
009617,27.08.26, 04:52,2,+,1,+,6,+,4,+,1,+,3
009616,27.08.26, 04:37,2,+,4,+,1,+,5,+,1,+,4
009615,27.08.26, 04:22,1,+,1,+,1,+,1,+,4,+,4
009614,27.08.26, 04:07,5,+,5,+,3,+,1,+,4,+,4
009613,27.08.26, 03:52,6,+,3,+,1,+,1,+,1,+,5
009612,27.08.26, 03:37,5,+,6,+,5,+,6,+,3,+,1
009611,27.08.26, 03:22,3,+,1,+,4,+,3,+,2,+,2
009610,27.08.26, 03:07,6,+,6,+,4,+,5,+,4,+,2
009609,27.08.26, 02:52,5,+,3,+,1,+,1,+,2,+,6
009608,27.08.26, 02:37,3,+,2,+,2,+,3,+,4,+,4
009607,27.08.26, 02:22,4,+,4,+,4,+,5,+,3,+,5
009606,27.08.26, 02:07,2,+,4,+,2,+,5,+,4,+,1
009605,27.08.26, 01:52,3,+,5,+,3,+,4,+,5,+,1
009604,27.08.26, 01:37,3,+,3,+,1,+,1,+,4,+,5
009603,27.08.26, 01:22,2,+,1,+,2,+,1,+,5,+,2
009602,27.08.26, 01:07,3,+,2,+,3,+,5,+,4,+,1
009601,27.08.26, 00:52,5,+,5,+,2,+,5,+,5,+,5
009600,27.08.26, 00:37,4,+,5,+,1,+,2,+,5,+,6
009599,27.08.26, 00:22,3,+,6,+,3,+,6,+,2,+,1
009598,27.08.26, 00:07,6,+,1,+,5,+,1,+,2,+,2
009597,26.08.26, 23:52,3,+,1,+,2,+,3,+,2,+,5
009596,26.08.26, 23:37,2,+,1,+,6,+,6,+,5,+,5
009595,26.08.26, 23:22,2,+,2,+,1,+,5,+,2,+,6
009594,26.08.26, 23:07,4,+,1,+,2,+,5,+,2,+,3
009593,26.08.26, 22:52,4,+,2,+,3,+,2,+,6,+,6
009592,26.08.26, 22:37,5,+,2,+,3,+,4,+,1,+,2
009591,26.08.26, 22:22,5,+,2,+,6,+,4,+,4,+,2
009590,26.08.26, 22:07,3,+,6,+,4,+,3,+,4,+,5
009589,26.08.26, 21:52,2,+,1,+,6,+,5,+,2,+,3
009588,26.08.26, 21:37,3,+,2,+,1,+,6,+,6,+,4
009587,26.08.26, 21:22,1,+,6,+,4,+,5,+,3,+,4
009586,26.08.26, 21:07,1,+,5,+,3,+,5,+,5,+,2
009585,26.08.26, 20:52,6,+,4,+,5,+,5,+,4,+,4
009584,26.08.26, 20:37,2,+,3,+,1,+,2,+,5,+,2
009583,26.08.26, 20:22,1,+,1,+,5,+,6,+,4,+,3
009582,26.08.26, 20:07,1,+,4,+,1,+,6,+,3,+,2
009581,26.08.26, 19:52,1,+,1,+,5,+,6,+,2,+,3
009580,26.08.26, 19:37,3,+,1,+,1,+,2,+,2,+,4
009579,26.08.26, 19:22,4,+,2,+,4,+,5,+,3,+,2
009578,26.08.26, 19:07,2,+,1,+,5,+,6,+,6,+,2
009577,26.08.26, 18:52,6,+,4,+,2,+,3,+,1,+,2
009576,26.08.26, 18:37,3,+,3,+,5,+,3,+,6,+,1
009575,26.08.26, 18:22,2,+,3,+,5,+,1,+,6,+,6
009574,26.08.26, 18:07,6,+,3,+,4,+,6,+,2,+,6
009573,26.08.26, 17:52,5,+,5,+,4,+,3,+,5,+,1
009572,26.08.26, 17:37,1,+,6,+,6,+,5,+,3,+,5
009571,26.08.26, 17:22,6,+,1,+,6,+,6,+,6,+,6
009570,26.08.26, 17:07,5,+,2,+,6,+,6,+,4,+,5
009569,26.08.26, 16:52,6,+,6,+,2,+,2,+,4,+,4
009568,26.08.26, 16:37,6,+,6,+,6,+,5,+,4,+,1
009567,26.08.26, 16:22,2,+,6,+,2,+,2,+,4,+,6
009566,26.08.26, 16:07,4,+,5,+,1,+,2,+,1,+,3
009565,26.08.26, 15:52,5,+,3,+,4,+,3,+,5,+,5
009564,26.08.26, 15:37,4,+,4,+,1,+,2,+,1,+,6
009563,26.08.26, 15:22,4,+,5,+,6,+,2,+,3,+,6
009562,26.08.26, 15:07,3,+,6,+,3,+,6,+,4,+,3
009561,26.08.26, 14:52,2,+,4,+,1,+,2,+,1,+,3
009560,26.08.26, 14:37,5,+,1,+,6,+,6,+,4,+,2
009559,26.08.26, 14:22,3,+,3,+,5,+,3,+,4,+,6
009558,26.08.26, 14:07,1,+,2,+,3,+,5,+,6,+,1
009557,26.08.26, 13:52,5,+,4,+,6,+,3,+,3,+,3
009556,26.08.26, 13:37,5,+,1,+,5,+,1,+,2,+,2
009555,26.08.26, 13:22,2,+,6,+,6,+,4,+,1,+,3
009554,26.08.26, 13:07,4,+,1,+,4,+,4,+,5,+,5
009553,26.08.26, 12:52,5,+,3,+,6,+,5,+,4,+,3
009552,26.08.26, 12:37,5,+,2,+,2,+,6,+,1,+,2
009551,26.08.26, 12:22,3,+,2,+,6,+,4,+,5,+,5
009550,26.08.26, 12:07,4,+,6,+,3,+,3,+,5,+,1
009549,26.08.26, 11:52,4,+,2,+,1,+,6,+,2,+,2
009548,26.08.26, 11:37,1,+,5,+,5,+,4,+,1,+,2
009547,26.08.26, 11:22,4,+,1,+,5,+,2,+,1,+,2
009546,26.08.26, 11:07,3,+,1,+,5,+,2,+,5,+,5
009545,26.08.26, 10:52,2,+,6,+,3,+,1,+,6,+,6
009544,26.08.26, 10:37,4,+,5,+,2,+,4,+,1,+,3
009543,26.08.26, 10:22,2,+,5,+,4,+,2,+,1,+,2
009542,26.08.26, 10:07,4,+,2,+,5,+,5,+,5,+,6
009541,26.08.26, 09:52,3,+,5,+,1,+,6,+,1,+,4
009540,26.08.26, 09:37,3,+,6,+,1,+,4,+,1,+,6
009539,26.08.26, 09:22,5,+,2,+,6,+,2,+,1,+,6
009538,26.08.26, 09:07,3,+,1,+,5,+,1,+,1,+,6
009537,26.08.26, 08:52,6,+,1,+,4,+,3,+,5,+,5
009536,26.08.26, 08:37,6,+,5,+,2,+,6,+,3,+,6
009535,26.08.26, 08:22,4,+,5,+,1,+,2,+,2,+,1
009534,26.08.26, 08:07,1,+,1,+,2,+,5,+,3,+,4
009533,26.08.26, 07:52,3,+,2,+,5,+,6,+,3,+,4
009532,26.08.26, 07:37,4,+,3,+,1,+,5,+,5,+,2
009531,26.08.26, 07:22,5,+,5,+,3,+,1,+,2,+,1
009530,26.08.26, 07:07,4,+,5,+,6,+,6,+,5,+,6
009529,26.08.26, 06:52,2,+,5,+,5,+,4,+,3,+,2
009528,26.08.26, 06:37,5,+,3,+,2,+,6,+,6,+,1
009527,26.08.26, 06:22,3,+,1,+,5,+,1,+,4,+,5
009526,26.08.26, 06:07,1,+,6,+,3,+,5,+,2,+,1
009525,26.08.26, 05:52,1,+,2,+,6,+,3,+,6,+,6
009524,26.08.26, 05:37,1,+,3,+,4,+,3,+,4,+,3
009523,26.08.26, 05:22,2,+,6,+,4,+,3,+,2,+,1
009522,26.08.26, 05:07,2,+,2,+,3,+,2,+,6,+,1
009521,26.08.26, 04:52,1,+,5,+,5,+,4,+,3,+,1
009520,26.08.26, 04:37,6,+,3,+,2,+,4,+,4,+,3
009519,26.08.26, 04:22,5,+,4,+,4,+,2,+,3,+,2
009518,26.08.26, 04:07,6,+,6,+,4,+,6,+,2,+,6
009517,26.08.26, 03:52,1,+,1,+,5,+,6,+,2,+,4
009516,26.08.26, 03:37,2,+,3,+,2,+,3,+,3,+,6
009515,26.08.26, 03:22,5,+,2,+,1,+,5,+,5,+,6
009514,26.08.26, 03:07,1,+,1,+,4,+,4,+,4,+,2
009513,26.08.26, 02:52,2,+,1,+,3,+,3,+,2,+,3
009512,26.08.26, 02:37,6,+,2,+,5,+,2,+,6,+,2
009511,26.08.26, 02:22,6,+,5,+,2,+,4,+,6,+,6
009510,26.08.26, 02:07,2,+,4,+,6,+,5,+,5,+,2
009509,26.08.26, 01:52,1,+,4,+,3,+,4,+,3,+,2
009508,26.08.26, 01:37,6,+,4,+,4,+,1,+,5,+,5
009507,26.08.26, 01:22,6,+,2,+,6,+,2,+,5,+,1
009506,26.08.26, 01:07,2,+,2,+,4,+,4,+,4,+,4
009505,26.08.26, 00:52,5,+,5,+,5,+,4,+,5,+,2
009504,26.08.26, 00:37,4,+,5,+,3,+,4,+,2,+,5
009503,26.08.26, 00:22,4,+,6,+,4,+,4,+,1,+,5
009502,26.08.26, 00:07,4,+,6,+,3,+,5,+,1,+,5
009501,25.08.26, 23:52,5,+,4,+,5,+,3,+,6,+,4
009500,25.08.26, 23:37,2,+,5,+,2,+,6,+,4,+,6
009499,25.08.26, 23:22,1,+,2,+,3,+,2,+,6,+,2
009498,25.08.26, 23:07,4,+,4,+,4,+,6,+,4,+,5
009497,25.08.26, 22:52,6,+,5,+,1,+,3,+,6,+,5
009496,25.08.26, 22:37,2,+,2,+,6,+,1,+,5,+,3
009495,25.08.26, 22:22,4,+,4,+,3,+,5,+,2,+,1
009494,25.08.26, 22:07,5,+,3,+,5,+,6,+,3,+,6
009493,25.08.26, 21:52,4,+,5,+,6,+,6,+,6,+,5
009492,25.08.26, 21:37,1,+,2,+,5,+,2,+,3,+,1
009491,25.08.26, 21:22,1,+,4,+,6,+,3,+,4,+,4
009490,25.08.26, 21:07,4,+,2,+,6,+,3,+,1,+,4
009489,25.08.26, 20:52,5,+,2,+,4,+,5,+,3,+,3
009488,25.08.26, 20:37,3,+,2,+,3,+,6,+,4,+,2
009487,25.08.26, 20:22,2,+,1,+,3,+,4,+,5,+,2
009486,25.08.26, 20:07,2,+,4,+,2,+,1,+,2,+,1
009485,25.08.26, 19:52,1,+,5,+,6,+,6,+,3,+,6
009484,25.08.26, 19:37,6,+,4,+,3,+,5,+,4,+,1
009483,25.08.26, 19:22,4,+,1,+,3,+,6,+,2,+,6
009482,25.08.26, 19:07,6,+,2,+,2,+,4,+,1,+,5
009481,25.08.26, 18:52,4,+,1,+,4,+,2,+,1,+,6
009480,25.08.26, 18:37,1,+,4,+,3,+,4,+,4,+,2
009479,25.08.26, 18:22,6,+,1,+,6,+,3,+,3,+,2
009478,25.08.26, 18:07,3,+,6,+,3,+,3,+,1,+,5
009477,25.08.26, 17:52,1,+,4,+,5,+,4,+,2,+,1
009476,25.08.26, 17:37,3,+,5,+,5,+,6,+,1,+,1
009475,25.08.26, 17:22,1,+,3,+,6,+,4,+,5,+,4
009474,25.08.26, 17:07,6,+,1,+,6,+,5,+,4,+,4
009473,25.08.26, 16:52,2,+,1,+,5,+,4,+,5,+,4
009472,25.08.26, 16:37,5,+,3,+,6,+,5,+,2,+,1
009471,25.08.26, 16:22,5,+,5,+,3,+,4,+,6,+,2
009470,25.08.26, 16:07,4,+,4,+,2,+,4,+,1,+,5
009469,25.08.26, 15:52,6,+,6,+,5,+,5,+,4,+,1
009468,25.08.26, 15:37,4,+,1,+,4,+,4,+,1,+,5
009467,25.08.26, 15:22,3,+,1,+,5,+,6,+,4,+,4
009466,25.08.26, 15:07,1,+,6,+,3,+,3,+,1,+,2
009465,25.08.26, 14:52,2,+,2,+,2,+,6,+,5,+,5
009464,25.08.26, 14:37,6,+,1,+,5,+,4,+,6,+,6
009463,25.08.26, 14:22,3,+,1,+,1,+,5,+,6,+,4
009462,25.08.26, 14:07,2,+,4,+,5,+,4,+,4,+,6
009461,25.08.26, 13:52,2,+,2,+,3,+,6,+,2,+,6
009460,25.08.26, 13:37,6,+,1,+,5,+,3,+,4,+,2
009459,25.08.26, 13:22,3,+,6,+,4,+,1,+,1,+,2
009458,25.08.26, 13:07,2,+,4,+,2,+,2,+,6,+,1
009457,25.08.26, 12:52,6,+,1,+,1,+,4,+,4,+,4
009456,25.08.26, 12:37,4,+,2,+,5,+,6,+,2,+,6
009455,25.08.26, 12:22,3,+,1,+,4,+,4,+,5,+,6
009454,25.08.26, 12:07,3,+,2,+,4,+,2,+,4,+,4
009453,25.08.26, 11:52,5,+,2,+,6,+,2,+,2,+,4
009452,25.08.26, 11:37,4,+,1,+,6,+,4,+,1,+,4
009451,25.08.26, 11:22,2,+,1,+,3,+,1,+,3,+,1
009450,25.08.26, 11:07,3,+,5,+,4,+,6,+,6,+,4
009449,25.08.26, 10:52,4,+,2,+,5,+,6,+,3,+,3
009448,25.08.26, 10:37,1,+,1,+,6,+,2,+,2,+,4
009447,25.08.26, 10:22,4,+,1,+,4,+,2,+,1,+,6
009446,25.08.26, 10:07,1,+,1,+,1,+,5,+,5,+,4
009445,25.08.26, 09:52,2,+,6,+,4,+,1,+,5,+,3
009444,25.08.26, 09:37,6,+,5,+,3,+,2,+,6,+,5
009443,25.08.26, 09:22,3,+,2,+,2,+,5,+,5,+,4
009442,25.08.26, 09:07,5,+,2,+,2,+,5,+,6,+,4
009441,25.08.26, 08:52,5,+,3,+,1,+,5,+,6,+,4
009440,25.08.26, 08:37,6,+,1,+,5,+,2,+,3,+,3
009439,25.08.26, 08:22,4,+,3,+,3,+,6,+,1,+,3
009438,25.08.26, 08:07,2,+,1,+,5,+,4,+,1,+,5
009437,25.08.26, 07:52,5,+,5,+,3,+,1,+,3,+,6
009436,25.08.26, 07:37,1,+,5,+,3,+,2,+,3,+,1
009435,25.08.26, 07:22,4,+,5,+,6,+,1,+,6,+,6
009434,25.08.26, 07:07,1,+,3,+,1,+,2,+,3,+,1
009433,25.08.26, 06:52,3,+,4,+,6,+,6,+,2,+,6
009432,25.08.26, 06:37,6,+,2,+,6,+,2,+,3,+,2
009431,25.08.26, 06:22,1,+,2,+,1,+,6,+,4,+,6
009430,25.08.26, 06:07,2,+,1,+,3,+,2,+,3,+,3
009429,25.08.26, 05:52,4,+,4,+,5,+,2,+,1,+,4
009428,25.08.26, 05:37,5,+,6,+,6,+,5,+,3,+,3
009427,25.08.26, 05:22,2,+,3,+,4,+,1,+,2,+,2
009426,25.08.26, 05:07,4,+,3,+,5,+,4,+,2,+,4
009425,25.08.26, 04:52,4,+,5,+,2,+,1,+,5,+,3
009424,25.08.26, 04:37,5,+,6,+,1,+,6,+,3,+,6
009423,25.08.26, 04:22,3,+,1,+,6,+,2,+,3,+,6
009422,25.08.26, 04:07,5,+,1,+,6,+,1,+,3,+,5
009421,25.08.26, 03:52,2,+,5,+,4,+,2,+,6,+,1
009420,25.08.26, 03:37,4,+,1,+,6,+,1,+,1,+,3
009419,25.08.26, 03:22,3,+,6,+,5,+,2,+,3,+,6
009418,25.08.26, 03:07,5,+,3,+,6,+,1,+,5,+,5
009417,25.08.26, 02:52,4,+,4,+,6,+,4,+,2,+,6
009416,25.08.26, 02:37,4,+,1,+,6,+,5,+,6,+,6
009415,25.08.26, 02:22,1,+,4,+,2,+,1,+,3,+,1
009414,25.08.26, 02:07,4,+,3,+,2,+,5,+,6,+,4
009413,25.08.26, 01:52,2,+,1,+,3,+,4,+,6,+,1
009412,25.08.26, 01:37,1,+,6,+,2,+,6,+,4,+,1
009411,25.08.26, 01:22,6,+,3,+,4,+,6,+,6,+,6
009410,25.08.26, 01:07,3,+,1,+,4,+,5,+,3,+,2
009409,25.08.26, 00:52,1,+,3,+,2,+,6,+,3,+,4
009408,25.08.26, 00:37,6,+,5,+,1,+,2,+,3,+,5
009407,25.08.26, 00:22,1,+,5,+,6,+,2,+,4,+,6
009406,25.08.26, 00:07,1,+,2,+,1,+,1,+,5,+,6
009405,24.08.26, 23:07,5,+,4,+,5,+,5,+,6,+,4
009404,24.08.26, 22:52,1,+,5,+,6,+,1,+,5,+,2
009403,24.08.26, 22:37,1,+,6,+,4,+,3,+,5,+,4
009402,24.08.26, 22:22,2,+,3,+,3,+,4,+,1,+,2
009401,24.08.26, 22:07,1,+,4,+,3,+,5,+,2,+,5
009400,24.08.26, 21:52,4,+,6,+,4,+,5,+,5,+,5
009399,24.08.26, 21:37,2,+,1,+,6,+,6,+,5,+,1
009398,24.08.26, 21:22,2,+,5,+,1,+,1,+,5,+,3
009397,24.08.26, 21:07,3,+,6,+,3,+,6,+,1,+,4
009396,24.08.26, 20:52,6,+,1,+,4,+,6,+,1,+,5
009395,24.08.26, 20:37,4,+,5,+,6,+,5,+,4,+,4
009394,24.08.26, 20:22,6,+,3,+,4,+,1,+,1,+,5
009393,24.08.26, 20:07,3,+,6,+,3,+,3,+,3,+,3
009392,24.08.26, 19:52,4,+,3,+,2,+,4,+,6,+,4
009391,24.08.26, 19:37,3,+,4,+,1,+,4,+,3,+,6
009390,24.08.26, 19:22,4,+,4,+,3,+,3,+,2,+,6
009389,24.08.26, 19:07,2,+,3,+,6,+,2,+,4,+,4
009388,24.08.26, 18:52,1,+,1,+,4,+,2,+,1,+,6
009387,24.08.26, 18:37,1,+,6,+,5,+,1,+,6,+,3
009386,24.08.26, 18:22,4,+,5,+,3,+,4,+,1,+,6
009385,24.08.26, 18:07,5,+,3,+,5,+,2,+,5,+,5
009384,24.08.26, 17:52,5,+,2,+,6,+,3,+,5,+,6
009383,24.08.26, 17:37,3,+,2,+,4,+,2,+,6,+,4
009382,24.08.26, 17:22,5,+,2,+,1,+,6,+,3,+,3
009381,24.08.26, 17:07,5,+,6,+,4,+,3,+,4,+,5
009380,24.08.26, 16:52,6,+,5,+,4,+,5,+,3,+,2
009379,24.08.26, 16:37,2,+,1,+,6,+,2,+,5,+,1
009378,24.08.26, 16:22,5,+,3,+,1,+,2,+,3,+,2
009377,24.08.26, 16:07,3,+,3,+,5,+,6,+,4,+,4
009376,24.08.26, 15:52,2,+,1,+,4,+,1,+,3,+,2
009375,24.08.26, 15:37,4,+,4,+,4,+,4,+,1,+,5
009374,24.08.26, 15:22,6,+,2,+,2,+,1,+,2,+,5
009373,24.08.26, 15:07,2,+,6,+,4,+,6,+,2,+,4
009372,24.08.26, 14:52,5,+,4,+,1,+,6,+,6,+,6
009371,24.08.26, 14:37,1,+,6,+,1,+,3,+,6,+,4
009370,24.08.26, 14:22,5,+,3,+,5,+,6,+,4,+,3
009369,24.08.26, 14:07,4,+,3,+,1,+,6,+,2,+,1
009368,24.08.26, 13:52,5,+,1,+,4,+,5,+,3,+,1
009367,24.08.26, 13:37,1,+,2,+,2,+,3,+,3,+,5
009366,24.08.26, 13:22,1,+,3,+,5,+,3,+,1,+,1
009365,24.08.26, 13:07,5,+,4,+,6,+,3,+,4,+,6
009364,24.08.26, 12:52,4,+,5,+,5,+,3,+,2,+,4
009363,24.08.26, 12:37,6,+,3,+,2,+,5,+,1,+,2
009362,24.08.26, 12:22,6,+,4,+,2,+,3,+,4,+,6
009361,24.08.26, 12:07,1,+,3,+,5,+,5,+,3,+,4
009360,24.08.26, 11:52,5,+,3,+,5,+,1,+,2,+,4
009359,24.08.26, 11:37,2,+,3,+,1,+,2,+,4,+,1
009358,24.08.26, 11:22,4,+,2,+,4,+,1,+,3,+,2
009357,24.08.26, 11:07,5,+,4,+,6,+,3,+,2,+,4
009356,24.08.26, 10:52,1,+,3,+,3,+,1,+,6,+,2
009355,24.08.26, 10:37,5,+,4,+,3,+,4,+,1,+,6
009354,24.08.26, 10:22,5,+,6,+,6,+,1,+,4,+,3
009353,24.08.26, 10:07,2,+,2,+,2,+,2,+,2,+,2
009352,24.08.26, 09:52,3,+,3,+,6,+,4,+,6,+,4
009351,24.08.26, 09:37,4,+,3,+,3,+,2,+,4,+,6
009350,24.08.26, 09:22,5,+,1,+,1,+,1,+,2,+,6
009349,24.08.26, 09:07,2,+,4,+,5,+,4,+,1,+,1
009348,24.08.26, 08:52,1,+,2,+,3,+,4,+,4,+,4
009347,24.08.26, 08:37,3,+,4,+,2,+,2,+,2,+,4
009346,24.08.26, 08:22,3,+,6,+,1,+,4,+,2,+,6
009345,24.08.26, 08:07,5,+,6,+,6,+,2,+,1,+,5
009344,24.08.26, 07:52,6,+,4,+,5,+,4,+,6,+,2
009343,24.08.26, 07:37,5,+,4,+,2,+,1,+,3,+,3
009342,24.08.26, 07:22,6,+,4,+,2,+,4,+,6,+,4
009341,24.08.26, 07:07,6,+,1,+,2,+,6,+,6,+,6
009340,24.08.26, 06:52,3,+,5,+,3,+,3,+,1,+,6
009339,24.08.26, 06:37,2,+,5,+,6,+,2,+,4,+,1
009338,24.08.26, 06:22,1,+,3,+,1,+,6,+,4,+,5
009337,24.08.26, 06:07,3,+,1,+,5,+,6,+,6,+,2
009336,24.08.26, 05:52,2,+,2,+,4,+,4,+,5,+,2
009335,24.08.26, 05:37,1,+,5,+,4,+,5,+,6,+,4
009334,24.08.26, 05:22,2,+,1,+,5,+,5,+,5,+,3
009333,24.08.26, 05:07,4,+,1,+,3,+,5,+,1,+,5
009332,24.08.26, 04:52,6,+,1,+,5,+,3,+,1,+,4
009331,24.08.26, 04:37,1,+,6,+,4,+,2,+,6,+,1
009330,24.08.26, 04:22,4,+,6,+,3,+,2,+,3,+,6
009329,24.08.26, 04:07,2,+,3,+,2,+,4,+,2,+,3
009328,24.08.26, 03:52,4,+,5,+,3,+,5,+,1,+,2
009327,24.08.26, 03:37,3,+,1,+,3,+,6,+,2,+,5
009326,24.08.26, 03:22,5,+,2,+,4,+,3,+,1,+,1
009325,24.08.26, 03:07,1,+,1,+,6,+,6,+,2,+,2
009324,24.08.26, 02:52,2,+,3,+,4,+,1,+,6,+,5
009323,24.08.26, 02:37,6,+,3,+,3,+,5,+,6,+,5
009322,24.08.26, 02:22,2,+,6,+,4,+,2,+,6,+,6
009321,24.08.26, 02:07,2,+,4,+,6,+,6,+,4,+,3
009320,24.08.26, 01:52,4,+,4,+,6,+,6,+,5,+,1
009319,24.08.26, 01:37,5,+,4,+,3,+,5,+,4,+,1
009318,24.08.26, 01:22,6,+,5,+,6,+,1,+,4,+,5
009317,24.08.26, 01:07,5,+,2,+,1,+,4,+,5,+,5
009316,24.08.26, 00:52,2,+,1,+,2,+,5,+,3,+,2
009315,24.08.26, 00:37,1,+,1,+,3,+,3,+,5,+,6
009314,24.08.26, 00:22,5,+,4,+,1,+,2,+,2,+,6
009313,24.08.26, 00:07,3,+,5,+,2,+,1,+,4,+,1
009312,23.08.26, 23:52,6,+,2,+,6,+,2,+,3,+,5
009311,23.08.26, 23:37,1,+,2,+,2,+,4,+,5,+,4
009310,23.08.26, 23:22,2,+,4,+,5,+,3,+,2,+,1
009309,23.08.26, 23:07,6,+,4,+,1,+,6,+,1,+,2
009308,23.08.26, 22:52,6,+,2,+,3,+,4,+,2,+,1
009307,23.08.26, 22:37,6,+,1,+,6,+,4,+,4,+,2
009306,23.08.26, 22:22,1,+,2,+,6,+,5,+,3,+,4
009305,23.08.26, 22:07,1,+,5,+,1,+,6,+,1,+,4
009304,23.08.26, 21:52,6,+,6,+,5,+,4,+,6,+,6
009303,23.08.26, 21:37,5,+,5,+,3,+,3,+,4,+,2
009302,23.08.26, 21:22,1,+,5,+,3,+,1,+,2,+,2
009301,23.08.26, 21:07,2,+,1,+,5,+,6,+,3,+,2
009300,23.08.26, 20:52,3,+,6,+,6,+,5,+,6,+,5
009299,23.08.26, 20:37,3,+,4,+,6,+,4,+,3,+,2
009298,23.08.26, 20:22,2,+,3,+,4,+,4,+,2,+,5
009297,23.08.26, 20:07,3,+,4,+,6,+,3,+,3,+,2
009296,23.08.26, 19:52,3,+,5,+,4,+,1,+,3,+,2
009295,23.08.26, 19:37,2,+,3,+,2,+,4,+,3,+,4
009294,23.08.26, 19:22,2,+,1,+,1,+,3,+,5,+,3
009293,23.08.26, 19:07,1,+,6,+,5,+,3,+,3,+,4
009292,23.08.26, 18:52,5,+,1,+,6,+,5,+,2,+,6
009291,23.08.26, 18:37,6,+,3,+,6,+,4,+,5,+,1
009290,23.08.26, 18:22,6,+,5,+,5,+,1,+,2,+,3
009289,23.08.26, 18:07,1,+,6,+,1,+,1,+,4,+,3
009288,23.08.26, 17:52,4,+,3,+,3,+,3,+,6,+,4
009287,23.08.26, 17:37,1,+,5,+,4,+,6,+,6,+,3
009286,23.08.26, 17:22,2,+,3,+,3,+,5,+,6,+,6
009285,23.08.26, 17:07,2,+,6,+,4,+,1,+,6,+,3
009284,23.08.26, 16:52,1,+,6,+,6,+,4,+,2,+,1
009283,23.08.26, 16:37,2,+,1,+,4,+,2,+,2,+,4
009282,23.08.26, 16:22,3,+,3,+,3,+,4,+,4,+,6
009281,23.08.26, 16:07,5,+,5,+,5,+,6,+,2,+,1
009280,23.08.26, 15:52,2,+,1,+,2,+,6,+,2,+,6
009279,23.08.26, 15:37,1,+,5,+,5,+,3,+,1,+,1
009278,23.08.26, 15:22,2,+,4,+,4,+,3,+,4,+,3
009277,23.08.26, 15:07,5,+,5,+,3,+,6,+,6,+,5
009276,23.08.26, 14:52,3,+,3,+,3,+,4,+,4,+,5
009275,23.08.26, 14:37,4,+,6,+,4,+,5,+,4,+,1
009274,23.08.26, 14:22,2,+,6,+,4,+,3,+,5,+,2
009273,23.08.26, 14:07,3,+,1,+,6,+,6,+,1,+,4
009272,23.08.26, 13:52,3,+,4,+,5,+,4,+,5,+,3
009271,23.08.26, 13:37,2,+,1,+,1,+,1,+,6,+,6
009270,23.08.26, 13:22,6,+,2,+,2,+,4,+,1,+,3
009269,23.08.26, 13:07,6,+,6,+,2,+,6,+,1,+,1
009268,23.08.26, 12:52,1,+,6,+,3,+,5,+,3,+,3
009267,23.08.26, 12:37,5,+,5,+,4,+,6,+,3,+,1
009266,23.08.26, 12:22,2,+,3,+,3,+,6,+,6,+,4
009265,23.08.26, 12:07,3,+,2,+,4,+,1,+,3,+,3
009264,23.08.26, 11:52,6,+,2,+,3,+,1,+,1,+,3
009263,23.08.26, 11:37,6,+,6,+,1,+,6,+,1,+,4
009262,23.08.26, 11:22,5,+,2,+,1,+,1,+,1,+,4
009261,23.08.26, 11:07,1,+,4,+,6,+,4,+,4,+,4
009260,23.08.26, 10:52,5,+,2,+,3,+,2,+,5,+,3
009259,23.08.26, 10:37,1,+,4,+,4,+,6,+,6,+,4
009258,23.08.26, 10:22,3,+,6,+,2,+,2,+,2,+,1
009257,23.08.26, 10:07,1,+,5,+,6,+,2,+,5,+,4
009256,23.08.26, 09:52,4,+,2,+,2,+,1,+,6,+,4
009255,23.08.26, 09:37,3,+,5,+,1,+,5,+,3,+,6
009254,23.08.26, 09:22,1,+,4,+,4,+,5,+,4,+,1
009253,23.08.26, 09:07,6,+,3,+,5,+,1,+,6,+,1
009252,23.08.26, 08:52,4,+,5,+,2,+,4,+,2,+,5
009251,23.08.26, 08:37,6,+,1,+,4,+,3,+,3,+,1
009250,23.08.26, 08:22,6,+,5,+,2,+,5,+,6,+,3
009249,23.08.26, 08:07,4,+,3,+,5,+,2,+,3,+,5
009248,23.08.26, 07:52,6,+,1,+,3,+,4,+,4,+,6
009247,23.08.26, 07:37,3,+,2,+,3,+,4,+,4,+,5
009246,23.08.26, 07:22,5,+,2,+,4,+,4,+,1,+,4
009245,23.08.26, 07:07,2,+,5,+,2,+,4,+,4,+,2
009244,23.08.26, 06:52,3,+,1,+,6,+,1,+,4,+,3
009243,23.08.26, 06:37,3,+,2,+,5,+,4,+,6,+,3
009242,23.08.26, 06:22,2,+,3,+,6,+,6,+,6,+,2
009241,23.08.26, 06:07,1,+,5,+,3,+,5,+,1,+,5
009240,23.08.26, 05:52,1,+,5,+,3,+,3,+,5,+,3
009239,23.08.26, 05:37,1,+,2,+,6,+,6,+,2,+,5
009238,23.08.26, 05:22,3,+,5,+,1,+,2,+,6,+,4
009237,23.08.26, 05:07,3,+,5,+,1,+,4,+,5,+,4
009236,23.08.26, 04:52,3,+,3,+,1,+,4,+,6,+,5
009235,23.08.26, 04:37,4,+,4,+,5,+,6,+,6,+,5
009234,23.08.26, 04:22,1,+,4,+,2,+,6,+,5,+,3
009233,23.08.26, 04:07,5,+,5,+,2,+,4,+,2,+,5
009232,23.08.26, 03:52,3,+,5,+,5,+,3,+,4,+,2
009231,23.08.26, 03:37,4,+,3,+,2,+,6,+,6,+,2
009230,23.08.26, 03:22,6,+,4,+,2,+,6,+,4,+,5
009229,23.08.26, 03:07,3,+,4,+,1,+,3,+,6,+,5
009228,23.08.26, 02:52,5,+,1,+,2,+,4,+,4,+,5
009227,23.08.26, 02:37,3,+,5,+,5,+,1,+,5,+,3
009226,23.08.26, 02:22,5,+,6,+,6,+,3,+,2,+,3
009225,23.08.26, 02:07,4,+,1,+,4,+,1,+,2,+,2
009224,23.08.26, 01:52,1,+,4,+,2,+,5,+,2,+,2
009223,23.08.26, 01:37,2,+,6,+,1,+,1,+,6,+,6
009222,23.08.26, 01:22,4,+,5,+,2,+,1,+,3,+,4
009221,23.08.26, 01:07,3,+,1,+,2,+,1,+,5,+,5
009220,23.08.26, 00:52,4,+,2,+,6,+,5,+,2,+,4
009219,23.08.26, 00:37,4,+,5,+,5,+,3,+,4,+,5
009218,23.08.26, 00:22,2,+,4,+,5,+,2,+,4,+,4
009217,23.08.26, 00:07,2,+,2,+,5,+,5,+,5,+,4
009216,22.08.26, 23:52,5,+,3,+,3,+,5,+,2,+,2
009215,22.08.26, 23:37,3,+,1,+,1,+,1,+,2,+,6
009214,22.08.26, 23:22,4,+,4,+,6,+,2,+,2,+,2
009213,22.08.26, 23:07,1,+,6,+,5,+,2,+,5,+,5
009212,22.08.26, 22:52,4,+,3,+,4,+,6,+,1,+,2
009211,22.08.26, 22:37,1,+,2,+,3,+,3,+,1,+,1
009210,22.08.26, 22:22,6,+,4,+,6,+,1,+,4,+,6
009209,22.08.26, 22:07,3,+,6,+,5,+,5,+,5,+,6
009208,22.08.26, 21:52,6,+,6,+,1,+,5,+,2,+,5
009207,22.08.26, 21:37,2,+,6,+,4,+,5,+,1,+,2
009206,22.08.26, 21:22,4,+,5,+,5,+,5,+,1,+,4
009205,22.08.26, 21:07,1,+,1,+,6,+,2,+,6,+,2
009204,22.08.26, 20:52,2,+,3,+,4,+,3,+,4,+,1
009203,22.08.26, 20:37,5,+,4,+,2,+,3,+,4,+,5
009202,22.08.26, 20:22,3,+,4,+,5,+,2,+,5,+,5
009201,22.08.26, 20:07,2,+,1,+,3,+,5,+,2,+,1
009200,22.08.26, 19:52,2,+,1,+,5,+,6,+,1,+,3
009199,22.08.26, 19:37,1,+,4,+,1,+,2,+,3,+,2
009198,22.08.26, 19:22,5,+,4,+,4,+,1,+,4,+,6
009197,22.08.26, 19:07,5,+,5,+,4,+,4,+,6,+,4
009196,22.08.26, 18:52,5,+,3,+,3,+,6,+,6,+,3
009195,22.08.26, 18:37,1,+,4,+,5,+,2,+,6,+,1
009194,22.08.26, 18:22,3,+,3,+,1,+,5,+,4,+,2
009193,22.08.26, 18:07,5,+,2,+,4,+,3,+,6,+,2
009192,22.08.26, 17:52,1,+,1,+,1,+,5,+,3,+,2
009191,22.08.26, 17:37,4,+,4,+,1,+,5,+,1,+,5
009190,22.08.26, 17:22,4,+,6,+,5,+,3,+,6,+,1
009189,22.08.26, 17:07,4,+,5,+,2,+,5,+,3,+,6
009188,22.08.26, 16:52,1,+,5,+,5,+,1,+,4,+,2
009187,22.08.26, 16:37,4,+,3,+,4,+,3,+,5,+,2
009186,22.08.26, 16:22,6,+,5,+,5,+,5,+,1,+,3
009185,22.08.26, 16:07,2,+,6,+,3,+,4,+,4,+,4
009184,22.08.26, 15:52,1,+,4,+,4,+,4,+,5,+,6
009183,22.08.26, 15:37,3,+,3,+,6,+,5,+,2,+,6
009182,22.08.26, 15:22,1,+,4,+,1,+,1,+,3,+,3
009181,22.08.26, 15:07,6,+,3,+,2,+,2,+,6,+,4
009180,22.08.26, 14:52,6,+,2,+,3,+,2,+,1,+,3
009179,22.08.26, 14:37,4,+,2,+,1,+,3,+,6,+,5
009178,22.08.26, 14:22,4,+,1,+,5,+,1,+,5,+,4
009177,22.08.26, 14:07,6,+,6,+,6,+,5,+,2,+,3
009176,22.08.26, 13:52,4,+,3,+,4,+,4,+,5,+,3
009175,22.08.26, 13:37,2,+,6,+,3,+,2,+,1,+,1
009174,22.08.26, 13:22,1,+,2,+,3,+,6,+,5,+,5
009173,22.08.26, 13:07,6,+,4,+,1,+,4,+,3,+,1
009172,22.08.26, 12:52,1,+,3,+,4,+,3,+,6,+,6
009171,22.08.26, 12:37,6,+,3,+,6,+,1,+,3,+,1
009170,22.08.26, 12:22,5,+,4,+,1,+,4,+,5,+,4
009169,22.08.26, 12:07,5,+,2,+,6,+,5,+,6,+,1
009168,22.08.26, 11:52,6,+,6,+,5,+,1,+,2,+,3
009167,22.08.26, 11:37,6,+,3,+,5,+,5,+,2,+,4
009166,22.08.26, 11:22,3,+,2,+,5,+,3,+,1,+,5
009165,22.08.26, 11:07,5,+,1,+,1,+,3,+,3,+,4
009164,22.08.26, 10:52,1,+,4,+,3,+,1,+,3,+,3
009163,22.08.26, 10:37,1,+,1,+,5,+,2,+,5,+,5
009162,22.08.26, 10:22,5,+,2,+,2,+,5,+,4,+,4
009161,22.08.26, 10:07,3,+,5,+,2,+,1,+,6,+,6
009160,22.08.26, 09:52,2,+,2,+,1,+,2,+,3,+,3
009159,22.08.26, 09:37,4,+,6,+,1,+,5,+,1,+,5
009158,22.08.26, 09:22,2,+,6,+,6,+,1,+,4,+,5
009157,22.08.26, 09:07,6,+,3,+,4,+,2,+,1,+,2
009156,22.08.26, 08:52,2,+,5,+,4,+,1,+,4,+,3
009155,22.08.26, 08:37,1,+,1,+,2,+,6,+,4,+,2
009154,22.08.26, 08:22,1,+,2,+,2,+,3,+,1,+,1
009153,22.08.26, 08:07,1,+,6,+,3,+,3,+,5,+,4
009152,22.08.26, 07:52,3,+,4,+,4,+,5,+,6,+,3
009151,22.08.26, 07:37,2,+,6,+,6,+,4,+,2,+,1
009150,22.08.26, 07:22,1,+,3,+,2,+,4,+,3,+,5
009149,22.08.26, 07:07,6,+,5,+,2,+,3,+,2,+,4
009148,22.08.26, 06:52,6,+,4,+,3,+,2,+,4,+,1
009147,22.08.26, 06:37,4,+,1,+,2,+,1,+,5,+,6
009146,22.08.26, 06:22,1,+,4,+,1,+,1,+,4,+,2
009145,22.08.26, 06:07,1,+,3,+,6,+,5,+,2,+,6
009144,22.08.26, 05:52,6,+,1,+,6,+,2,+,6,+,4
009143,22.08.26, 05:37,5,+,5,+,3,+,5,+,6,+,3
009142,22.08.26, 05:22,1,+,3,+,2,+,1,+,4,+,4
009141,22.08.26, 05:07,4,+,5,+,5,+,4,+,6,+,3
009140,22.08.26, 04:52,3,+,3,+,1,+,5,+,2,+,1
009139,22.08.26, 04:37,5,+,2,+,5,+,4,+,2,+,1
009138,22.08.26, 04:22,4,+,2,+,4,+,6,+,1,+,3
009137,22.08.26, 04:07,6,+,2,+,6,+,3,+,4,+,2
009136,22.08.26, 03:52,1,+,6,+,4,+,4,+,2,+,4
009135,22.08.26, 03:37,5,+,4,+,6,+,5,+,1,+,1
009134,22.08.26, 03:22,3,+,4,+,2,+,5,+,4,+,5
009133,22.08.26, 03:07,5,+,4,+,6,+,6,+,6,+,3
009132,22.08.26, 02:52,2,+,3,+,3,+,6,+,2,+,5
009131,22.08.26, 02:37,2,+,4,+,3,+,5,+,5,+,1
009130,22.08.26, 02:22,5,+,5,+,3,+,3,+,1,+,2
009129,22.08.26, 02:07,4,+,3,+,5,+,6,+,1,+,3
009128,22.08.26, 01:52,4,+,3,+,3,+,2,+,2,+,2
009127,22.08.26, 01:37,1,+,1,+,5,+,6,+,6,+,5
009126,22.08.26, 01:22,6,+,3,+,2,+,2,+,3,+,3
009125,22.08.26, 01:07,1,+,1,+,6,+,1,+,4,+,1
009124,22.08.26, 00:52,1,+,1,+,5,+,3,+,3,+,2
009123,22.08.26, 00:37,3,+,6,+,4,+,4,+,4,+,3
009122,22.08.26, 00:22,6,+,3,+,2,+,5,+,5,+,6
009121,22.08.26, 00:07,1,+,5,+,6,+,1,+,3,+,1
009120,21.08.26, 23:52,1,+,3,+,6,+,3,+,1,+,5
009119,21.08.26, 23:37,2,+,1,+,2,+,3,+,2,+,2
009118,21.08.26, 23:22,6,+,3,+,1,+,2,+,2,+,1
009117,21.08.26, 23:07,5,+,6,+,5,+,1,+,2,+,1
009116,21.08.26, 22:52,5,+,6,+,5,+,1,+,1,+,4
009115,21.08.26, 22:37,6,+,4,+,6,+,3,+,4,+,3
009114,21.08.26, 22:22,4,+,3,+,6,+,6,+,2,+,2
009113,21.08.26, 22:07,5,+,3,+,4,+,4,+,6,+,5
009112,21.08.26, 21:52,1,+,6,+,5,+,1,+,3,+,4
009111,21.08.26, 21:37,4,+,3,+,1,+,2,+,6,+,4
009110,21.08.26, 21:22,1,+,2,+,3,+,2,+,4,+,4
009109,21.08.26, 21:07,5,+,3,+,6,+,4,+,1,+,3
009108,21.08.26, 20:52,3,+,5,+,1,+,6,+,6,+,5
009107,21.08.26, 20:37,4,+,6,+,4,+,5,+,2,+,3
009106,21.08.26, 20:22,5,+,2,+,3,+,3,+,3,+,2
009105,21.08.26, 20:07,4,+,2,+,1,+,3,+,5,+,3
009104,21.08.26, 19:52,6,+,3,+,6,+,1,+,5,+,6
009103,21.08.26, 19:37,5,+,5,+,1,+,5,+,3,+,3
009102,21.08.26, 19:22,1,+,4,+,5,+,5,+,1,+,2
009101,21.08.26, 19:07,6,+,1,+,2,+,2,+,4,+,5
009100,21.08.26, 18:52,3,+,3,+,5,+,6,+,3,+,6
009099,21.08.26, 18:37,6,+,6,+,2,+,6,+,6,+,1
009098,21.08.26, 18:22,5,+,5,+,1,+,3,+,2,+,5
009097,21.08.26, 18:07,2,+,5,+,5,+,2,+,2,+,2
009096,21.08.26, 17:52,6,+,2,+,3,+,5,+,3,+,4
009095,21.08.26, 17:37,3,+,6,+,4,+,5,+,6,+,1
009094,21.08.26, 17:22,4,+,3,+,5,+,3,+,3,+,6
009093,21.08.26, 17:07,3,+,6,+,1,+,6,+,3,+,5
009092,21.08.26, 16:52,5,+,3,+,1,+,5,+,6,+,4
009091,21.08.26, 16:37,6,+,4,+,5,+,1,+,5,+,6
009090,21.08.26, 16:22,5,+,3,+,1,+,6,+,2,+,3
009089,21.08.26, 16:07,6,+,5,+,4,+,4,+,5,+,5
009088,21.08.26, 15:52,1,+,1,+,4,+,6,+,5,+,3
009087,21.08.26, 15:37,4,+,2,+,1,+,2,+,2,+,6
009086,21.08.26, 15:22,5,+,1,+,5,+,3,+,4,+,3
009085,21.08.26, 15:07,2,+,6,+,3,+,4,+,6,+,1
009084,21.08.26, 14:52,3,+,4,+,2,+,1,+,2,+,3
009083,21.08.26, 14:37,5,+,5,+,2,+,5,+,3,+,1
009082,21.08.26, 14:22,6,+,3,+,6,+,2,+,6,+,2
009081,21.08.26, 14:07,2,+,1,+,4,+,2,+,3,+,4
009080,21.08.26, 13:52,1,+,4,+,3,+,4,+,5,+,1
009079,21.08.26, 13:37,6,+,6,+,6,+,1,+,6,+,6
009078,21.08.26, 13:22,4,+,5,+,2,+,3,+,2,+,5
009077,21.08.26, 13:07,3,+,4,+,4,+,2,+,3,+,2
009076,21.08.26, 12:52,5,+,4,+,2,+,1,+,6,+,5
009075,21.08.26, 12:37,6,+,2,+,4,+,5,+,6,+,2
009074,21.08.26, 12:22,6,+,2,+,1,+,6,+,3,+,2
009073,21.08.26, 12:07,6,+,4,+,2,+,4,+,5,+,5
009072,21.08.26, 11:52,5,+,4,+,1,+,2,+,5,+,1
009071,21.08.26, 11:37,2,+,5,+,6,+,4,+,1,+,6
009070,21.08.26, 11:22,4,+,3,+,1,+,2,+,5,+,4
009069,21.08.26, 11:07,3,+,1,+,6,+,2,+,3,+,4
009068,21.08.26, 10:52,2,+,1,+,4,+,1,+,3,+,3
009067,21.08.26, 10:37,3,+,2,+,1,+,2,+,6,+,6
009066,21.08.26, 10:22,1,+,1,+,6,+,4,+,1,+,4
009065,21.08.26, 10:07,5,+,3,+,2,+,4,+,6,+,1
009064,21.08.26, 09:52,2,+,2,+,3,+,6,+,1,+,5
009063,21.08.26, 09:37,4,+,2,+,5,+,3,+,3,+,5
009062,21.08.26, 09:22,2,+,3,+,3,+,4,+,6,+,3
009061,21.08.26, 09:07,1,+,1,+,6,+,3,+,2,+,3
009060,21.08.26, 08:52,4,+,5,+,3,+,3,+,4,+,2
009059,21.08.26, 08:37,6,+,4,+,6,+,3,+,1,+,6
009058,21.08.26, 08:22,6,+,2,+,2,+,1,+,6,+,4
009057,21.08.26, 08:07,4,+,3,+,2,+,2,+,3,+,4
009056,21.08.26, 07:52,2,+,2,+,5,+,2,+,6,+,1
009055,21.08.26, 07:37,1,+,4,+,2,+,5,+,5,+,3
009054,21.08.26, 07:22,1,+,1,+,4,+,6,+,3,+,5
009053,21.08.26, 07:07,1,+,1,+,2,+,6,+,1,+,3
009052,21.08.26, 06:52,6,+,4,+,1,+,1,+,5,+,2
009051,21.08.26, 06:37,4,+,3,+,2,+,3,+,2,+,6
009050,21.08.26, 06:22,5,+,2,+,4,+,5,+,1,+,6
009049,21.08.26, 06:07,6,+,1,+,4,+,1,+,2,+,2
009048,21.08.26, 05:52,4,+,3,+,4,+,6,+,6,+,1
009047,21.08.26, 05:37,2,+,6,+,5,+,5,+,4,+,6
009046,21.08.26, 05:22,5,+,1,+,5,+,6,+,1,+,3
009045,21.08.26, 05:07,1,+,2,+,4,+,6,+,6,+,5
009044,21.08.26, 04:52,6,+,2,+,1,+,3,+,1,+,5
009043,21.08.26, 04:37,4,+,6,+,6,+,6,+,3,+,2
009042,21.08.26, 04:22,5,+,6,+,5,+,5,+,5,+,5
009041,21.08.26, 04:07,6,+,4,+,5,+,6,+,1,+,4
009040,21.08.26, 03:52,3,+,2,+,2,+,1,+,4,+,6
009039,21.08.26, 03:37,6,+,2,+,6,+,1,+,5,+,3
009038,21.08.26, 03:22,5,+,3,+,6,+,3,+,1,+,3
009037,21.08.26, 03:07,5,+,2,+,6,+,4,+,6,+,5
009036,21.08.26, 02:52,2,+,4,+,5,+,5,+,6,+,6
009035,21.08.26, 02:37,1,+,5,+,2,+,4,+,6,+,3
009034,21.08.26, 02:22,1,+,1,+,6,+,6,+,2,+,4
009033,21.08.26, 02:07,6,+,1,+,4,+,1,+,6,+,2
009032,21.08.26, 01:52,5,+,4,+,1,+,2,+,4,+,6
009031,21.08.26, 01:37,1,+,5,+,5,+,5,+,6,+,3
009030,21.08.26, 01:22,2,+,6,+,4,+,6,+,3,+,4
009029,21.08.26, 01:07,3,+,1,+,5,+,4,+,2,+,4
009028,21.08.26, 00:52,6,+,4,+,4,+,1,+,4,+,2
009027,21.08.26, 00:37,3,+,3,+,5,+,5,+,1,+,5
009026,21.08.26, 00:22,4,+,1,+,4,+,1,+,3,+,5
009025,21.08.26, 00:07,2,+,4,+,4,+,4,+,6,+,6
009024,20.08.26, 23:52,2,+,5,+,5,+,3,+,6,+,6
009023,20.08.26, 23:37,5,+,3,+,1,+,3,+,6,+,2
009022,20.08.26, 23:22,2,+,1,+,2,+,4,+,5,+,3
009021,20.08.26, 23:07,1,+,2,+,6,+,3,+,4,+,6
009020,20.08.26, 22:52,6,+,5,+,4,+,3,+,4,+,2
009019,20.08.26, 22:37,3,+,2,+,5,+,1,+,3,+,6
009018,20.08.26, 22:22,1,+,4,+,3,+,6,+,2,+,5
009017,20.08.26, 22:07,4,+,4,+,1,+,3,+,2,+,3
009016,20.08.26, 21:52,2,+,3,+,3,+,6,+,2,+,4
009015,20.08.26, 21:37,1,+,4,+,3,+,5,+,2,+,2
009014,20.08.26, 21:22,6,+,2,+,3,+,1,+,2,+,1
009013,20.08.26, 21:07,1,+,5,+,3,+,2,+,2,+,3
009012,20.08.26, 20:52,1,+,6,+,4,+,1,+,2,+,1
009011,20.08.26, 20:37,3,+,2,+,1,+,3,+,2,+,3
009010,20.08.26, 20:22,2,+,3,+,2,+,2,+,1,+,6
009009,20.08.26, 20:07,5,+,6,+,1,+,5,+,6,+,3
009008,20.08.26, 19:52,3,+,2,+,2,+,4,+,5,+,2
009007,20.08.26, 19:37,2,+,2,+,3,+,1,+,3,+,5
009006,20.08.26, 19:22,6,+,5,+,5,+,6,+,1,+,5
009005,20.08.26, 19:07,5,+,6,+,5,+,3,+,6,+,6
009004,20.08.26, 18:52,3,+,5,+,6,+,4,+,3,+,3
009003,20.08.26, 18:37,2,+,1,+,6,+,3,+,2,+,1
009002,20.08.26, 18:22,6,+,3,+,6,+,6,+,4,+,3
009001,20.08.26, 18:07,1,+,6,+,2,+,5,+,1,+,5
009000,20.08.26, 17:52,1,+,3,+,5,+,2,+,2,+,1
008999,20.08.26, 17:37,6,+,6,+,1,+,1,+,1,+,5
008998,20.08.26, 17:22,5,+,6,+,1,+,6,+,1,+,6
008997,20.08.26, 17:07,6,+,6,+,6,+,6,+,1,+,6
008996,20.08.26, 16:52,3,+,2,+,3,+,5,+,4,+,3
008995,20.08.26, 16:37,5,+,4,+,6,+,1,+,3,+,2
008994,20.08.26, 16:22,6,+,1,+,6,+,4,+,5,+,2
008993,20.08.26, 16:07,3,+,6,+,1,+,4,+,3,+,2
008992,20.08.26, 15:52,2,+,4,+,3,+,6,+,1,+,4
008991,20.08.26, 15:37,6,+,3,+,4,+,4,+,4,+,2
008990,20.08.26, 15:22,4,+,6,+,3,+,2,+,1,+,1
008989,20.08.26, 15:07,1,+,4,+,6,+,4,+,6,+,3
008988,20.08.26, 14:52,6,+,4,+,1,+,3,+,2,+,6
008987,20.08.26, 14:37,3,+,5,+,1,+,3,+,3,+,2
008986,20.08.26, 14:22,6,+,3,+,6,+,1,+,3,+,6
008985,20.08.26, 14:07,6,+,4,+,1,+,5,+,6,+,6
008984,20.08.26, 13:52,3,+,2,+,4,+,2,+,3,+,3
008983,20.08.26, 13:37,1,+,5,+,5,+,1,+,1,+,6
008982,20.08.26, 13:22,3,+,6,+,5,+,5,+,5,+,2
008981,20.08.26, 13:07,5,+,5,+,6,+,2,+,5,+,5
008980,20.08.26, 12:52,4,+,2,+,2,+,3,+,4,+,5
008979,20.08.26, 12:37,4,+,6,+,5,+,5,+,6,+,2
008978,20.08.26, 12:22,6,+,5,+,4,+,1,+,4,+,4
008977,20.08.26, 12:07,4,+,6,+,4,+,4,+,1,+,5
008976,20.08.26, 11:52,1,+,2,+,4,+,5,+,4,+,3
008975,20.08.26, 11:37,1,+,3,+,2,+,2,+,6,+,4
008974,20.08.26, 11:22,6,+,4,+,1,+,3,+,2,+,3
008973,20.08.26, 11:07,4,+,1,+,3,+,4,+,2,+,6
008972,20.08.26, 10:52,6,+,5,+,6,+,4,+,2,+,5
008971,20.08.26, 10:37,2,+,1,+,2,+,5,+,5,+,4
008970,20.08.26, 10:22,6,+,1,+,6,+,5,+,2,+,4
008969,20.08.26, 10:07,4,+,3,+,2,+,1,+,5,+,6
008968,20.08.26, 09:52,1,+,1,+,4,+,5,+,6,+,3
008967,20.08.26, 09:37,6,+,1,+,2,+,2,+,1,+,4
008966,20.08.26, 09:22,3,+,4,+,5,+,1,+,1,+,1
008965,20.08.26, 09:07,3,+,6,+,5,+,4,+,6,+,4
008964,20.08.26, 08:52,5,+,3,+,6,+,3,+,6,+,6
008963,20.08.26, 08:37,2,+,2,+,3,+,1,+,5,+,3
008962,20.08.26, 08:22,2,+,2,+,3,+,4,+,5,+,2
008961,20.08.26, 08:07,1,+,6,+,3,+,4,+,5,+,5
008960,20.08.26, 07:52,6,+,5,+,4,+,1,+,5,+,6
008959,20.08.26, 07:37,1,+,6,+,1,+,1,+,1,+,3
008958,20.08.26, 07:22,4,+,3,+,4,+,2,+,3,+,4
008957,20.08.26, 07:07,4,+,5,+,6,+,1,+,5,+,5
008956,20.08.26, 06:52,3,+,1,+,4,+,6,+,2,+,6
008955,20.08.26, 06:37,3,+,6,+,4,+,2,+,5,+,1
008954,20.08.26, 06:22,2,+,2,+,4,+,4,+,3,+,4
008953,20.08.26, 06:07,2,+,1,+,6,+,6,+,6,+,4
008952,20.08.26, 05:52,5,+,4,+,2,+,6,+,5,+,2
008951,20.08.26, 05:37,5,+,5,+,1,+,2,+,6,+,3
008950,20.08.26, 05:22,5,+,2,+,1,+,2,+,5,+,6
008949,20.08.26, 05:07,5,+,2,+,2,+,4,+,1,+,5
008948,20.08.26, 04:52,3,+,5,+,2,+,2,+,1,+,6
008947,20.08.26, 04:37,6,+,4,+,6,+,6,+,1,+,1
008946,20.08.26, 04:22,5,+,6,+,1,+,1,+,3,+,1
008945,20.08.26, 04:07,2,+,3,+,6,+,3,+,6,+,3
008944,20.08.26, 03:52,3,+,2,+,6,+,1,+,1,+,5
008943,20.08.26, 03:37,5,+,2,+,5,+,5,+,2,+,2
008942,20.08.26, 03:22,3,+,6,+,1,+,3,+,5,+,5
008941,20.08.26, 03:07,2,+,3,+,2,+,5,+,6,+,1
008940,20.08.26, 02:52,2,+,3,+,1,+,1,+,4,+,4
008939,20.08.26, 02:37,2,+,3,+,4,+,6,+,3,+,4
008938,20.08.26, 02:22,5,+,2,+,2,+,5,+,6,+,3
008937,20.08.26, 02:07,5,+,3,+,2,+,6,+,4,+,3
008936,20.08.26, 01:52,5,+,1,+,5,+,4,+,5,+,6
008935,20.08.26, 01:37,1,+,4,+,3,+,3,+,1,+,1
008934,20.08.26, 01:22,1,+,4,+,3,+,4,+,6,+,2
008933,20.08.26, 01:07,4,+,2,+,6,+,6,+,1,+,4
008932,20.08.26, 00:52,1,+,6,+,4,+,4,+,3,+,1
008931,20.08.26, 00:37,6,+,3,+,2,+,3,+,6,+,3
008930,20.08.26, 00:22,1,+,2,+,2,+,5,+,5,+,6
008929,20.08.26, 00:07,6,+,4,+,4,+,6,+,3,+,1
008928,19.08.26, 23:52,4,+,3,+,2,+,6,+,4,+,5
008927,19.08.26, 23:37,4,+,4,+,2,+,1,+,1,+,5
008926,19.08.26, 23:22,6,+,5,+,2,+,5,+,6,+,4
008925,19.08.26, 23:07,4,+,4,+,3,+,4,+,1,+,2
008924,19.08.26, 22:52,6,+,4,+,3,+,4,+,2,+,5
008923,19.08.26, 22:37,5,+,3,+,6,+,2,+,3,+,4
008922,19.08.26, 22:22,2,+,3,+,1,+,6,+,6,+,3
008921,19.08.26, 22:07,2,+,4,+,4,+,6,+,3,+,1
008920,19.08.26, 21:52,6,+,2,+,1,+,2,+,2,+,5
008919,19.08.26, 21:37,4,+,3,+,5,+,1,+,3,+,5
008918,19.08.26, 21:22,1,+,2,+,6,+,6,+,6,+,5
008917,19.08.26, 21:07,4,+,5,+,4,+,1,+,5,+,2
008916,19.08.26, 20:52,4,+,2,+,6,+,1,+,4,+,3
008915,19.08.26, 20:37,6,+,5,+,4,+,6,+,2,+,2
008914,19.08.26, 20:22,3,+,2,+,6,+,4,+,3,+,5
008913,19.08.26, 20:07,1,+,5,+,5,+,5,+,6,+,3
008912,19.08.26, 19:52,4,+,2,+,6,+,1,+,3,+,4
008911,19.08.26, 19:37,4,+,2,+,5,+,2,+,4,+,6
008910,19.08.26, 19:22,3,+,2,+,2,+,6,+,6,+,3
008909,19.08.26, 19:07,5,+,5,+,3,+,5,+,1,+,5
008908,19.08.26, 18:52,6,+,1,+,2,+,2,+,4,+,5
008907,19.08.26, 18:37,5,+,2,+,4,+,1,+,3,+,2
008906,19.08.26, 18:22,3,+,5,+,6,+,3,+,6,+,5
008905,19.08.26, 18:07,6,+,2,+,3,+,4,+,4,+,5
008904,19.08.26, 17:52,5,+,1,+,1,+,4,+,3,+,2
008903,19.08.26, 17:37,1,+,2,+,6,+,1,+,1,+,5
008902,19.08.26, 17:22,2,+,3,+,3,+,3,+,1,+,6
008901,19.08.26, 17:07,4,+,5,+,2,+,2,+,5,+,6
008900,19.08.26, 16:52,4,+,5,+,2,+,4,+,1,+,4
008899,19.08.26, 16:37,3,+,1,+,2,+,1,+,1,+,6
008898,19.08.26, 16:22,6,+,6,+,1,+,5,+,2,+,5
008897,19.08.26, 16:07,2,+,2,+,6,+,2,+,6,+,4
008896,19.08.26, 15:52,1,+,1,+,3,+,4,+,5,+,1
008895,19.08.26, 15:37,3,+,5,+,5,+,5,+,3,+,3
008894,19.08.26, 15:22,1,+,6,+,3,+,4,+,1,+,1
008893,19.08.26, 15:07,6,+,6,+,4,+,3,+,4,+,3
008892,19.08.26, 14:52,4,+,6,+,5,+,3,+,6,+,2
008891,19.08.26, 14:37,6,+,6,+,2,+,1,+,3,+,3
008890,19.08.26, 14:22,4,+,1,+,5,+,4,+,2,+,2
008889,19.08.26, 14:07,2,+,5,+,5,+,5,+,6,+,4
008888,19.08.26, 13:52,1,+,2,+,4,+,1,+,1,+,6
008887,19.08.26, 13:37,1,+,2,+,5,+,5,+,4,+,6
008886,19.08.26, 13:22,6,+,3,+,4,+,4,+,4,+,4
008885,19.08.26, 13:07,4,+,6,+,4,+,4,+,5,+,1
008884,19.08.26, 12:52,5,+,6,+,1,+,4,+,4,+,3
008883,19.08.26, 12:37,6,+,4,+,5,+,6,+,6,+,3
008882,19.08.26, 12:22,5,+,2,+,6,+,2,+,3,+,2
008881,19.08.26, 12:07,2,+,6,+,4,+,1,+,3,+,6
008880,19.08.26, 11:52,2,+,3,+,4,+,2,+,6,+,4
008879,19.08.26, 11:37,2,+,1,+,6,+,4,+,5,+,3
008878,19.08.26, 11:22,1,+,4,+,3,+,6,+,3,+,6
008877,19.08.26, 11:07,3,+,3,+,4,+,3,+,6,+,3
008876,19.08.26, 10:52,1,+,1,+,1,+,2,+,1,+,4
008875,19.08.26, 10:37,4,+,6,+,2,+,5,+,2,+,4
008874,19.08.26, 10:22,3,+,5,+,4,+,2,+,4,+,3
008873,19.08.26, 10:07,1,+,5,+,5,+,6,+,2,+,2
008872,19.08.26, 09:52,2,+,5,+,2,+,2,+,2,+,2
008871,19.08.26, 09:37,3,+,2,+,5,+,2,+,5,+,1
008870,19.08.26, 09:22,1,+,5,+,6,+,4,+,2,+,2
008869,19.08.26, 09:07,3,+,4,+,6,+,4,+,6,+,1
008868,19.08.26, 08:52,1,+,5,+,2,+,6,+,2,+,1
008867,19.08.26, 08:37,6,+,2,+,2,+,4,+,1,+,3
008866,19.08.26, 08:22,3,+,5,+,2,+,1,+,6,+,2
008865,19.08.26, 08:07,3,+,1,+,3,+,5,+,6,+,1
008864,19.08.26, 07:52,5,+,4,+,5,+,4,+,5,+,2
008863,19.08.26, 07:37,4,+,2,+,5,+,4,+,3,+,5
008862,19.08.26, 07:22,2,+,4,+,3,+,2,+,6,+,4
008861,19.08.26, 07:07,4,+,3,+,6,+,6,+,5,+,3
008860,19.08.26, 06:52,2,+,2,+,2,+,1,+,6,+,1
008859,19.08.26, 06:37,2,+,5,+,6,+,5,+,1,+,3
008858,19.08.26, 06:22,2,+,2,+,5,+,3,+,2,+,5
008857,19.08.26, 06:07,5,+,1,+,5,+,5,+,2,+,6
008856,19.08.26, 05:52,2,+,2,+,3,+,2,+,6,+,5
008855,19.08.26, 05:37,3,+,2,+,3,+,3,+,5,+,5
008854,19.08.26, 05:22,2,+,4,+,5,+,5,+,3,+,5
008853,19.08.26, 05:07,1,+,6,+,5,+,6,+,4,+,3
008852,19.08.26, 04:52,5,+,2,+,2,+,6,+,2,+,6
008851,19.08.26, 04:37,6,+,1,+,3,+,2,+,5,+,3
008850,19.08.26, 04:22,6,+,3,+,5,+,6,+,1,+,2
008849,19.08.26, 04:07,1,+,3,+,3,+,2,+,6,+,4
008848,19.08.26, 03:52,2,+,1,+,1,+,4,+,1,+,6
008847,19.08.26, 03:37,4,+,5,+,2,+,4,+,6,+,1
008846,19.08.26, 03:22,3,+,2,+,5,+,3,+,6,+,2
008845,19.08.26, 03:07,6,+,5,+,3,+,2,+,5,+,5
008844,19.08.26, 02:52,3,+,4,+,3,+,5,+,4,+,3
008843,19.08.26, 02:37,5,+,2,+,6,+,2,+,3,+,5
008842,19.08.26, 02:22,1,+,5,+,6,+,4,+,1,+,6
008841,19.08.26, 02:07,5,+,4,+,5,+,1,+,2,+,6
008840,19.08.26, 01:52,1,+,1,+,2,+,2,+,5,+,2
008839,19.08.26, 01:37,2,+,5,+,6,+,6,+,1,+,1
008838,19.08.26, 01:22,2,+,3,+,4,+,1,+,4,+,4
008837,19.08.26, 01:07,4,+,1,+,6,+,1,+,5,+,3
008836,19.08.26, 00:52,6,+,4,+,5,+,4,+,6,+,4
008835,19.08.26, 00:37,2,+,3,+,3,+,6,+,1,+,4
008834,19.08.26, 00:22,2,+,2,+,3,+,1,+,2,+,1
008833,19.08.26, 00:07,4,+,2,+,5,+,2,+,3,+,1
008832,18.08.26, 23:52,3,+,3,+,5,+,6,+,2,+,6
008831,18.08.26, 23:37,2,+,1,+,6,+,4,+,2,+,1
008830,18.08.26, 23:22,3,+,2,+,1,+,3,+,6,+,2
008829,18.08.26, 23:07,6,+,6,+,3,+,3,+,3,+,3
008828,18.08.26, 22:52,3,+,1,+,1,+,6,+,1,+,3
008827,18.08.26, 22:37,1,+,5,+,5,+,2,+,4,+,2
008826,18.08.26, 22:22,4,+,4,+,6,+,2,+,5,+,5
008825,18.08.26, 22:07,3,+,4,+,5,+,5,+,1,+,3
008824,18.08.26, 21:52,2,+,2,+,4,+,4,+,5,+,5
008823,18.08.26, 21:37,5,+,5,+,3,+,2,+,6,+,6
008822,18.08.26, 21:22,3,+,6,+,3,+,5,+,4,+,3
008821,18.08.26, 21:07,4,+,2,+,3,+,3,+,1,+,3
008820,18.08.26, 20:52,4,+,3,+,3,+,1,+,6,+,3
008819,18.08.26, 20:37,2,+,5,+,4,+,6,+,4,+,2
008818,18.08.26, 20:22,2,+,4,+,2,+,5,+,3,+,3
008817,18.08.26, 20:07,6,+,4,+,5,+,6,+,4,+,2
008816,18.08.26, 19:52,4,+,3,+,4,+,1,+,6,+,6
008815,18.08.26, 19:37,2,+,6,+,5,+,5,+,4,+,5
008814,18.08.26, 19:22,2,+,3,+,1,+,6,+,6,+,1
008813,18.08.26, 19:07,4,+,1,+,3,+,2,+,5,+,2
008812,18.08.26, 18:52,1,+,6,+,2,+,2,+,3,+,3
008811,18.08.26, 18:37,1,+,2,+,1,+,1,+,3,+,5
008810,18.08.26, 18:22,4,+,1,+,3,+,4,+,6,+,6
008809,18.08.26, 18:07,6,+,5,+,3,+,1,+,3,+,3
008808,18.08.26, 17:52,6,+,2,+,3,+,5,+,1,+,4
008807,18.08.26, 17:37,5,+,4,+,5,+,3,+,2,+,1
008806,18.08.26, 17:22,2,+,1,+,6,+,1,+,2,+,1
008805,18.08.26, 17:07,5,+,3,+,6,+,2,+,2,+,2
008804,18.08.26, 16:52,2,+,3,+,1,+,5,+,5,+,2
008803,18.08.26, 16:37,3,+,4,+,2,+,4,+,1,+,5
008802,18.08.26, 16:22,5,+,5,+,4,+,2,+,4,+,1
008801,18.08.26, 16:07,5,+,2,+,5,+,3,+,2,+,3
008800,18.08.26, 15:52,1,+,1,+,1,+,3,+,3,+,3
008799,18.08.26, 15:37,4,+,4,+,4,+,1,+,1,+,2
008798,18.08.26, 15:22,5,+,4,+,4,+,4,+,5,+,1
008797,18.08.26, 15:07,2,+,5,+,2,+,5,+,2,+,5
008796,18.08.26, 14:52,5,+,6,+,2,+,4,+,6,+,3
008795,18.08.26, 14:37,5,+,6,+,3,+,1,+,5,+,3
008794,18.08.26, 14:22,3,+,4,+,4,+,2,+,5,+,4
008793,18.08.26, 14:07,2,+,1,+,4,+,4,+,2,+,1
008792,18.08.26, 13:52,4,+,5,+,4,+,3,+,1,+,3
008791,18.08.26, 13:37,1,+,3,+,3,+,6,+,2,+,1
008790,18.08.26, 13:22,5,+,5,+,6,+,3,+,3,+,1
008789,18.08.26, 13:07,5,+,4,+,5,+,3,+,4,+,3
008788,18.08.26, 12:52,3,+,4,+,5,+,5,+,2,+,3
008787,18.08.26, 12:37,1,+,4,+,5,+,2,+,3,+,4
008786,18.08.26, 12:22,1,+,5,+,6,+,2,+,6,+,1
008785,18.08.26, 12:07,5,+,1,+,1,+,6,+,2,+,1
008784,18.08.26, 11:52,5,+,1,+,5,+,2,+,5,+,6
008783,18.08.26, 11:37,6,+,3,+,6,+,2,+,4,+,6
008782,18.08.26, 11:22,4,+,4,+,3,+,4,+,4,+,6
008781,18.08.26, 11:07,6,+,1,+,6,+,4,+,2,+,4
008780,18.08.26, 10:52,5,+,3,+,4,+,2,+,2,+,6
008779,18.08.26, 10:37,2,+,1,+,4,+,6,+,2,+,4
008778,18.08.26, 10:22,6,+,4,+,3,+,2,+,3,+,2
008777,18.08.26, 10:07,1,+,2,+,4,+,5,+,2,+,1
008776,18.08.26, 09:52,1,+,6,+,1,+,6,+,5,+,4
008775,18.08.26, 09:37,5,+,6,+,4,+,1,+,2,+,1
008774,18.08.26, 09:22,5,+,6,+,4,+,4,+,1,+,3
008773,18.08.26, 09:07,6,+,2,+,2,+,3,+,3,+,1
008772,18.08.26, 08:52,6,+,1,+,5,+,2,+,3,+,2
008771,18.08.26, 08:37,6,+,4,+,1,+,3,+,5,+,4
008770,18.08.26, 08:22,1,+,2,+,5,+,3,+,1,+,4
008769,18.08.26, 08:07,5,+,1,+,4,+,3,+,4,+,1
008768,18.08.26, 07:52,5,+,2,+,4,+,4,+,4,+,6
008767,18.08.26, 07:37,3,+,4,+,6,+,4,+,3,+,2
008766,18.08.26, 07:22,2,+,1,+,3,+,5,+,5,+,4
008765,18.08.26, 07:07,5,+,4,+,2,+,5,+,4,+,5
008764,18.08.26, 06:52,3,+,4,+,1,+,2,+,4,+,5
008763,18.08.26, 06:37,1,+,5,+,1,+,6,+,1,+,3
008762,18.08.26, 06:22,6,+,4,+,4,+,3,+,5,+,2
008761,18.08.26, 06:07,2,+,3,+,3,+,1,+,2,+,6
008760,18.08.26, 05:52,5,+,6,+,5,+,2,+,3,+,4
008759,18.08.26, 05:37,3,+,1,+,6,+,3,+,1,+,4
008758,18.08.26, 05:22,1,+,1,+,6,+,3,+,3,+,3
008757,18.08.26, 05:07,2,+,1,+,4,+,5,+,4,+,2
008756,18.08.26, 04:52,3,+,2,+,2,+,4,+,2,+,6
008755,18.08.26, 04:37,3,+,5,+,1,+,4,+,1,+,4
008754,18.08.26, 04:22,3,+,1,+,6,+,4,+,4,+,1
008753,18.08.26, 04:07,4,+,4,+,1,+,3,+,5,+,3
008752,18.08.26, 03:52,6,+,2,+,4,+,5,+,2,+,4
008751,18.08.26, 03:37,2,+,1,+,1,+,3,+,5,+,6
008750,18.08.26, 03:22,5,+,3,+,4,+,1,+,3,+,1
008749,18.08.26, 03:07,6,+,4,+,2,+,5,+,2,+,3
008748,18.08.26, 02:52,4,+,1,+,5,+,4,+,5,+,4
008747,18.08.26, 02:37,2,+,1,+,5,+,3,+,3,+,2
008746,18.08.26, 02:22,2,+,5,+,6,+,3,+,4,+,4
008745,18.08.26, 02:07,4,+,4,+,2,+,2,+,1,+,4
008744,18.08.26, 01:52,5,+,2,+,1,+,2,+,6,+,4
008743,18.08.26, 01:37,2,+,1,+,1,+,5,+,3,+,3
008742,18.08.26, 01:22,2,+,6,+,1,+,5,+,1,+,4
008741,18.08.26, 01:07,3,+,2,+,6,+,1,+,3,+,2
008740,18.08.26, 00:52,4,+,4,+,1,+,4,+,2,+,1
008739,18.08.26, 00:37,5,+,5,+,4,+,1,+,6,+,1
008738,18.08.26, 00:22,6,+,5,+,2,+,5,+,3,+,6
008737,18.08.26, 00:07,6,+,4,+,6,+,1,+,6,+,1
008736,17.08.26, 23:07,2,+,2,+,3,+,2,+,4,+,6
008735,17.08.26, 22:52,5,+,3,+,4,+,4,+,2,+,4
008734,17.08.26, 22:37,2,+,6,+,4,+,1,+,4,+,2
008733,17.08.26, 22:22,4,+,3,+,3,+,5,+,1,+,2
008732,17.08.26, 22:07,2,+,6,+,6,+,6,+,2,+,3
008731,17.08.26, 21:52,3,+,2,+,6,+,3,+,5,+,5
008730,17.08.26, 21:37,1,+,3,+,1,+,1,+,3,+,4
008729,17.08.26, 21:22,5,+,6,+,1,+,4,+,1,+,1
008728,17.08.26, 21:07,2,+,3,+,6,+,1,+,3,+,1
008727,17.08.26, 20:52,6,+,5,+,5,+,2,+,1,+,5
008726,17.08.26, 20:37,4,+,5,+,5,+,3,+,6,+,2
008725,17.08.26, 20:22,6,+,6,+,2,+,3,+,5,+,6
008724,17.08.26, 20:07,5,+,1,+,6,+,2,+,3,+,5
008723,17.08.26, 19:52,4,+,3,+,1,+,6,+,6,+,6
008722,17.08.26, 19:37,6,+,1,+,3,+,3,+,2,+,4
008721,17.08.26, 19:22,6,+,5,+,4,+,2,+,6,+,3
008720,17.08.26, 19:07,6,+,3,+,5,+,4,+,6,+,4
008719,17.08.26, 18:52,5,+,3,+,2,+,5,+,1,+,1
008718,17.08.26, 18:37,3,+,2,+,2,+,2,+,4,+,2
008717,17.08.26, 18:22,6,+,2,+,4,+,4,+,5,+,4
008716,17.08.26, 18:07,6,+,3,+,6,+,1,+,3,+,4
008715,17.08.26, 17:52,4,+,4,+,5,+,3,+,5,+,4
008714,17.08.26, 17:37,6,+,3,+,4,+,4,+,5,+,3
008713,17.08.26, 17:22,6,+,4,+,4,+,1,+,2,+,4
008712,17.08.26, 17:07,5,+,6,+,3,+,6,+,1,+,5
008711,17.08.26, 16:52,3,+,5,+,4,+,1,+,5,+,1
008710,17.08.26, 16:37,5,+,3,+,3,+,6,+,4,+,3
008709,17.08.26, 16:22,6,+,5,+,5,+,2,+,4,+,2
008708,17.08.26, 16:07,2,+,4,+,6,+,6,+,3,+,2
008707,17.08.26, 15:52,4,+,1,+,4,+,2,+,6,+,4
008706,17.08.26, 15:37,4,+,6,+,1,+,3,+,2,+,2
008705,17.08.26, 15:22,1,+,3,+,4,+,2,+,3,+,5
008704,17.08.26, 15:07,4,+,6,+,4,+,2,+,3,+,6
008703,17.08.26, 14:52,5,+,4,+,3,+,3,+,6,+,2
008702,17.08.26, 14:37,1,+,3,+,5,+,5,+,5,+,5
008701,17.08.26, 14:22,6,+,6,+,2,+,6,+,4,+,3
008700,17.08.26, 14:07,5,+,2,+,1,+,4,+,6,+,5
008699,17.08.26, 13:52,3,+,4,+,1,+,5,+,5,+,6
008698,17.08.26, 13:37,1,+,5,+,5,+,1,+,1,+,4
008697,17.08.26, 13:22,5,+,3,+,2,+,2,+,6,+,3
008696,17.08.26, 13:07,5,+,5,+,5,+,1,+,1,+,1
008695,17.08.26, 12:52,1,+,6,+,5,+,6,+,6,+,4
008694,17.08.26, 12:37,3,+,1,+,2,+,5,+,6,+,4
008693,17.08.26, 12:22,1,+,3,+,1,+,5,+,5,+,3
008692,17.08.26, 12:07,2,+,3,+,2,+,3,+,5,+,4
008691,17.08.26, 11:52,6,+,1,+,5,+,6,+,2,+,3
008690,17.08.26, 11:37,3,+,1,+,1,+,6,+,3,+,5
008689,17.08.26, 11:22,3,+,3,+,2,+,3,+,6,+,3
008688,17.08.26, 11:07,6,+,2,+,5,+,4,+,5,+,3
008687,17.08.26, 10:52,6,+,3,+,4,+,5,+,3,+,6
008686,17.08.26, 10:37,5,+,3,+,4,+,5,+,3,+,1
008685,17.08.26, 10:22,3,+,3,+,1,+,1,+,6,+,5
008684,17.08.26, 10:07,4,+,5,+,3,+,2,+,4,+,2
008683,17.08.26, 09:52,1,+,1,+,4,+,5,+,2,+,2
008682,17.08.26, 09:37,3,+,1,+,5,+,1,+,4,+,3
008681,17.08.26, 09:22,5,+,4,+,3,+,6,+,3,+,3
008680,17.08.26, 09:07,4,+,4,+,6,+,1,+,3,+,3
008679,17.08.26, 08:52,2,+,1,+,1,+,4,+,5,+,3
008678,17.08.26, 08:37,2,+,3,+,4,+,2,+,2,+,2
008677,17.08.26, 08:22,5,+,4,+,4,+,6,+,2,+,1
008676,17.08.26, 08:07,1,+,6,+,4,+,3,+,6,+,1
008675,17.08.26, 07:52,5,+,1,+,3,+,6,+,1,+,4
008674,17.08.26, 07:37,6,+,5,+,3,+,2,+,1,+,2
008673,17.08.26, 07:22,6,+,1,+,6,+,5,+,4,+,4
008672,17.08.26, 07:07,1,+,3,+,4,+,5,+,2,+,6
008671,17.08.26, 06:52,6,+,1,+,3,+,3,+,1,+,6
008670,17.08.26, 06:37,3,+,1,+,2,+,2,+,2,+,1
008669,17.08.26, 06:22,4,+,6,+,6,+,6,+,2,+,4
008668,17.08.26, 06:07,3,+,5,+,1,+,4,+,3,+,2
008667,17.08.26, 05:52,3,+,6,+,3,+,1,+,2,+,6
008666,17.08.26, 05:37,5,+,6,+,5,+,2,+,3,+,1
008665,17.08.26, 05:22,1,+,5,+,4,+,4,+,5,+,6
008664,17.08.26, 05:07,5,+,6,+,6,+,4,+,1,+,6
008663,17.08.26, 04:52,4,+,3,+,6,+,3,+,3,+,2
008662,17.08.26, 04:37,3,+,4,+,5,+,2,+,5,+,6
008661,17.08.26, 04:22,5,+,2,+,1,+,1,+,4,+,2
008660,17.08.26, 04:07,2,+,2,+,2,+,3,+,3,+,2
008659,17.08.26, 03:52,6,+,1,+,4,+,5,+,6,+,4
008658,17.08.26, 03:37,4,+,4,+,4,+,5,+,1,+,3
008657,17.08.26, 03:22,3,+,4,+,4,+,3,+,2,+,4
008656,17.08.26, 03:07,1,+,3,+,3,+,2,+,6,+,1
008655,17.08.26, 02:52,5,+,6,+,5,+,1,+,3,+,2
008654,17.08.26, 02:37,1,+,2,+,6,+,2,+,3,+,6
008653,17.08.26, 02:22,1,+,1,+,1,+,5,+,3,+,3
008652,17.08.26, 02:07,3,+,4,+,4,+,2,+,1,+,4
008651,17.08.26, 01:52,3,+,2,+,6,+,1,+,3,+,6
008650,17.08.26, 01:37,3,+,1,+,5,+,5,+,2,+,2
008649,17.08.26, 01:22,5,+,2,+,2,+,5,+,2,+,5
008648,17.08.26, 01:07,6,+,1,+,1,+,3,+,4,+,4
008647,17.08.26, 00:52,6,+,5,+,6,+,2,+,6,+,5
008646,17.08.26, 00:37,2,+,4,+,3,+,6,+,2,+,4
008645,17.08.26, 00:22,6,+,4,+,2,+,3,+,3,+,5
008644,17.08.26, 00:07,1,+,2,+,6,+,2,+,5,+,6
008643,16.08.26, 23:52,2,+,1,+,2,+,3,+,2,+,6
008642,16.08.26, 23:37,3,+,3,+,2,+,3,+,3,+,3
008641,16.08.26, 23:22,5,+,2,+,4,+,3,+,1,+,2
008640,16.08.26, 23:07,3,+,1,+,5,+,3,+,6,+,6
008639,16.08.26, 22:52,1,+,2,+,1,+,3,+,1,+,6
008638,16.08.26, 22:37,4,+,2,+,1,+,4,+,5,+,5
008637,16.08.26, 22:22,3,+,3,+,1,+,2,+,3,+,1
008636,16.08.26, 22:07,1,+,3,+,3,+,3,+,2,+,2
008635,16.08.26, 21:52,3,+,1,+,5,+,4,+,2,+,5
008634,16.08.26, 21:37,3,+,6,+,2,+,1,+,1,+,6
008633,16.08.26, 21:22,2,+,6,+,1,+,2,+,1,+,3
008632,16.08.26, 21:07,5,+,5,+,4,+,1,+,4,+,1
008631,16.08.26, 20:52,6,+,5,+,6,+,5,+,1,+,4
008630,16.08.26, 20:37,3,+,1,+,2,+,1,+,3,+,6
008629,16.08.26, 20:22,5,+,5,+,1,+,5,+,3,+,3
008628,16.08.26, 20:07,3,+,5,+,6,+,3,+,5,+,3
008627,16.08.26, 19:52,1,+,2,+,5,+,4,+,4,+,1
008626,16.08.26, 19:37,4,+,1,+,6,+,6,+,2,+,5
008625,16.08.26, 19:22,4,+,6,+,6,+,3,+,1,+,4
008624,16.08.26, 19:07,5,+,6,+,2,+,3,+,3,+,2
008623,16.08.26, 18:52,2,+,1,+,6,+,3,+,5,+,4
008622,16.08.26, 18:37,3,+,6,+,1,+,1,+,1,+,4
008621,16.08.26, 18:22,5,+,5,+,5,+,1,+,6,+,6
008620,16.08.26, 18:07,6,+,3,+,2,+,4,+,1,+,4
008619,16.08.26, 17:52,5,+,3,+,6,+,1,+,2,+,2
008618,16.08.26, 17:37,6,+,4,+,1,+,3,+,3,+,5
008617,16.08.26, 17:22,1,+,2,+,1,+,1,+,6,+,3
008616,16.08.26, 17:07,2,+,3,+,4,+,3,+,2,+,4
008615,16.08.26, 16:52,4,+,5,+,4,+,4,+,5,+,3
008614,16.08.26, 16:37,2,+,4,+,2,+,4,+,3,+,3
008613,16.08.26, 16:22,2,+,6,+,4,+,4,+,1,+,4
008612,16.08.26, 16:07,1,+,3,+,6,+,1,+,2,+,2
008611,16.08.26, 15:52,6,+,1,+,6,+,6,+,5,+,5
008610,16.08.26, 15:37,4,+,3,+,1,+,5,+,3,+,4
008609,16.08.26, 15:22,2,+,6,+,4,+,2,+,6,+,3
008608,16.08.26, 15:07,3,+,1,+,5,+,5,+,4,+,6
008607,16.08.26, 14:52,3,+,3,+,3,+,1,+,6,+,3
008606,16.08.26, 14:37,1,+,5,+,1,+,3,+,6,+,2
008605,16.08.26, 14:22,1,+,2,+,4,+,6,+,4,+,6
008604,16.08.26, 14:07,3,+,6,+,5,+,4,+,3,+,6
008603,16.08.26, 13:52,2,+,6,+,1,+,4,+,3,+,4
008602,16.08.26, 13:37,1,+,2,+,4,+,6,+,6,+,3
008601,16.08.26, 13:22,1,+,1,+,1,+,6,+,5,+,5
008600,16.08.26, 13:07,1,+,2,+,3,+,5,+,1,+,5
008599,16.08.26, 12:52,5,+,2,+,2,+,5,+,4,+,6
008598,16.08.26, 12:37,3,+,2,+,4,+,5,+,5,+,2
008597,16.08.26, 12:22,4,+,5,+,2,+,6,+,1,+,1
008596,16.08.26, 12:07,5,+,2,+,4,+,4,+,2,+,5
008595,16.08.26, 11:52,4,+,2,+,4,+,3,+,1,+,3
008594,16.08.26, 11:37,6,+,6,+,2,+,1,+,2,+,5
008593,16.08.26, 11:22,1,+,6,+,2,+,2,+,5,+,5
008592,16.08.26, 11:07,1,+,6,+,1,+,2,+,1,+,1
008591,16.08.26, 10:52,3,+,5,+,3,+,2,+,4,+,6
008590,16.08.26, 10:37,3,+,5,+,6,+,4,+,4,+,3
008589,16.08.26, 10:22,4,+,1,+,2,+,1,+,5,+,5
008588,16.08.26, 10:07,2,+,2,+,5,+,2,+,2,+,1
008587,16.08.26, 09:52,5,+,6,+,5,+,6,+,5,+,5
008586,16.08.26, 09:37,6,+,4,+,5,+,2,+,3,+,2
008585,16.08.26, 09:22,5,+,6,+,2,+,5,+,1,+,4
008584,16.08.26, 09:07,4,+,2,+,3,+,4,+,2,+,1
008583,16.08.26, 08:52,3,+,2,+,4,+,5,+,3,+,1
008582,16.08.26, 08:37,5,+,3,+,4,+,3,+,3,+,3
008581,16.08.26, 08:22,1,+,5,+,1,+,1,+,5,+,2
008580,16.08.26, 08:07,3,+,4,+,3,+,4,+,3,+,2
008579,16.08.26, 07:52,2,+,5,+,3,+,4,+,3,+,4
008578,16.08.26, 07:37,4,+,2,+,2,+,1,+,1,+,6
008577,16.08.26, 07:22,6,+,4,+,4,+,2,+,2,+,5
008576,16.08.26, 07:07,3,+,1,+,3,+,2,+,2,+,5
008575,16.08.26, 06:52,1,+,1,+,6,+,1,+,3,+,3
008574,16.08.26, 06:37,5,+,2,+,3,+,6,+,3,+,6
008573,16.08.26, 06:22,2,+,3,+,2,+,2,+,2,+,5
008572,16.08.26, 06:07,5,+,4,+,1,+,6,+,5,+,6
008571,16.08.26, 05:52,5,+,4,+,2,+,1,+,3,+,2
008570,16.08.26, 05:37,4,+,2,+,2,+,5,+,4,+,5
008569,16.08.26, 05:22,3,+,2,+,3,+,2,+,6,+,1
008568,16.08.26, 05:07,5,+,5,+,4,+,4,+,1,+,2
008567,16.08.26, 04:52,4,+,6,+,4,+,2,+,6,+,4
008566,16.08.26, 04:37,6,+,2,+,1,+,6,+,2,+,1
008565,16.08.26, 04:22,4,+,4,+,2,+,4,+,3,+,6
008564,16.08.26, 04:07,6,+,5,+,4,+,6,+,5,+,5
008563,16.08.26, 03:52,4,+,5,+,4,+,5,+,4,+,1
008562,16.08.26, 03:37,6,+,6,+,5,+,4,+,3,+,1
008561,16.08.26, 03:22,3,+,4,+,2,+,5,+,6,+,3
008560,16.08.26, 03:07,1,+,4,+,2,+,4,+,1,+,2
008559,16.08.26, 02:52,3,+,6,+,5,+,5,+,1,+,4
008558,16.08.26, 02:37,4,+,4,+,4,+,6,+,6,+,6
008557,16.08.26, 02:22,1,+,5,+,4,+,3,+,3,+,4
008556,16.08.26, 02:07,3,+,3,+,2,+,4,+,6,+,6
008555,16.08.26, 01:52,3,+,6,+,3,+,2,+,4,+,4
008554,16.08.26, 01:37,1,+,3,+,1,+,6,+,5,+,5
008553,16.08.26, 01:22,4,+,6,+,3,+,2,+,4,+,3
008552,16.08.26, 01:07,6,+,1,+,1,+,6,+,3,+,5
008551,16.08.26, 00:52,4,+,6,+,4,+,6,+,5,+,6
008550,16.08.26, 00:37,1,+,5,+,4,+,2,+,2,+,1
008549,16.08.26, 00:22,2,+,2,+,1,+,1,+,5,+,4
008548,16.08.26, 00:07,2,+,5,+,6,+,5,+,6,+,2
008547,15.08.26, 23:52,6,+,6,+,2,+,4,+,1,+,3
008546,15.08.26, 23:37,6,+,6,+,3,+,2,+,6,+,6
008545,15.08.26, 23:22,3,+,3,+,3,+,5,+,1,+,5
008544,15.08.26, 23:07,4,+,1,+,2,+,2,+,6,+,3
008543,15.08.26, 22:52,5,+,1,+,3,+,3,+,5,+,2
008542,15.08.26, 22:37,1,+,3,+,2,+,4,+,1,+,4
008541,15.08.26, 22:22,6,+,6,+,6,+,6,+,5,+,2
008540,15.08.26, 22:07,4,+,4,+,5,+,5,+,3,+,1
008539,15.08.26, 21:52,1,+,6,+,4,+,6,+,1,+,5
008538,15.08.26, 21:37,2,+,3,+,1,+,2,+,1,+,6
008537,15.08.26, 21:22,6,+,5,+,2,+,5,+,5,+,3
008536,15.08.26, 21:07,5,+,4,+,3,+,4,+,1,+,1
008535,15.08.26, 20:52,4,+,3,+,1,+,2,+,1,+,6
008534,15.08.26, 20:37,4,+,6,+,5,+,3,+,3,+,6
008533,15.08.26, 20:22,2,+,2,+,5,+,4,+,1,+,6
008532,15.08.26, 20:07,2,+,6,+,5,+,2,+,2,+,5
008531,15.08.26, 19:52,5,+,6,+,2,+,1,+,6,+,6
008530,15.08.26, 19:37,1,+,1,+,5,+,6,+,6,+,1
008529,15.08.26, 19:22,6,+,3,+,2,+,2,+,6,+,4
008528,15.08.26, 19:07,5,+,1,+,6,+,1,+,4,+,4
008527,15.08.26, 18:52,2,+,1,+,5,+,6,+,3,+,4
008526,15.08.26, 18:37,5,+,1,+,1,+,4,+,5,+,4
008525,15.08.26, 18:22,4,+,5,+,2,+,2,+,5,+,1
008524,15.08.26, 18:07,2,+,2,+,4,+,1,+,2,+,5
008523,15.08.26, 17:52,5,+,4,+,3,+,1,+,2,+,3
008522,15.08.26, 17:37,5,+,1,+,3,+,1,+,4,+,6
008521,15.08.26, 17:22,3,+,1,+,4,+,3,+,5,+,1
008520,15.08.26, 17:07,2,+,5,+,6,+,6,+,4,+,3
008519,15.08.26, 16:52,2,+,4,+,5,+,5,+,2,+,6
008518,15.08.26, 16:37,2,+,5,+,3,+,5,+,4,+,3
008517,15.08.26, 16:22,4,+,3,+,6,+,6,+,2,+,6
008516,15.08.26, 16:07,4,+,6,+,2,+,3,+,6,+,5
008515,15.08.26, 15:52,1,+,1,+,2,+,3,+,6,+,2
008514,15.08.26, 15:37,3,+,3,+,4,+,6,+,3,+,6
008513,15.08.26, 15:22,6,+,4,+,2,+,5,+,3,+,6
008512,15.08.26, 15:07,2,+,2,+,5,+,2,+,6,+,6
008511,15.08.26, 14:52,5,+,4,+,6,+,4,+,4,+,6
008510,15.08.26, 14:37,6,+,1,+,5,+,1,+,4,+,6
008509,15.08.26, 14:22,4,+,4,+,4,+,5,+,1,+,6
008508,15.08.26, 14:07,3,+,1,+,1,+,1,+,1,+,3
008507,15.08.26, 13:52,1,+,4,+,2,+,3,+,6,+,4
008506,15.08.26, 13:37,3,+,1,+,6,+,2,+,2,+,6
008505,15.08.26, 13:22,2,+,2,+,2,+,2,+,4,+,2
008504,15.08.26, 13:07,2,+,2,+,2,+,1,+,1,+,4
008503,15.08.26, 12:52,5,+,3,+,4,+,3,+,4,+,6
008502,15.08.26, 12:37,1,+,6,+,5,+,3,+,5,+,3
008501,15.08.26, 12:22,3,+,3,+,4,+,1,+,5,+,5
008500,15.08.26, 12:07,4,+,4,+,6,+,6,+,4,+,3
008499,15.08.26, 11:52,1,+,1,+,5,+,1,+,3,+,4
008498,15.08.26, 11:37,3,+,1,+,6,+,3,+,4,+,2
008497,15.08.26, 11:22,2,+,4,+,3,+,2,+,5,+,4
008496,15.08.26, 11:07,1,+,1,+,2,+,3,+,6,+,6
008495,15.08.26, 10:52,3,+,2,+,2,+,6,+,1,+,3
008494,15.08.26, 10:37,3,+,1,+,3,+,1,+,4,+,6
008493,15.08.26, 10:22,4,+,6,+,6,+,6,+,2,+,2
008492,15.08.26, 10:07,3,+,2,+,3,+,2,+,1,+,3
008491,15.08.26, 09:52,1,+,3,+,4,+,5,+,1,+,1
008490,15.08.26, 09:37,5,+,1,+,5,+,1,+,4,+,4
008489,15.08.26, 09:22,3,+,1,+,3,+,4,+,1,+,4
008488,15.08.26, 09:07,5,+,2,+,3,+,5,+,5,+,5
008487,15.08.26, 08:52,4,+,4,+,5,+,4,+,6,+,3
008486,15.08.26, 08:37,4,+,6,+,3,+,1,+,6,+,6
008485,15.08.26, 08:22,4,+,4,+,3,+,5,+,5,+,1
008484,15.08.26, 08:07,6,+,4,+,6,+,2,+,5,+,6
008483,15.08.26, 07:52,4,+,3,+,5,+,3,+,6,+,6
008482,15.08.26, 07:37,5,+,3,+,6,+,5,+,5,+,3
008481,15.08.26, 07:22,4,+,1,+,5,+,3,+,6,+,6
008480,15.08.26, 07:07,2,+,5,+,6,+,5,+,3,+,4
008479,15.08.26, 06:52,3,+,2,+,3,+,2,+,6,+,4
008478,15.08.26, 06:37,1,+,5,+,1,+,6,+,1,+,5
008477,15.08.26, 06:22,4,+,3,+,3,+,4,+,2,+,1
008476,15.08.26, 06:07,1,+,3,+,2,+,2,+,3,+,5
008475,15.08.26, 05:52,2,+,6,+,2,+,1,+,1,+,5
008474,15.08.26, 05:37,6,+,4,+,4,+,2,+,6,+,2
008473,15.08.26, 05:22,3,+,6,+,1,+,1,+,1,+,5
008472,15.08.26, 05:07,3,+,6,+,2,+,6,+,2,+,3
008471,15.08.26, 04:52,6,+,2,+,4,+,4,+,6,+,1
008470,15.08.26, 04:37,6,+,2,+,3,+,3,+,3,+,5
008469,15.08.26, 04:22,1,+,6,+,5,+,5,+,1,+,6
008468,15.08.26, 04:07,4,+,1,+,2,+,4,+,3,+,3
008467,15.08.26, 03:52,2,+,5,+,2,+,3,+,2,+,6
008466,15.08.26, 03:37,2,+,1,+,4,+,3,+,3,+,1
008465,15.08.26, 03:22,6,+,3,+,2,+,4,+,5,+,3
008464,15.08.26, 03:07,3,+,3,+,3,+,4,+,2,+,3
008463,15.08.26, 02:52,3,+,5,+,3,+,1,+,6,+,2
008462,15.08.26, 02:37,1,+,1,+,2,+,1,+,1,+,4
008461,15.08.26, 02:22,6,+,4,+,6,+,4,+,1,+,5
008460,15.08.26, 02:07,6,+,1,+,4,+,3,+,5,+,2
008459,15.08.26, 01:52,6,+,5,+,1,+,6,+,3,+,2
008458,15.08.26, 01:37,6,+,5,+,1,+,1,+,1,+,5
008457,15.08.26, 01:22,3,+,3,+,3,+,3,+,3,+,4
008456,15.08.26, 01:07,3,+,1,+,4,+,6,+,3,+,2
008455,15.08.26, 00:52,2,+,3,+,6,+,2,+,3,+,2
008454,15.08.26, 00:37,1,+,4,+,6,+,3,+,1,+,5
008453,15.08.26, 00:22,5,+,1,+,2,+,5,+,4,+,3
008452,15.08.26, 00:07,4,+,4,+,1,+,1,+,3,+,4
008451,14.08.26, 23:52,5,+,4,+,2,+,4,+,6,+,1
008450,14.08.26, 23:37,3,+,6,+,1,+,5,+,2,+,6
008449,14.08.26, 23:22,4,+,4,+,3,+,5,+,6,+,1
008448,14.08.26, 23:07,6,+,1,+,3,+,6,+,2,+,5
008447,14.08.26, 22:52,1,+,4,+,4,+,3,+,5,+,5
008446,14.08.26, 22:37,3,+,5,+,6,+,3,+,4,+,3
008445,14.08.26, 22:22,5,+,6,+,2,+,1,+,3,+,1
008444,14.08.26, 22:07,2,+,1,+,4,+,2,+,4,+,2
008443,14.08.26, 21:52,4,+,1,+,6,+,1,+,1,+,2
008442,14.08.26, 21:37,4,+,4,+,5,+,4,+,5,+,3
008441,14.08.26, 21:22,5,+,4,+,4,+,2,+,5,+,2
008440,14.08.26, 21:07,5,+,3,+,1,+,5,+,4,+,5
008439,14.08.26, 20:52,4,+,6,+,6,+,1,+,3,+,1
008438,14.08.26, 20:37,2,+,4,+,3,+,1,+,1,+,6
008437,14.08.26, 20:22,5,+,4,+,3,+,6,+,3,+,5
008436,14.08.26, 20:07,6,+,4,+,3,+,4,+,5,+,4
008435,14.08.26, 19:52,3,+,3,+,1,+,4,+,2,+,6
008434,14.08.26, 19:37,6,+,5,+,6,+,6,+,6,+,6
008433,14.08.26, 19:22,2,+,6,+,6,+,2,+,2,+,3
008432,14.08.26, 19:07,5,+,4,+,2,+,4,+,6,+,5
008431,14.08.26, 18:52,6,+,1,+,4,+,1,+,4,+,4
008430,14.08.26, 18:37,3,+,6,+,4,+,4,+,1,+,6
008429,14.08.26, 18:22,3,+,1,+,3,+,4,+,6,+,6
008428,14.08.26, 18:07,1,+,6,+,4,+,1,+,6,+,3
008427,14.08.26, 17:52,1,+,3,+,2,+,5,+,1,+,4
008426,14.08.26, 17:37,3,+,4,+,3,+,4,+,6,+,3
008425,14.08.26, 17:22,2,+,4,+,4,+,2,+,4,+,4
008424,14.08.26, 17:07,4,+,3,+,3,+,5,+,5,+,2
008423,14.08.26, 16:52,3,+,4,+,6,+,1,+,4,+,3
008422,14.08.26, 16:37,4,+,4,+,4,+,2,+,3,+,3
008421,14.08.26, 16:22,3,+,6,+,1,+,2,+,1,+,4
008420,14.08.26, 16:07,5,+,1,+,1,+,3,+,6,+,1
008419,14.08.26, 15:52,3,+,3,+,1,+,5,+,4,+,3
008418,14.08.26, 15:37,3,+,3,+,1,+,4,+,1,+,3
008417,14.08.26, 15:22,5,+,2,+,2,+,1,+,1,+,3
008416,14.08.26, 15:07,6,+,5,+,5,+,5,+,5,+,1
008415,14.08.26, 14:52,1,+,6,+,5,+,5,+,2,+,4
008414,14.08.26, 14:37,1,+,3,+,5,+,6,+,4,+,5
008413,14.08.26, 14:22,1,+,6,+,1,+,1,+,6,+,5
008412,14.08.26, 14:07,2,+,5,+,6,+,3,+,3,+,4
008411,14.08.26, 13:52,3,+,1,+,3,+,6,+,4,+,5
008410,14.08.26, 13:37,5,+,5,+,4,+,4,+,1,+,3
008409,14.08.26, 13:22,3,+,6,+,4,+,5,+,5,+,2
008408,14.08.26, 13:07,3,+,5,+,6,+,1,+,6,+,6
008407,14.08.26, 12:52,2,+,3,+,6,+,4,+,6,+,4
008406,14.08.26, 12:37,3,+,3,+,2,+,2,+,2,+,2
008405,14.08.26, 12:22,5,+,2,+,6,+,2,+,5,+,1
008404,14.08.26, 12:07,5,+,4,+,6,+,1,+,6,+,4
008403,14.08.26, 11:52,3,+,6,+,3,+,5,+,2,+,1
008402,14.08.26, 11:37,2,+,4,+,3,+,2,+,3,+,4
008401,14.08.26, 11:22,2,+,3,+,5,+,4,+,4,+,2
008400,14.08.26, 11:07,5,+,5,+,1,+,1,+,6,+,6
008399,14.08.26, 10:52,1,+,1,+,1,+,2,+,3,+,1
008398,14.08.26, 10:37,5,+,1,+,3,+,3,+,1,+,1
008397,14.08.26, 10:22,3,+,3,+,1,+,1,+,5,+,4
008396,14.08.26, 10:07,6,+,3,+,3,+,3,+,3,+,4
008395,14.08.26, 09:52,6,+,3,+,4,+,4,+,3,+,3
008394,14.08.26, 09:37,3,+,6,+,4,+,5,+,6,+,2
008393,14.08.26, 09:22,3,+,4,+,5,+,1,+,4,+,5
008392,14.08.26, 09:07,4,+,4,+,2,+,2,+,2,+,4
008391,14.08.26, 08:52,3,+,5,+,1,+,5,+,5,+,5
008390,14.08.26, 08:37,2,+,2,+,6,+,1,+,4,+,6
008389,14.08.26, 08:22,6,+,6,+,2,+,1,+,1,+,5
008388,14.08.26, 08:07,4,+,4,+,3,+,2,+,2,+,1
008387,14.08.26, 07:52,4,+,4,+,6,+,5,+,3,+,3
008386,14.08.26, 07:37,2,+,1,+,4,+,3,+,1,+,5
008385,14.08.26, 07:22,6,+,6,+,6,+,2,+,4,+,5
008384,14.08.26, 07:07,3,+,6,+,1,+,3,+,1,+,4
008383,14.08.26, 06:52,1,+,1,+,5,+,5,+,3,+,2
008382,14.08.26, 06:37,6,+,6,+,6,+,6,+,1,+,5
008381,14.08.26, 06:22,1,+,1,+,3,+,6,+,4,+,2
008380,14.08.26, 06:07,3,+,6,+,5,+,2,+,3,+,3
008379,14.08.26, 05:52,5,+,6,+,1,+,2,+,3,+,2
008378,14.08.26, 05:37,2,+,1,+,2,+,3,+,1,+,5
008377,14.08.26, 05:22,4,+,2,+,1,+,2,+,3,+,6
008376,14.08.26, 05:07,1,+,5,+,1,+,4,+,4,+,1
008375,14.08.26, 04:52,2,+,6,+,5,+,3,+,3,+,5
008374,14.08.26, 04:37,5,+,2,+,2,+,6,+,1,+,4
008373,14.08.26, 04:22,4,+,3,+,4,+,2,+,3,+,3
008372,14.08.26, 04:07,2,+,1,+,1,+,3,+,1,+,1
008371,14.08.26, 03:52,1,+,1,+,3,+,1,+,6,+,5
008370,14.08.26, 03:37,3,+,3,+,3,+,5,+,2,+,3
008369,14.08.26, 03:22,5,+,6,+,1,+,5,+,3,+,1
008368,14.08.26, 03:07,5,+,3,+,2,+,3,+,2,+,5
008367,14.08.26, 02:52,4,+,5,+,6,+,6,+,5,+,4
008366,14.08.26, 02:37,5,+,3,+,1,+,6,+,1,+,1
008365,14.08.26, 02:22,5,+,1,+,6,+,5,+,3,+,4
008364,14.08.26, 02:07,6,+,3,+,6,+,6,+,3,+,6
008363,14.08.26, 01:52,1,+,5,+,4,+,5,+,4,+,1
008362,14.08.26, 01:37,4,+,3,+,5,+,2,+,3,+,2
008361,14.08.26, 01:22,1,+,5,+,2,+,6,+,6,+,3
008360,14.08.26, 01:07,2,+,6,+,1,+,2,+,5,+,1
008359,14.08.26, 00:52,1,+,3,+,5,+,3,+,4,+,1
008358,14.08.26, 00:37,2,+,2,+,3,+,2,+,5,+,6
008357,14.08.26, 00:22,1,+,1,+,5,+,4,+,5,+,4
008356,14.08.26, 00:07,3,+,1,+,4,+,6,+,4,+,5
008355,13.08.26, 23:52,5,+,3,+,4,+,3,+,2,+,2
008354,13.08.26, 23:37,4,+,1,+,1,+,5,+,6,+,1
008353,13.08.26, 23:22,3,+,4,+,4,+,3,+,1,+,1
008352,13.08.26, 23:07,5,+,4,+,1,+,4,+,1,+,2
008351,13.08.26, 22:52,3,+,3,+,2,+,6,+,6,+,3
008350,13.08.26, 22:37,2,+,3,+,1,+,1,+,5,+,1
008349,13.08.26, 22:22,2,+,2,+,2,+,4,+,4,+,5
008348,13.08.26, 22:07,6,+,6,+,1,+,1,+,3,+,6
008347,13.08.26, 21:52,6,+,5,+,2,+,6,+,2,+,3
008346,13.08.26, 21:37,6,+,2,+,1,+,4,+,1,+,3
008345,13.08.26, 21:22,6,+,4,+,4,+,5,+,6,+,3
008344,13.08.26, 21:07,1,+,2,+,2,+,2,+,4,+,4
008343,13.08.26, 20:52,5,+,3,+,6,+,1,+,3,+,4
008342,13.08.26, 20:37,3,+,4,+,5,+,4,+,6,+,5
008341,13.08.26, 20:22,3,+,2,+,2,+,3,+,2,+,2
008340,13.08.26, 20:07,3,+,6,+,3,+,5,+,3,+,6
008339,13.08.26, 19:52,2,+,4,+,6,+,1,+,1,+,6
008338,13.08.26, 19:37,5,+,2,+,6,+,3,+,3,+,5
008337,13.08.26, 19:22,5,+,6,+,2,+,1,+,2,+,6
008336,13.08.26, 19:07,5,+,5,+,2,+,2,+,5,+,1
008335,13.08.26, 18:52,6,+,6,+,6,+,3,+,6,+,1
008334,13.08.26, 18:37,5,+,2,+,5,+,2,+,4,+,3
008333,13.08.26, 18:22,1,+,1,+,6,+,1,+,6,+,4
008332,13.08.26, 18:07,2,+,1,+,4,+,1,+,1,+,5
008331,13.08.26, 17:52,4,+,2,+,2,+,1,+,6,+,6
008330,13.08.26, 17:37,6,+,3,+,5,+,3,+,3,+,6
008329,13.08.26, 17:22,3,+,2,+,5,+,4,+,2,+,4
008328,13.08.26, 17:07,1,+,6,+,4,+,5,+,5,+,6
008327,13.08.26, 16:52,5,+,5,+,2,+,5,+,4,+,1
008326,13.08.26, 16:37,4,+,1,+,3,+,4,+,3,+,5
008325,13.08.26, 16:22,5,+,2,+,5,+,1,+,4,+,5
008324,13.08.26, 16:07,5,+,3,+,1,+,6,+,2,+,4
008323,13.08.26, 15:52,6,+,3,+,1,+,1,+,4,+,4
008322,13.08.26, 15:37,6,+,5,+,3,+,3,+,1,+,2
008321,13.08.26, 15:22,5,+,1,+,2,+,4,+,1,+,5
008320,13.08.26, 15:07,2,+,1,+,4,+,3,+,6,+,5
008319,13.08.26, 14:52,3,+,3,+,1,+,1,+,6,+,3
008318,13.08.26, 14:37,5,+,6,+,3,+,3,+,2,+,5
008317,13.08.26, 14:22,4,+,2,+,1,+,4,+,3,+,3
008316,13.08.26, 14:07,2,+,3,+,6,+,1,+,4,+,4
008315,13.08.26, 13:52,5,+,4,+,3,+,3,+,1,+,1
008314,13.08.26, 13:37,6,+,4,+,2,+,3,+,5,+,6
008313,13.08.26, 13:22,1,+,5,+,5,+,3,+,2,+,1
008312,13.08.26, 13:07,1,+,2,+,1,+,6,+,1,+,5
008311,13.08.26, 12:52,5,+,2,+,6,+,6,+,2,+,5
008310,13.08.26, 12:37,1,+,6,+,4,+,3,+,5,+,1
008309,13.08.26, 12:22,4,+,2,+,3,+,4,+,5,+,3
008308,13.08.26, 12:07,1,+,6,+,4,+,3,+,3,+,3
008307,13.08.26, 11:52,2,+,4,+,6,+,3,+,1,+,4
008306,13.08.26, 11:37,3,+,6,+,2,+,4,+,3,+,5
008305,13.08.26, 11:22,1,+,2,+,6,+,5,+,1,+,3
008304,13.08.26, 11:07,1,+,2,+,1,+,6,+,1,+,1
008303,13.08.26, 10:52,2,+,6,+,2,+,6,+,5,+,6
008302,13.08.26, 10:37,6,+,2,+,3,+,1,+,2,+,3
008301,13.08.26, 10:22,4,+,2,+,1,+,4,+,2,+,3
008300,13.08.26, 10:07,4,+,2,+,5,+,2,+,5,+,6
008299,13.08.26, 09:52,3,+,4,+,1,+,4,+,5,+,1
008298,13.08.26, 09:37,3,+,2,+,6,+,3,+,2,+,6
008297,13.08.26, 09:22,5,+,6,+,3,+,5,+,1,+,3
008296,13.08.26, 09:07,2,+,6,+,3,+,3,+,4,+,6
008295,13.08.26, 08:52,2,+,4,+,4,+,6,+,1,+,3
008294,13.08.26, 08:37,5,+,5,+,6,+,1,+,6,+,6
008293,13.08.26, 08:22,3,+,3,+,6,+,5,+,3,+,1
008292,13.08.26, 08:07,3,+,2,+,2,+,5,+,3,+,3
008291,13.08.26, 07:52,1,+,2,+,6,+,3,+,4,+,5
008290,13.08.26, 07:37,3,+,6,+,6,+,2,+,5,+,4
008289,13.08.26, 07:22,2,+,3,+,5,+,4,+,3,+,4
008288,13.08.26, 07:07,3,+,6,+,1,+,2,+,5,+,2
008287,13.08.26, 06:52,1,+,6,+,4,+,5,+,6,+,1
008286,13.08.26, 06:37,3,+,6,+,4,+,2,+,1,+,6
008285,13.08.26, 06:22,3,+,5,+,1,+,6,+,3,+,6
008284,13.08.26, 06:07,4,+,5,+,2,+,1,+,2,+,6
008283,13.08.26, 05:52,2,+,1,+,4,+,3,+,1,+,2
008282,13.08.26, 05:37,3,+,2,+,6,+,5,+,5,+,3
008281,13.08.26, 05:22,3,+,4,+,1,+,4,+,1,+,4
008280,13.08.26, 05:07,1,+,3,+,4,+,3,+,2,+,1
008279,13.08.26, 04:52,2,+,6,+,6,+,2,+,5,+,4
008278,13.08.26, 04:37,1,+,5,+,6,+,2,+,3,+,5
008277,13.08.26, 04:22,5,+,3,+,1,+,1,+,6,+,3
008276,13.08.26, 04:07,6,+,4,+,1,+,6,+,6,+,2
008275,13.08.26, 03:52,4,+,1,+,3,+,3,+,5,+,2
008274,13.08.26, 03:37,4,+,6,+,3,+,2,+,6,+,3
008273,13.08.26, 03:22,4,+,4,+,3,+,3,+,6,+,2
008272,13.08.26, 03:07,1,+,1,+,3,+,6,+,5,+,1
008271,13.08.26, 02:52,6,+,5,+,5,+,3,+,6,+,1
008270,13.08.26, 02:37,6,+,5,+,2,+,2,+,1,+,1
008269,13.08.26, 02:22,4,+,5,+,6,+,3,+,2,+,5
008268,13.08.26, 02:07,2,+,5,+,3,+,1,+,4,+,5
008267,13.08.26, 01:52,3,+,4,+,5,+,1,+,2,+,1
008266,13.08.26, 01:37,3,+,2,+,2,+,1,+,1,+,5
008265,13.08.26, 01:22,6,+,1,+,6,+,6,+,2,+,6
008264,13.08.26, 01:07,3,+,2,+,1,+,4,+,4,+,6
008263,13.08.26, 00:52,6,+,3,+,5,+,6,+,2,+,4
008262,13.08.26, 00:37,4,+,6,+,1,+,6,+,2,+,6
008261,13.08.26, 00:22,3,+,3,+,1,+,3,+,3,+,5
008260,13.08.26, 00:07,5,+,2,+,4,+,4,+,3,+,6
008259,12.08.26, 23:52,2,+,4,+,1,+,4,+,6,+,5
008258,12.08.26, 23:37,1,+,1,+,4,+,2,+,6,+,2
008257,12.08.26, 23:22,2,+,5,+,6,+,3,+,2,+,4
008256,12.08.26, 23:07,4,+,3,+,3,+,2,+,2,+,4
008255,12.08.26, 22:52,6,+,4,+,5,+,3,+,1,+,2
008254,12.08.26, 22:37,1,+,4,+,2,+,4,+,6,+,5
008253,12.08.26, 22:22,1,+,6,+,3,+,5,+,6,+,4
008252,12.08.26, 22:07,3,+,4,+,1,+,1,+,2,+,4
008251,12.08.26, 21:52,5,+,3,+,1,+,2,+,4,+,5
008250,12.08.26, 21:37,2,+,4,+,5,+,4,+,2,+,2
008249,12.08.26, 21:22,1,+,5,+,1,+,5,+,4,+,3
008248,12.08.26, 21:07,2,+,5,+,5,+,6,+,3,+,4
008247,12.08.26, 20:52,4,+,2,+,2,+,6,+,4,+,6
008246,12.08.26, 20:37,5,+,2,+,4,+,1,+,3,+,1
008245,12.08.26, 20:22,2,+,1,+,2,+,1,+,1,+,4
008244,12.08.26, 20:07,3,+,2,+,1,+,4,+,1,+,3
008243,12.08.26, 19:52,3,+,3,+,4,+,5,+,6,+,2
008242,12.08.26, 19:37,4,+,4,+,5,+,2,+,5,+,4
008241,12.08.26, 19:22,1,+,3,+,5,+,2,+,2,+,2
008240,12.08.26, 19:07,6,+,6,+,5,+,3,+,1,+,3
008239,12.08.26, 18:52,2,+,6,+,5,+,5,+,3,+,1
008238,12.08.26, 18:37,2,+,6,+,1,+,4,+,1,+,4
008237,12.08.26, 18:22,2,+,1,+,2,+,1,+,3,+,2
008236,12.08.26, 18:07,4,+,2,+,3,+,6,+,2,+,2
008235,12.08.26, 17:52,4,+,3,+,3,+,1,+,2,+,6
008234,12.08.26, 17:37,1,+,5,+,3,+,1,+,4,+,3
008233,12.08.26, 17:22,3,+,5,+,5,+,6,+,3,+,1
008232,12.08.26, 17:07,1,+,3,+,5,+,6,+,4,+,2
008231,12.08.26, 16:52,3,+,4,+,5,+,6,+,4,+,1
008230,12.08.26, 16:37,2,+,6,+,6,+,3,+,6,+,5
008229,12.08.26, 16:22,2,+,2,+,1,+,4,+,3,+,1
008228,12.08.26, 16:07,2,+,3,+,4,+,5,+,3,+,1
008227,12.08.26, 15:52,5,+,2,+,6,+,5,+,5,+,3
008226,12.08.26, 15:37,4,+,5,+,1,+,6,+,1,+,3
008225,12.08.26, 15:22,1,+,2,+,2,+,5,+,6,+,5
008224,12.08.26, 15:07,4,+,3,+,4,+,1,+,2,+,6
008223,12.08.26, 14:52,6,+,1,+,6,+,2,+,4,+,6
008222,12.08.26, 14:37,3,+,2,+,4,+,2,+,1,+,4
008221,12.08.26, 14:22,2,+,2,+,3,+,3,+,6,+,6
008220,12.08.26, 14:07,5,+,6,+,2,+,5,+,2,+,4
008219,12.08.26, 13:52,6,+,2,+,5,+,3,+,6,+,2
008218,12.08.26, 13:37,1,+,4,+,6,+,5,+,1,+,3
008217,12.08.26, 13:22,6,+,4,+,3,+,4,+,4,+,1
008216,12.08.26, 13:07,1,+,1,+,6,+,2,+,4,+,2
008215,12.08.26, 12:52,4,+,4,+,2,+,3,+,4,+,6
008214,12.08.26, 12:37,2,+,1,+,2,+,3,+,4,+,6
008213,12.08.26, 12:22,6,+,3,+,2,+,4,+,3,+,5
008212,12.08.26, 12:07,6,+,2,+,6,+,3,+,1,+,1
008211,12.08.26, 11:52,4,+,5,+,2,+,1,+,2,+,5
008210,12.08.26, 11:37,5,+,5,+,6,+,6,+,3,+,2
008209,12.08.26, 11:22,6,+,1,+,1,+,4,+,1,+,1
008208,12.08.26, 11:07,3,+,4,+,6,+,1,+,1,+,3
008207,12.08.26, 10:52,6,+,1,+,5,+,2,+,3,+,3
008206,12.08.26, 10:37,1,+,1,+,5,+,4,+,3,+,4
008205,12.08.26, 10:22,2,+,2,+,5,+,4,+,3,+,6
008204,12.08.26, 10:07,6,+,4,+,2,+,2,+,4,+,6
008203,12.08.26, 09:52,6,+,2,+,3,+,4,+,3,+,2
008202,12.08.26, 09:37,3,+,1,+,5,+,2,+,6,+,6
008201,12.08.26, 09:22,6,+,1,+,2,+,3,+,6,+,6
008200,12.08.26, 09:07,5,+,6,+,6,+,2,+,5,+,2
008199,12.08.26, 08:52,4,+,3,+,3,+,2,+,3,+,5
008198,12.08.26, 08:37,6,+,3,+,1,+,6,+,3,+,5
008197,12.08.26, 08:22,4,+,4,+,3,+,2,+,4,+,5
008196,12.08.26, 08:07,3,+,5,+,3,+,6,+,2,+,6
008195,12.08.26, 07:52,5,+,2,+,4,+,4,+,4,+,5
008194,12.08.26, 07:37,5,+,1,+,6,+,3,+,2,+,3
008193,12.08.26, 07:22,2,+,5,+,4,+,5,+,5,+,2
008192,12.08.26, 07:07,2,+,6,+,1,+,6,+,1,+,2
008191,12.08.26, 06:52,5,+,5,+,6,+,1,+,6,+,1
008190,12.08.26, 06:37,6,+,3,+,3,+,1,+,1,+,1
008189,12.08.26, 06:22,3,+,6,+,3,+,2,+,2,+,1
008188,12.08.26, 06:07,5,+,3,+,2,+,1,+,2,+,4
008187,12.08.26, 05:52,1,+,3,+,6,+,5,+,1,+,3
008186,12.08.26, 05:37,5,+,3,+,3,+,4,+,4,+,4
008185,12.08.26, 05:22,6,+,4,+,4,+,2,+,3,+,5
008184,12.08.26, 05:07,1,+,6,+,3,+,2,+,4,+,1
008183,12.08.26, 04:52,1,+,6,+,3,+,4,+,5,+,1
008182,12.08.26, 04:37,4,+,3,+,3,+,1,+,4,+,1
008181,12.08.26, 04:22,1,+,6,+,2,+,4,+,5,+,3
008180,12.08.26, 04:07,2,+,5,+,1,+,5,+,2,+,2
008179,12.08.26, 03:52,4,+,5,+,3,+,2,+,4,+,4
008178,12.08.26, 03:37,1,+,2,+,1,+,3,+,5,+,1
008177,12.08.26, 03:22,4,+,4,+,3,+,2,+,2,+,6
008176,12.08.26, 03:07,4,+,2,+,6,+,5,+,6,+,1
008175,12.08.26, 02:52,6,+,5,+,6,+,6,+,5,+,3
008174,12.08.26, 02:37,1,+,5,+,3,+,6,+,6,+,3
008173,12.08.26, 02:22,5,+,4,+,1,+,1,+,1,+,1
008172,12.08.26, 02:07,6,+,3,+,3,+,2,+,4,+,4
008171,12.08.26, 01:52,1,+,6,+,5,+,2,+,4,+,6
008170,12.08.26, 01:37,1,+,2,+,2,+,4,+,2,+,4
008169,12.08.26, 01:22,2,+,2,+,3,+,1,+,3,+,3
008168,12.08.26, 01:07,5,+,2,+,6,+,4,+,3,+,4
008167,12.08.26, 00:52,4,+,6,+,5,+,6,+,2,+,5
008166,12.08.26, 00:37,3,+,6,+,6,+,6,+,3,+,4
008165,12.08.26, 00:22,4,+,1,+,5,+,3,+,4,+,2
008164,12.08.26, 00:07,6,+,5,+,4,+,2,+,6,+,6
008163,11.08.26, 23:52,1,+,6,+,6,+,6,+,5,+,1
008162,11.08.26, 23:37,3,+,3,+,5,+,2,+,6,+,4
008161,11.08.26, 23:22,5,+,5,+,4,+,2,+,1,+,3
008160,11.08.26, 23:07,3,+,3,+,5,+,6,+,3,+,1
008159,11.08.26, 22:52,3,+,1,+,6,+,5,+,2,+,4
008158,11.08.26, 22:37,3,+,5,+,2,+,1,+,3,+,4
008157,11.08.26, 22:22,2,+,1,+,2,+,3,+,2,+,2
008156,11.08.26, 22:07,4,+,4,+,1,+,2,+,6,+,4
008155,11.08.26, 21:52,3,+,6,+,6,+,1,+,4,+,5
008154,11.08.26, 21:37,5,+,1,+,1,+,3,+,2,+,3
008153,11.08.26, 21:22,2,+,5,+,1,+,2,+,6,+,3
008152,11.08.26, 21:07,1,+,5,+,6,+,6,+,5,+,3
008151,11.08.26, 20:52,4,+,4,+,5,+,1,+,2,+,1
008150,11.08.26, 20:37,5,+,5,+,3,+,1,+,3,+,4
008149,11.08.26, 20:22,6,+,5,+,2,+,1,+,6,+,3
008148,11.08.26, 20:07,4,+,6,+,5,+,1,+,3,+,4
008147,11.08.26, 19:52,1,+,5,+,4,+,6,+,1,+,5
008146,11.08.26, 19:37,1,+,2,+,3,+,5,+,3,+,4
008145,11.08.26, 19:22,3,+,3,+,5,+,2,+,5,+,3
008144,11.08.26, 19:07,6,+,3,+,6,+,5,+,4,+,3
008143,11.08.26, 18:52,4,+,2,+,1,+,4,+,5,+,3
008142,11.08.26, 18:37,1,+,5,+,4,+,3,+,2,+,2
008141,11.08.26, 18:22,5,+,4,+,2,+,5,+,4,+,3
008140,11.08.26, 18:07,2,+,4,+,4,+,2,+,4,+,5
008139,11.08.26, 17:52,1,+,2,+,3,+,3,+,5,+,5
008138,11.08.26, 17:37,4,+,2,+,6,+,4,+,3,+,1
008137,11.08.26, 17:22,4,+,2,+,2,+,2,+,2,+,3
008136,11.08.26, 17:07,1,+,4,+,2,+,3,+,6,+,4
008135,11.08.26, 16:52,2,+,5,+,2,+,1,+,5,+,5
008134,11.08.26, 16:37,6,+,2,+,1,+,4,+,3,+,1
008133,11.08.26, 16:22,4,+,5,+,1,+,4,+,5,+,1
008132,11.08.26, 16:07,5,+,5,+,1,+,1,+,6,+,3
008131,11.08.26, 15:52,4,+,2,+,1,+,2,+,4,+,3
008130,11.08.26, 15:37,4,+,5,+,5,+,6,+,1,+,1
008129,11.08.26, 15:22,5,+,5,+,5,+,1,+,1,+,3
008128,11.08.26, 15:07,4,+,2,+,2,+,3,+,3,+,4
008127,11.08.26, 14:52,2,+,3,+,3,+,5,+,2,+,6
008126,11.08.26, 14:37,5,+,1,+,4,+,4,+,4,+,2
008125,11.08.26, 14:22,5,+,2,+,2,+,6,+,5,+,3
008124,11.08.26, 14:07,6,+,2,+,3,+,3,+,4,+,2
008123,11.08.26, 13:52,6,+,3,+,2,+,4,+,4,+,5
008122,11.08.26, 13:37,1,+,6,+,5,+,6,+,6,+,4
008121,11.08.26, 13:22,2,+,6,+,5,+,3,+,3,+,5
008120,11.08.26, 13:07,2,+,2,+,2,+,5,+,3,+,1
008119,11.08.26, 12:52,3,+,1,+,2,+,3,+,4,+,6
008118,11.08.26, 12:37,6,+,2,+,4,+,1,+,3,+,4
008117,11.08.26, 12:22,5,+,1,+,2,+,3,+,2,+,3
008116,11.08.26, 12:07,2,+,3,+,4,+,3,+,4,+,6
008115,11.08.26, 11:52,1,+,3,+,1,+,5,+,3,+,1
008114,11.08.26, 11:37,6,+,6,+,4,+,3,+,4,+,1
008113,11.08.26, 11:22,1,+,6,+,5,+,1,+,5,+,3
008112,11.08.26, 11:07,6,+,5,+,3,+,5,+,3,+,2
008111,11.08.26, 10:52,6,+,1,+,4,+,1,+,5,+,3
008110,11.08.26, 10:37,5,+,1,+,2,+,5,+,5,+,4
008109,11.08.26, 10:22,1,+,6,+,5,+,6,+,5,+,5
008108,11.08.26, 10:07,3,+,1,+,3,+,3,+,3,+,4
008107,11.08.26, 09:52,3,+,6,+,5,+,5,+,6,+,5
008106,11.08.26, 09:37,1,+,3,+,5,+,3,+,2,+,3
008105,11.08.26, 09:22,2,+,3,+,1,+,3,+,5,+,5
008104,11.08.26, 09:07,4,+,1,+,5,+,1,+,2,+,5
008103,11.08.26, 08:52,2,+,4,+,3,+,2,+,5,+,1
008102,11.08.26, 08:37,1,+,1,+,5,+,6,+,6,+,3
008101,11.08.26, 08:22,4,+,3,+,2,+,2,+,1,+,1
008100,11.08.26, 08:07,5,+,5,+,5,+,2,+,3,+,5
008099,11.08.26, 07:52,2,+,2,+,6,+,6,+,3,+,4
008098,11.08.26, 07:37,1,+,5,+,2,+,6,+,2,+,5
008097,11.08.26, 07:22,2,+,3,+,3,+,3,+,5,+,4
008096,11.08.26, 07:07,4,+,2,+,3,+,5,+,1,+,3
008095,11.08.26, 06:52,5,+,2,+,1,+,4,+,1,+,2
008094,11.08.26, 06:37,1,+,4,+,3,+,5,+,4,+,5
008093,11.08.26, 06:22,3,+,6,+,2,+,4,+,1,+,3
008092,11.08.26, 06:07,1,+,1,+,5,+,4,+,1,+,4
008091,11.08.26, 05:52,2,+,6,+,6,+,3,+,6,+,4
008090,11.08.26, 05:37,5,+,1,+,4,+,3,+,3,+,3
008089,11.08.26, 05:22,2,+,1,+,1,+,2,+,2,+,2
008088,11.08.26, 05:07,5,+,1,+,4,+,4,+,5,+,6
008087,11.08.26, 04:52,2,+,5,+,1,+,6,+,1,+,5
008086,11.08.26, 04:37,3,+,2,+,2,+,5,+,6,+,6
008085,11.08.26, 04:22,4,+,3,+,5,+,1,+,6,+,3
008084,11.08.26, 04:07,6,+,5,+,5,+,1,+,6,+,6
008083,11.08.26, 03:52,1,+,1,+,5,+,2,+,4,+,5
008082,11.08.26, 03:37,1,+,1,+,2,+,2,+,6,+,1
008081,11.08.26, 03:22,4,+,2,+,5,+,5,+,1,+,5
008080,11.08.26, 03:07,4,+,4,+,1,+,6,+,5,+,1
008079,11.08.26, 02:52,4,+,1,+,6,+,3,+,2,+,2
008078,11.08.26, 02:37,3,+,2,+,2,+,3,+,3,+,3
008077,11.08.26, 02:22,4,+,5,+,6,+,1,+,4,+,2
008076,11.08.26, 02:07,2,+,1,+,2,+,4,+,4,+,3
008075,11.08.26, 01:52,6,+,2,+,3,+,6,+,6,+,2
008074,11.08.26, 01:37,1,+,5,+,2,+,4,+,1,+,6
008073,11.08.26, 01:22,2,+,6,+,2,+,2,+,1,+,5
008072,11.08.26, 01:07,5,+,3,+,2,+,2,+,1,+,4
008071,11.08.26, 00:52,6,+,1,+,4,+,3,+,6,+,3
008070,11.08.26, 00:37,3,+,6,+,5,+,4,+,1,+,6
008069,11.08.26, 00:22,1,+,1,+,3,+,3,+,5,+,5
008068,11.08.26, 00:07,2,+,4,+,1,+,1,+,4,+,5
008067,10.08.26, 23:07,2,+,6,+,3,+,2,+,3,+,4
008066,10.08.26, 22:52,1,+,6,+,6,+,3,+,3,+,3
008065,10.08.26, 22:37,4,+,5,+,5,+,1,+,1,+,6
008064,10.08.26, 22:22,6,+,5,+,3,+,4,+,5,+,1
008063,10.08.26, 22:07,2,+,6,+,2,+,4,+,2,+,1
008062,10.08.26, 21:52,3,+,3,+,2,+,4,+,1,+,1
008061,10.08.26, 21:37,4,+,4,+,2,+,2,+,2,+,5
008060,10.08.26, 21:22,2,+,6,+,6,+,5,+,2,+,1
008059,10.08.26, 21:07,6,+,4,+,5,+,6,+,2,+,6
008058,10.08.26, 20:52,4,+,6,+,4,+,6,+,3,+,2
008057,10.08.26, 20:37,4,+,5,+,2,+,5,+,2,+,4
008056,10.08.26, 20:22,4,+,4,+,4,+,2,+,4,+,5
008055,10.08.26, 20:07,2,+,2,+,4,+,5,+,2,+,3
008054,10.08.26, 19:52,4,+,1,+,2,+,5,+,6,+,5
008053,10.08.26, 19:37,6,+,6,+,4,+,4,+,6,+,5
008052,10.08.26, 19:22,5,+,4,+,1,+,2,+,2,+,5
008051,10.08.26, 19:07,5,+,6,+,1,+,5,+,4,+,1
008050,10.08.26, 18:52,1,+,4,+,5,+,3,+,3,+,6
008049,10.08.26, 18:37,5,+,6,+,3,+,3,+,4,+,6
008048,10.08.26, 18:22,5,+,3,+,5,+,4,+,2,+,1
008047,10.08.26, 18:07,4,+,3,+,2,+,3,+,4,+,1
008046,10.08.26, 17:52,1,+,6,+,1,+,4,+,4,+,3
008045,10.08.26, 17:37,4,+,5,+,2,+,4,+,1,+,2
008044,10.08.26, 17:22,2,+,3,+,5,+,4,+,3,+,6
008043,10.08.26, 17:07,3,+,3,+,5,+,4,+,6,+,3
008042,10.08.26, 16:52,6,+,3,+,1,+,5,+,4,+,6
008041,10.08.26, 16:37,6,+,6,+,1,+,3,+,2,+,4
008040,10.08.26, 16:22,2,+,3,+,4,+,3,+,5,+,3
008039,10.08.26, 16:07,6,+,2,+,1,+,1,+,6,+,4
008038,10.08.26, 15:52,5,+,2,+,1,+,6,+,5,+,6
008037,10.08.26, 15:37,4,+,1,+,5,+,5,+,4,+,4
008036,10.08.26, 15:22,2,+,4,+,1,+,3,+,6,+,4
008035,10.08.26, 15:07,3,+,2,+,4,+,5,+,1,+,5
008034,10.08.26, 14:52,4,+,5,+,5,+,1,+,1,+,3
008033,10.08.26, 14:37,3,+,2,+,2,+,3,+,5,+,5
008032,10.08.26, 14:22,6,+,1,+,1,+,6,+,1,+,2
008031,10.08.26, 14:07,5,+,4,+,5,+,4,+,5,+,1
008030,10.08.26, 13:52,4,+,3,+,2,+,1,+,6,+,3
008029,10.08.26, 13:37,5,+,1,+,2,+,1,+,3,+,4
008028,10.08.26, 13:22,2,+,5,+,5,+,6,+,6,+,1
008027,10.08.26, 13:07,4,+,1,+,6,+,5,+,5,+,4
008026,10.08.26, 12:52,6,+,2,+,1,+,4,+,4,+,3
008025,10.08.26, 12:37,3,+,1,+,1,+,2,+,2,+,5
008024,10.08.26, 12:22,3,+,2,+,3,+,6,+,6,+,1
008023,10.08.26, 12:07,2,+,6,+,3,+,3,+,2,+,2
008022,10.08.26, 11:52,3,+,6,+,4,+,6,+,4,+,2
008021,10.08.26, 11:37,4,+,3,+,3,+,2,+,4,+,1
008020,10.08.26, 11:22,4,+,5,+,6,+,2,+,1,+,3
008019,10.08.26, 11:07,3,+,6,+,4,+,6,+,6,+,6
008018,10.08.26, 10:52,1,+,3,+,6,+,5,+,2,+,4
008017,10.08.26, 10:37,4,+,4,+,1,+,1,+,5,+,6
008016,10.08.26, 10:22,6,+,5,+,6,+,5,+,6,+,4
008015,10.08.26, 10:07,2,+,5,+,5,+,1,+,6,+,4
008014,10.08.26, 09:52,1,+,4,+,2,+,6,+,1,+,4
008013,10.08.26, 09:37,4,+,2,+,4,+,6,+,4,+,2
008012,10.08.26, 09:22,4,+,6,+,2,+,4,+,3,+,2
008011,10.08.26, 09:07,4,+,2,+,2,+,4,+,6,+,6
008010,10.08.26, 08:52,5,+,4,+,2,+,5,+,2,+,5
008009,10.08.26, 08:37,4,+,2,+,1,+,4,+,6,+,2
008008,10.08.26, 08:22,1,+,3,+,2,+,3,+,6,+,5
008007,10.08.26, 08:07,2,+,5,+,6,+,3,+,5,+,3
008006,10.08.26, 07:52,6,+,5,+,2,+,2,+,6,+,2
008005,10.08.26, 07:37,5,+,1,+,3,+,2,+,5,+,5
008004,10.08.26, 07:22,6,+,5,+,5,+,2,+,4,+,1
008003,10.08.26, 07:07,5,+,2,+,6,+,3,+,1,+,6
008002,10.08.26, 06:52,5,+,3,+,2,+,2,+,4,+,6
008001,10.08.26, 06:37,6,+,4,+,6,+,2,+,1,+,1
008000,10.08.26, 06:22,2,+,4,+,2,+,1,+,3,+,2
007999,10.08.26, 06:07,6,+,4,+,3,+,5,+,2,+,2
007998,10.08.26, 05:52,5,+,6,+,1,+,1,+,5,+,1
007997,10.08.26, 05:37,4,+,1,+,2,+,4,+,3,+,4
007996,10.08.26, 05:22,4,+,5,+,3,+,1,+,3,+,6
007995,10.08.26, 05:07,2,+,6,+,4,+,2,+,3,+,1
007994,10.08.26, 04:52,6,+,1,+,2,+,3,+,2,+,3
007993,10.08.26, 04:37,1,+,4,+,5,+,3,+,5,+,5
007992,10.08.26, 04:22,5,+,3,+,2,+,3,+,4,+,1
007991,10.08.26, 04:07,5,+,6,+,3,+,5,+,5,+,1
007990,10.08.26, 03:52,6,+,6,+,1,+,4,+,4,+,2
007989,10.08.26, 03:37,2,+,6,+,5,+,6,+,2,+,1
007988,10.08.26, 03:22,1,+,1,+,5,+,6,+,2,+,2
007987,10.08.26, 03:07,3,+,3,+,5,+,5,+,4,+,5
007986,10.08.26, 02:52,5,+,1,+,2,+,2,+,6,+,2
007985,10.08.26, 02:37,4,+,3,+,1,+,4,+,6,+,4
007984,10.08.26, 02:22,5,+,4,+,2,+,3,+,4,+,5
007983,10.08.26, 02:07,6,+,5,+,1,+,3,+,6,+,5
007982,10.08.26, 01:52,5,+,6,+,4,+,3,+,1,+,1
007981,10.08.26, 01:37,1,+,2,+,4,+,6,+,5,+,1
007980,10.08.26, 01:22,4,+,2,+,3,+,4,+,4,+,3
007979,10.08.26, 01:07,4,+,5,+,1,+,2,+,5,+,5
007978,10.08.26, 00:52,1,+,4,+,1,+,4,+,3,+,1
007977,10.08.26, 00:37,3,+,4,+,4,+,6,+,5,+,4
007976,10.08.26, 00:22,6,+,3,+,6,+,5,+,4,+,5
007975,10.08.26, 00:07,5,+,2,+,2,+,5,+,5,+,1
007974,09.08.26, 23:52,2,+,6,+,6,+,4,+,6,+,5
007973,09.08.26, 23:37,6,+,4,+,1,+,6,+,6,+,6
007972,09.08.26, 23:22,5,+,6,+,2,+,1,+,5,+,3
007971,09.08.26, 23:07,1,+,3,+,3,+,3,+,4,+,4
007970,09.08.26, 22:52,1,+,6,+,2,+,1,+,2,+,1
007969,09.08.26, 22:37,1,+,1,+,3,+,2,+,4,+,2
007968,09.08.26, 22:22,3,+,4,+,1,+,1,+,4,+,3
007967,09.08.26, 22:07,3,+,6,+,3,+,1,+,6,+,3
007966,09.08.26, 21:52,2,+,3,+,4,+,6,+,1,+,4
007965,09.08.26, 21:37,2,+,4,+,3,+,3,+,4,+,2
007964,09.08.26, 21:22,6,+,6,+,3,+,6,+,4,+,3
007963,09.08.26, 21:07,6,+,5,+,2,+,4,+,4,+,4
007962,09.08.26, 20:52,2,+,1,+,1,+,6,+,1,+,5
007961,09.08.26, 20:37,6,+,4,+,2,+,5,+,4,+,1
007960,09.08.26, 20:22,1,+,5,+,3,+,6,+,6,+,6
007959,09.08.26, 20:07,1,+,5,+,2,+,4,+,5,+,5
007958,09.08.26, 19:52,6,+,3,+,5,+,4,+,4,+,5
007957,09.08.26, 19:37,3,+,5,+,2,+,5,+,6,+,1
007956,09.08.26, 19:22,5,+,6,+,3,+,4,+,3,+,5
007955,09.08.26, 19:07,6,+,6,+,3,+,2,+,6,+,5
007954,09.08.26, 18:52,6,+,2,+,6,+,3,+,6,+,3
007953,09.08.26, 18:37,6,+,5,+,1,+,2,+,3,+,6
007952,09.08.26, 18:22,2,+,6,+,4,+,3,+,4,+,2
007951,09.08.26, 18:07,1,+,3,+,4,+,1,+,5,+,2
007950,09.08.26, 17:52,5,+,1,+,1,+,1,+,4,+,1
007949,09.08.26, 17:37,2,+,4,+,4,+,1,+,3,+,4
007948,09.08.26, 17:22,5,+,3,+,3,+,6,+,6,+,3
007947,09.08.26, 17:07,5,+,3,+,1,+,3,+,4,+,6
007946,09.08.26, 16:52,1,+,2,+,2,+,1,+,2,+,6
007945,09.08.26, 16:37,6,+,4,+,1,+,4,+,2,+,1
007944,09.08.26, 16:22,6,+,3,+,3,+,6,+,1,+,3
007943,09.08.26, 16:07,6,+,3,+,4,+,1,+,5,+,2
007942,09.08.26, 15:52,5,+,2,+,5,+,6,+,2,+,1
007941,09.08.26, 15:37,6,+,2,+,3,+,6,+,3,+,4
007940,09.08.26, 15:22,6,+,5,+,6,+,5,+,3,+,3
007939,09.08.26, 15:07,6,+,1,+,6,+,5,+,5,+,5
007938,09.08.26, 14:52,4,+,6,+,5,+,5,+,5,+,5
007937,09.08.26, 14:37,2,+,2,+,4,+,3,+,5,+,6
007936,09.08.26, 14:22,6,+,1,+,4,+,1,+,2,+,3
007935,09.08.26, 14:07,6,+,5,+,2,+,2,+,6,+,3
007934,09.08.26, 13:52,3,+,1,+,6,+,2,+,4,+,5
007933,09.08.26, 13:37,6,+,4,+,4,+,3,+,1,+,4
007932,09.08.26, 13:22,2,+,1,+,3,+,3,+,2,+,6
007931,09.08.26, 13:07,3,+,1,+,6,+,2,+,4,+,4
007930,09.08.26, 12:52,2,+,2,+,6,+,2,+,4,+,5
007929,09.08.26, 12:37,1,+,5,+,1,+,3,+,4,+,4
007928,09.08.26, 12:22,1,+,3,+,6,+,1,+,1,+,6
007927,09.08.26, 12:07,5,+,6,+,3,+,6,+,1,+,1
007926,09.08.26, 11:52,5,+,3,+,6,+,4,+,3,+,1
007925,09.08.26, 11:37,6,+,4,+,1,+,2,+,5,+,3
007924,09.08.26, 11:22,1,+,6,+,4,+,5,+,6,+,1
007923,09.08.26, 11:07,2,+,6,+,3,+,2,+,6,+,1
007922,09.08.26, 10:52,1,+,3,+,1,+,5,+,6,+,1
007921,09.08.26, 10:37,4,+,6,+,5,+,2,+,5,+,4
007920,09.08.26, 10:22,2,+,6,+,3,+,5,+,1,+,6
007919,09.08.26, 10:07,6,+,4,+,3,+,6,+,2,+,5
007918,09.08.26, 09:52,5,+,5,+,5,+,3,+,3,+,2
007917,09.08.26, 09:37,1,+,3,+,2,+,3,+,1,+,2
007916,09.08.26, 09:22,2,+,6,+,2,+,1,+,5,+,2
007915,09.08.26, 09:07,5,+,2,+,5,+,3,+,2,+,3
007914,09.08.26, 08:52,4,+,6,+,3,+,5,+,1,+,3
007913,09.08.26, 08:37,6,+,2,+,6,+,5,+,1,+,4
007912,09.08.26, 08:22,5,+,2,+,1,+,6,+,5,+,3
007911,09.08.26, 08:07,5,+,3,+,2,+,6,+,2,+,1
007910,09.08.26, 07:52,6,+,3,+,3,+,4,+,6,+,1
007909,09.08.26, 07:37,3,+,3,+,1,+,6,+,4,+,3
007908,09.08.26, 07:22,6,+,2,+,2,+,1,+,6,+,4
007907,09.08.26, 07:07,1,+,1,+,2,+,5,+,2,+,1
007906,09.08.26, 06:52,4,+,1,+,1,+,1,+,6,+,3
007905,09.08.26, 06:37,6,+,1,+,1,+,2,+,4,+,1
007904,09.08.26, 06:22,2,+,2,+,1,+,6,+,4,+,5
007903,09.08.26, 06:07,6,+,1,+,4,+,3,+,5,+,2
007902,09.08.26, 05:52,6,+,5,+,4,+,3,+,3,+,1
007901,09.08.26, 05:37,4,+,2,+,3,+,3,+,2,+,1
007900,09.08.26, 05:22,4,+,3,+,2,+,3,+,6,+,4
007899,09.08.26, 05:07,4,+,6,+,5,+,2,+,2,+,3
007898,09.08.26, 04:52,1,+,5,+,1,+,6,+,4,+,3
007897,09.08.26, 04:37,3,+,1,+,4,+,2,+,5,+,3
007896,09.08.26, 04:22,4,+,1,+,5,+,4,+,2,+,6
007895,09.08.26, 04:07,1,+,5,+,2,+,4,+,1,+,1
007894,09.08.26, 03:52,5,+,6,+,2,+,4,+,2,+,6
007893,09.08.26, 03:37,5,+,2,+,3,+,3,+,4,+,4
007892,09.08.26, 03:22,4,+,3,+,1,+,2,+,6,+,5
007891,09.08.26, 03:07,4,+,5,+,6,+,3,+,1,+,6
007890,09.08.26, 02:52,1,+,4,+,6,+,4,+,3,+,1
007889,09.08.26, 02:37,2,+,1,+,2,+,1,+,4,+,6
007888,09.08.26, 02:22,3,+,5,+,2,+,3,+,1,+,6
007887,09.08.26, 02:07,4,+,2,+,1,+,3,+,2,+,1
007886,09.08.26, 01:52,5,+,5,+,3,+,1,+,3,+,4
007885,09.08.26, 01:37,3,+,6,+,4,+,2,+,1,+,2
007884,09.08.26, 01:22,6,+,1,+,2,+,6,+,6,+,2
007883,09.08.26, 01:07,3,+,1,+,6,+,2,+,1,+,6
007882,09.08.26, 00:52,6,+,6,+,5,+,5,+,6,+,2
007881,09.08.26, 00:37,2,+,4,+,4,+,3,+,4,+,5
007880,09.08.26, 00:22,3,+,1,+,5,+,5,+,6,+,6
007879,09.08.26, 00:07,1,+,1,+,1,+,2,+,6,+,6
007878,08.08.26, 23:52,6,+,3,+,1,+,1,+,4,+,6
007877,08.08.26, 23:37,4,+,4,+,4,+,3,+,4,+,3
007876,08.08.26, 23:22,5,+,3,+,4,+,1,+,2,+,3
007875,08.08.26, 23:07,2,+,5,+,6,+,2,+,6,+,4
007874,08.08.26, 22:52,5,+,5,+,6,+,3,+,4,+,4
007873,08.08.26, 22:37,4,+,5,+,5,+,5,+,2,+,3
007872,08.08.26, 22:22,4,+,4,+,6,+,1,+,2,+,2
007871,08.08.26, 22:07,6,+,5,+,3,+,6,+,1,+,4
007870,08.08.26, 21:52,3,+,3,+,1,+,3,+,6,+,3
007869,08.08.26, 21:37,4,+,5,+,3,+,4,+,4,+,5
007868,08.08.26, 21:22,4,+,6,+,2,+,2,+,6,+,3
007867,08.08.26, 21:07,4,+,3,+,6,+,4,+,3,+,3
007866,08.08.26, 20:52,2,+,3,+,6,+,5,+,1,+,6
007865,08.08.26, 20:37,1,+,6,+,6,+,6,+,1,+,4
007864,08.08.26, 20:22,4,+,4,+,3,+,4,+,3,+,6
007863,08.08.26, 20:07,3,+,5,+,3,+,1,+,6,+,3
007862,08.08.26, 19:52,1,+,6,+,5,+,4,+,1,+,5
007861,08.08.26, 19:37,1,+,6,+,3,+,1,+,4,+,1
007860,08.08.26, 19:22,1,+,4,+,5,+,1,+,1,+,1
007859,08.08.26, 19:07,3,+,6,+,1,+,1,+,4,+,3
007858,08.08.26, 18:52,3,+,1,+,6,+,4,+,2,+,5
007857,08.08.26, 18:37,6,+,6,+,2,+,4,+,3,+,6
007856,08.08.26, 18:22,3,+,5,+,4,+,4,+,2,+,4
007855,08.08.26, 18:07,2,+,5,+,3,+,4,+,2,+,2
007854,08.08.26, 17:52,1,+,3,+,2,+,2,+,2,+,4
007853,08.08.26, 17:37,2,+,6,+,3,+,2,+,5,+,5
007852,08.08.26, 17:22,6,+,2,+,3,+,4,+,6,+,6
007851,08.08.26, 17:07,4,+,6,+,3,+,2,+,6,+,4
007850,08.08.26, 16:52,3,+,5,+,6,+,5,+,5,+,1
007849,08.08.26, 16:37,6,+,3,+,3,+,2,+,2,+,4
007848,08.08.26, 16:22,3,+,4,+,2,+,4,+,3,+,6
007847,08.08.26, 16:07,1,+,2,+,1,+,6,+,2,+,1
007846,08.08.26, 15:52,1,+,2,+,5,+,3,+,2,+,5
007845,08.08.26, 15:37,5,+,4,+,1,+,4,+,2,+,6
007844,08.08.26, 15:22,4,+,1,+,1,+,2,+,2,+,2
007843,08.08.26, 15:07,4,+,3,+,5,+,5,+,2,+,4
007842,08.08.26, 14:52,3,+,5,+,6,+,4,+,3,+,1
007841,08.08.26, 14:37,6,+,3,+,3,+,5,+,3,+,1
007840,08.08.26, 14:22,2,+,4,+,4,+,2,+,1,+,1
007839,08.08.26, 14:07,6,+,1,+,5,+,5,+,5,+,3
007838,08.08.26, 13:52,3,+,3,+,1,+,3,+,4,+,3
007837,08.08.26, 13:37,4,+,1,+,2,+,6,+,4,+,2
007836,08.08.26, 13:22,4,+,3,+,1,+,2,+,6,+,5
007835,08.08.26, 13:07,2,+,2,+,1,+,1,+,6,+,6
007834,08.08.26, 12:52,3,+,6,+,1,+,1,+,4,+,4
007833,08.08.26, 12:37,5,+,4,+,5,+,6,+,5,+,5
007832,08.08.26, 12:22,5,+,5,+,3,+,2,+,6,+,3
007831,08.08.26, 12:07,6,+,2,+,4,+,5,+,3,+,2
007830,08.08.26, 11:52,3,+,5,+,6,+,2,+,5,+,1
007829,08.08.26, 11:37,6,+,2,+,3,+,3,+,5,+,3
007828,08.08.26, 11:22,5,+,6,+,1,+,1,+,6,+,4
007827,08.08.26, 11:07,2,+,5,+,6,+,6,+,6,+,1
007826,08.08.26, 10:52,1,+,1,+,1,+,1,+,1,+,4
007825,08.08.26, 10:37,2,+,1,+,2,+,5,+,2,+,1
007824,08.08.26, 10:22,2,+,6,+,2,+,6,+,5,+,4
007823,08.08.26, 10:07,3,+,4,+,3,+,1,+,5,+,2
007822,08.08.26, 09:52,4,+,4,+,1,+,2,+,4,+,2
007821,08.08.26, 09:37,6,+,3,+,4,+,4,+,3,+,6
007820,08.08.26, 09:22,3,+,1,+,4,+,6,+,1,+,6
007819,08.08.26, 09:07,4,+,5,+,4,+,5,+,2,+,6
007818,08.08.26, 08:52,1,+,5,+,6,+,3,+,6,+,1
007817,08.08.26, 08:37,2,+,6,+,2,+,6,+,3,+,1
007816,08.08.26, 08:22,1,+,1,+,5,+,3,+,6,+,3
007815,08.08.26, 08:07,6,+,5,+,6,+,1,+,6,+,1
007814,08.08.26, 07:52,1,+,2,+,5,+,6,+,3,+,3
007813,08.08.26, 07:37,1,+,6,+,6,+,6,+,5,+,5
007812,08.08.26, 07:22,6,+,2,+,5,+,5,+,2,+,5
007811,08.08.26, 07:07,6,+,3,+,5,+,3,+,6,+,4
007810,08.08.26, 06:52,1,+,1,+,2,+,2,+,2,+,4
007809,08.08.26, 06:37,6,+,4,+,2,+,4,+,4,+,5
007808,08.08.26, 06:22,2,+,1,+,6,+,2,+,2,+,6
007807,08.08.26, 06:07,5,+,3,+,3,+,6,+,1,+,6
007806,08.08.26, 05:52,6,+,5,+,4,+,2,+,1,+,5
007805,08.08.26, 05:37,3,+,1,+,6,+,6,+,5,+,1
007804,08.08.26, 05:22,2,+,2,+,6,+,1,+,6,+,5
007803,08.08.26, 05:07,5,+,4,+,2,+,5,+,3,+,2
007802,08.08.26, 04:52,2,+,1,+,5,+,2,+,3,+,3
007801,08.08.26, 04:37,3,+,2,+,4,+,2,+,6,+,2
007800,08.08.26, 04:22,5,+,1,+,1,+,1,+,6,+,1
007799,08.08.26, 04:07,2,+,5,+,2,+,1,+,4,+,3
007798,08.08.26, 03:52,1,+,3,+,1,+,6,+,4,+,2
007797,08.08.26, 03:37,6,+,6,+,3,+,3,+,2,+,6
007796,08.08.26, 03:22,3,+,1,+,6,+,5,+,3,+,3
007795,08.08.26, 03:07,4,+,3,+,4,+,1,+,5,+,5
007794,08.08.26, 02:52,1,+,6,+,2,+,5,+,5,+,1
007793,08.08.26, 02:37,2,+,6,+,1,+,3,+,5,+,3
007792,08.08.26, 02:22,6,+,1,+,6,+,6,+,4,+,4
007791,08.08.26, 02:07,6,+,4,+,5,+,2,+,5,+,3
007790,08.08.26, 01:52,4,+,4,+,1,+,3,+,4,+,4
007789,08.08.26, 01:37,4,+,1,+,6,+,2,+,1,+,3
007788,08.08.26, 01:22,5,+,1,+,1,+,3,+,3,+,4
007787,08.08.26, 01:07,2,+,5,+,2,+,4,+,5,+,5
007786,08.08.26, 00:52,4,+,5,+,4,+,6,+,4,+,2
007785,08.08.26, 00:37,6,+,3,+,3,+,3,+,6,+,1
007784,08.08.26, 00:22,5,+,3,+,2,+,1,+,4,+,3
007783,08.08.26, 00:07,4,+,4,+,5,+,6,+,2,+,4
007782,07.08.26, 23:52,1,+,4,+,6,+,5,+,1,+,6
007781,07.08.26, 23:37,2,+,5,+,2,+,5,+,6,+,1
007780,07.08.26, 23:22,4,+,3,+,5,+,1,+,1,+,2
007779,07.08.26, 23:07,4,+,3,+,6,+,3,+,3,+,4
007778,07.08.26, 22:52,4,+,1,+,6,+,1,+,2,+,5
007777,07.08.26, 22:37,6,+,2,+,1,+,3,+,2,+,2
007776,07.08.26, 22:22,6,+,5,+,1,+,1,+,1,+,1
007775,07.08.26, 22:07,6,+,4,+,4,+,6,+,1,+,1
007774,07.08.26, 21:52,5,+,6,+,2,+,6,+,3,+,6
007773,07.08.26, 21:37,1,+,6,+,4,+,1,+,2,+,5
007772,07.08.26, 21:22,6,+,5,+,6,+,4,+,1,+,2
007771,07.08.26, 21:07,2,+,6,+,2,+,1,+,6,+,1
007770,07.08.26, 20:52,4,+,4,+,3,+,3,+,3,+,2
007769,07.08.26, 20:37,2,+,5,+,6,+,5,+,5,+,1
007768,07.08.26, 20:22,2,+,5,+,3,+,6,+,6,+,6
007767,07.08.26, 20:07,4,+,3,+,5,+,4,+,5,+,4
007766,07.08.26, 19:52,1,+,4,+,4,+,1,+,2,+,2
007765,07.08.26, 19:37,5,+,1,+,5,+,6,+,1,+,1
007764,07.08.26, 19:22,2,+,6,+,6,+,1,+,5,+,3
007763,07.08.26, 19:07,2,+,5,+,6,+,2,+,1,+,3
007762,07.08.26, 18:52,6,+,1,+,3,+,3,+,2,+,5
007761,07.08.26, 18:37,6,+,5,+,2,+,3,+,4,+,1
007760,07.08.26, 18:22,2,+,4,+,2,+,3,+,1,+,5
007759,07.08.26, 18:07,3,+,1,+,2,+,6,+,3,+,1
007758,07.08.26, 17:52,2,+,3,+,4,+,1,+,2,+,4
007757,07.08.26, 17:37,4,+,3,+,2,+,1,+,4,+,4
007756,07.08.26, 17:22,6,+,2,+,6,+,1,+,3,+,5
007755,07.08.26, 17:07,6,+,3,+,2,+,2,+,5,+,2
007754,07.08.26, 16:52,6,+,4,+,2,+,3,+,4,+,3
007753,07.08.26, 16:37,4,+,2,+,5,+,3,+,2,+,5
007752,07.08.26, 16:22,1,+,4,+,1,+,4,+,3,+,2
007751,07.08.26, 16:07,2,+,2,+,4,+,5,+,6,+,5
007750,07.08.26, 15:52,5,+,4,+,1,+,3,+,5,+,3
007749,07.08.26, 15:37,3,+,2,+,3,+,5,+,4,+,3
007748,07.08.26, 15:22,6,+,6,+,1,+,1,+,5,+,2
007747,07.08.26, 15:07,2,+,3,+,6,+,5,+,6,+,6
007746,07.08.26, 14:52,1,+,3,+,2,+,6,+,3,+,1
007745,07.08.26, 14:37,4,+,1,+,5,+,3,+,6,+,3
007744,07.08.26, 14:22,6,+,5,+,1,+,1,+,3,+,3
007743,07.08.26, 14:07,2,+,2,+,4,+,3,+,2,+,2
007742,07.08.26, 13:52,4,+,6,+,3,+,2,+,5,+,1
007741,07.08.26, 13:37,3,+,2,+,4,+,1,+,2,+,5
007740,07.08.26, 13:22,4,+,6,+,6,+,1,+,2,+,3
007739,07.08.26, 13:07,1,+,2,+,3,+,5,+,4,+,4
007738,07.08.26, 12:52,4,+,4,+,3,+,5,+,2,+,6
007737,07.08.26, 12:37,4,+,6,+,3,+,1,+,4,+,6
007736,07.08.26, 12:22,2,+,4,+,1,+,1,+,2,+,4
007735,07.08.26, 12:07,5,+,5,+,5,+,3,+,2,+,5
007734,07.08.26, 11:52,3,+,3,+,5,+,1,+,4,+,4
007733,07.08.26, 11:37,4,+,1,+,6,+,5,+,4,+,2
007732,07.08.26, 11:22,2,+,4,+,4,+,2,+,1,+,2
007731,07.08.26, 11:07,3,+,1,+,3,+,4,+,4,+,4
007730,07.08.26, 10:52,2,+,6,+,3,+,2,+,6,+,1
007729,07.08.26, 10:37,6,+,6,+,4,+,5,+,1,+,6
007728,07.08.26, 10:22,4,+,6,+,4,+,5,+,2,+,5
007727,07.08.26, 10:07,1,+,1,+,6,+,4,+,6,+,4
007726,07.08.26, 09:52,6,+,6,+,4,+,5,+,4,+,5
007725,07.08.26, 09:37,4,+,3,+,4,+,3,+,5,+,1
007724,07.08.26, 09:22,4,+,1,+,4,+,4,+,4,+,1
007723,07.08.26, 09:07,1,+,5,+,3,+,3,+,6,+,1
007722,07.08.26, 08:52,5,+,5,+,6,+,6,+,1,+,4
007721,07.08.26, 08:37,1,+,2,+,3,+,2,+,4,+,4
007720,07.08.26, 08:22,4,+,2,+,5,+,1,+,5,+,1
007719,07.08.26, 08:07,5,+,1,+,3,+,6,+,6,+,4
007718,07.08.26, 07:52,3,+,1,+,5,+,1,+,3,+,6
007717,07.08.26, 07:37,4,+,4,+,6,+,4,+,2,+,1
007716,07.08.26, 07:22,5,+,1,+,5,+,4,+,3,+,2
007715,07.08.26, 07:07,5,+,2,+,5,+,3,+,1,+,5
007714,07.08.26, 06:52,3,+,3,+,5,+,1,+,5,+,1
007713,07.08.26, 06:37,6,+,5,+,6,+,4,+,3,+,3
007712,07.08.26, 06:22,5,+,1,+,6,+,5,+,6,+,3
007711,07.08.26, 06:07,6,+,3,+,1,+,5,+,6,+,3
007710,07.08.26, 05:52,5,+,3,+,2,+,3,+,5,+,4
007709,07.08.26, 05:37,4,+,1,+,1,+,3,+,6,+,4
007708,07.08.26, 05:22,2,+,3,+,2,+,4,+,6,+,3
007707,07.08.26, 05:07,5,+,4,+,4,+,1,+,1,+,3
007706,07.08.26, 04:52,5,+,2,+,5,+,2,+,3,+,6
007705,07.08.26, 04:37,4,+,3,+,6,+,4,+,1,+,1
007704,07.08.26, 04:22,5,+,2,+,1,+,5,+,2,+,6
007703,07.08.26, 04:07,4,+,2,+,3,+,6,+,1,+,2
007702,07.08.26, 03:52,4,+,5,+,4,+,5,+,5,+,6
007701,07.08.26, 03:37,4,+,1,+,3,+,3,+,6,+,5
007700,07.08.26, 03:22,4,+,4,+,5,+,4,+,2,+,5
007699,07.08.26, 03:07,1,+,2,+,6,+,4,+,1,+,1
007698,07.08.26, 02:52,6,+,6,+,5,+,3,+,5,+,6
007697,07.08.26, 02:37,2,+,2,+,2,+,3,+,1,+,5
007696,07.08.26, 02:22,3,+,1,+,1,+,5,+,4,+,3
007695,07.08.26, 02:07,1,+,6,+,2,+,3,+,2,+,4
007694,07.08.26, 01:52,5,+,3,+,4,+,2,+,4,+,1
007693,07.08.26, 01:37,4,+,1,+,4,+,3,+,5,+,2
007692,07.08.26, 01:22,2,+,5,+,1,+,3,+,5,+,1
007691,07.08.26, 01:07,2,+,2,+,3,+,4,+,5,+,1
007690,07.08.26, 00:52,4,+,4,+,5,+,5,+,4,+,1
007689,07.08.26, 00:37,1,+,3,+,3,+,4,+,3,+,6
007688,07.08.26, 00:22,6,+,1,+,1,+,3,+,4,+,3
007687,07.08.26, 00:07,2,+,1,+,5,+,4,+,2,+,4
007686,06.08.26, 23:52,5,+,5,+,2,+,2,+,1,+,1
007685,06.08.26, 23:37,3,+,4,+,5,+,5,+,4,+,1
007684,06.08.26, 23:22,4,+,5,+,3,+,5,+,1,+,2
007683,06.08.26, 23:07,3,+,4,+,2,+,6,+,2,+,4
007682,06.08.26, 22:52,2,+,4,+,3,+,3,+,5,+,6
007681,06.08.26, 22:37,2,+,5,+,1,+,5,+,4,+,6
007680,06.08.26, 22:22,6,+,3,+,4,+,4,+,3,+,4
007679,06.08.26, 22:07,2,+,5,+,6,+,6,+,2,+,3
007678,06.08.26, 21:52,1,+,6,+,1,+,3,+,5,+,5
007677,06.08.26, 21:37,5,+,6,+,6,+,4,+,4,+,1
007676,06.08.26, 21:22,1,+,2,+,6,+,2,+,2,+,4
007675,06.08.26, 21:07,2,+,3,+,1,+,6,+,4,+,3
007674,06.08.26, 20:52,3,+,6,+,2,+,1,+,4,+,5
007673,06.08.26, 20:37,2,+,1,+,3,+,6,+,2,+,6
007672,06.08.26, 20:22,4,+,2,+,2,+,2,+,4,+,5
007671,06.08.26, 20:07,6,+,2,+,4,+,6,+,4,+,3
007670,06.08.26, 19:52,5,+,3,+,2,+,1,+,2,+,5
007669,06.08.26, 19:37,6,+,4,+,2,+,4,+,5,+,3
007668,06.08.26, 19:22,1,+,3,+,2,+,6,+,1,+,1
007667,06.08.26, 19:07,3,+,1,+,1,+,6,+,2,+,6
007666,06.08.26, 18:52,6,+,3,+,6,+,1,+,3,+,6
007665,06.08.26, 18:37,2,+,1,+,5,+,2,+,6,+,2
007664,06.08.26, 18:22,1,+,1,+,1,+,6,+,6,+,4
007663,06.08.26, 18:07,3,+,6,+,2,+,5,+,6,+,5
007662,06.08.26, 17:52,4,+,6,+,2,+,6,+,4,+,4
007661,06.08.26, 17:37,6,+,2,+,3,+,6,+,6,+,5
007660,06.08.26, 17:22,1,+,4,+,1,+,4,+,6,+,6
007659,06.08.26, 17:07,1,+,5,+,3,+,5,+,5,+,1
007658,06.08.26, 16:52,3,+,3,+,3,+,2,+,5,+,6
007657,06.08.26, 16:37,5,+,6,+,3,+,5,+,3,+,6
007656,06.08.26, 16:22,1,+,4,+,6,+,2,+,6,+,6
007655,06.08.26, 16:07,6,+,4,+,6,+,2,+,5,+,1
007654,06.08.26, 15:52,3,+,5,+,4,+,3,+,1,+,2
007653,06.08.26, 15:37,4,+,2,+,1,+,1,+,6,+,1
007652,06.08.26, 15:22,6,+,2,+,1,+,5,+,1,+,1
007651,06.08.26, 15:07,4,+,5,+,5,+,1,+,3,+,4
007650,06.08.26, 14:52,1,+,1,+,3,+,1,+,3,+,2
007649,06.08.26, 14:37,4,+,3,+,4,+,2,+,1,+,5
007648,06.08.26, 14:22,3,+,5,+,4,+,1,+,2,+,4
007647,06.08.26, 14:07,6,+,5,+,6,+,3,+,1,+,2
007646,06.08.26, 13:52,2,+,4,+,2,+,6,+,4,+,2
007645,06.08.26, 13:37,6,+,4,+,5,+,1,+,4,+,5
007644,06.08.26, 13:22,6,+,6,+,3,+,5,+,3,+,5
007643,06.08.26, 13:07,2,+,6,+,6,+,2,+,4,+,1
007642,06.08.26, 12:52,3,+,4,+,4,+,3,+,5,+,2
007641,06.08.26, 12:37,3,+,2,+,1,+,4,+,1,+,6
007640,06.08.26, 12:22,3,+,4,+,5,+,3,+,2,+,5
007639,06.08.26, 12:07,4,+,2,+,5,+,1,+,5,+,2
007638,06.08.26, 11:52,3,+,4,+,2,+,3,+,1,+,6
007637,06.08.26, 11:37,6,+,4,+,2,+,1,+,3,+,6
007636,06.08.26, 11:22,4,+,1,+,3,+,2,+,4,+,6
007635,06.08.26, 11:07,2,+,5,+,2,+,5,+,4,+,3
007634,06.08.26, 10:52,6,+,5,+,2,+,3,+,1,+,4
007633,06.08.26, 10:37,2,+,2,+,3,+,5,+,4,+,2
007632,06.08.26, 10:22,3,+,4,+,6,+,5,+,4,+,3
007631,06.08.26, 10:07,3,+,5,+,5,+,5,+,6,+,3
007630,06.08.26, 09:52,3,+,1,+,3,+,6,+,4,+,2
007629,06.08.26, 09:37,1,+,4,+,1,+,2,+,3,+,3
007628,06.08.26, 09:22,4,+,6,+,2,+,2,+,2,+,6
007627,06.08.26, 09:07,4,+,6,+,5,+,5,+,3,+,6
007626,06.08.26, 08:52,6,+,1,+,5,+,5,+,2,+,6
007625,06.08.26, 08:37,1,+,4,+,6,+,2,+,2,+,2
007624,06.08.26, 08:22,5,+,3,+,2,+,1,+,5,+,1
007623,06.08.26, 08:07,2,+,1,+,4,+,1,+,5,+,2
007622,06.08.26, 07:52,6,+,5,+,1,+,5,+,3,+,5
007621,06.08.26, 07:37,6,+,5,+,5,+,6,+,4,+,3
007620,06.08.26, 07:22,4,+,1,+,6,+,1,+,4,+,3
007619,06.08.26, 07:07,5,+,4,+,5,+,3,+,4,+,2
007618,06.08.26, 06:52,5,+,1,+,2,+,6,+,1,+,5
007617,06.08.26, 06:37,5,+,6,+,4,+,3,+,1,+,2
007616,06.08.26, 06:22,6,+,6,+,1,+,3,+,1,+,5
007615,06.08.26, 06:07,2,+,3,+,6,+,6,+,3,+,4
007614,06.08.26, 05:52,5,+,5,+,4,+,2,+,4,+,1
007613,06.08.26, 05:37,2,+,6,+,3,+,1,+,5,+,2
007612,06.08.26, 05:22,5,+,3,+,3,+,1,+,2,+,5
007611,06.08.26, 05:07,4,+,6,+,4,+,3,+,4,+,5
007610,06.08.26, 04:52,4,+,3,+,4,+,2,+,3,+,2
007609,06.08.26, 04:37,6,+,4,+,4,+,3,+,3,+,2
007608,06.08.26, 04:22,4,+,5,+,6,+,2,+,4,+,4
007607,06.08.26, 04:07,2,+,5,+,1,+,2,+,3,+,6
007606,06.08.26, 03:52,4,+,6,+,2,+,6,+,4,+,6
007605,06.08.26, 03:37,2,+,6,+,1,+,5,+,1,+,5
007604,06.08.26, 03:22,4,+,4,+,6,+,5,+,6,+,5
007603,06.08.26, 03:07,2,+,5,+,6,+,5,+,4,+,5
007602,06.08.26, 02:52,2,+,3,+,3,+,1,+,6,+,6
007601,06.08.26, 02:37,3,+,3,+,5,+,3,+,3,+,3
007600,06.08.26, 02:22,6,+,3,+,2,+,3,+,3,+,5
007599,06.08.26, 02:07,1,+,5,+,4,+,5,+,5,+,2
007598,06.08.26, 01:52,5,+,2,+,1,+,1,+,6,+,1
007597,06.08.26, 01:37,2,+,4,+,1,+,3,+,5,+,1
007596,06.08.26, 01:22,5,+,5,+,6,+,3,+,4,+,4
007595,06.08.26, 01:07,2,+,3,+,4,+,5,+,3,+,2
007594,06.08.26, 00:52,3,+,5,+,4,+,5,+,2,+,1
007593,06.08.26, 00:37,4,+,5,+,2,+,3,+,4,+,3
007592,06.08.26, 00:22,1,+,3,+,4,+,1,+,6,+,1
007591,06.08.26, 00:07,2,+,1,+,4,+,6,+,6,+,4
007590,05.08.26, 23:52,5,+,1,+,4,+,1,+,3,+,2
007589,05.08.26, 23:37,4,+,2,+,4,+,3,+,3,+,3
007588,05.08.26, 23:22,2,+,4,+,5,+,2,+,4,+,2
007587,05.08.26, 23:07,1,+,6,+,4,+,6,+,5,+,2
007586,05.08.26, 22:52,6,+,6,+,6,+,5,+,6,+,3
007585,05.08.26, 22:37,1,+,6,+,5,+,1,+,2,+,1
007584,05.08.26, 22:22,2,+,4,+,4,+,2,+,3,+,6
007583,05.08.26, 22:07,4,+,5,+,1,+,4,+,5,+,4
007582,05.08.26, 21:52,2,+,4,+,6,+,1,+,4,+,2
007581,05.08.26, 21:37,3,+,4,+,4,+,5,+,3,+,2
007580,05.08.26, 21:22,2,+,2,+,5,+,4,+,1,+,2
007579,05.08.26, 21:07,5,+,6,+,4,+,6,+,3,+,1
007578,05.08.26, 20:52,3,+,3,+,2,+,2,+,6,+,4
007577,05.08.26, 20:37,5,+,3,+,4,+,4,+,2,+,1
007576,05.08.26, 20:22,6,+,3,+,2,+,4,+,4,+,1
007575,05.08.26, 20:07,3,+,6,+,5,+,6,+,2,+,5
007574,05.08.26, 19:52,4,+,6,+,2,+,5,+,5,+,4
007573,05.08.26, 19:37,4,+,5,+,6,+,2,+,1,+,2
007572,05.08.26, 19:22,5,+,2,+,6,+,2,+,4,+,3
007571,05.08.26, 19:07,1,+,1,+,4,+,2,+,4,+,1
007570,05.08.26, 18:52,2,+,4,+,3,+,6,+,4,+,1
007569,05.08.26, 18:37,3,+,3,+,1,+,6,+,3,+,2
007568,05.08.26, 18:22,1,+,3,+,2,+,1,+,2,+,1
007567,05.08.26, 18:07,6,+,6,+,1,+,6,+,5,+,1
007566,05.08.26, 17:52,2,+,5,+,5,+,3,+,5,+,1
007565,05.08.26, 17:37,6,+,5,+,3,+,5,+,2,+,5
007564,05.08.26, 17:22,2,+,2,+,1,+,5,+,3,+,6
007563,05.08.26, 17:07,3,+,6,+,5,+,6,+,2,+,4
007562,05.08.26, 16:52,6,+,4,+,4,+,6,+,1,+,2
007561,05.08.26, 16:37,4,+,3,+,3,+,6,+,6,+,3
007560,05.08.26, 16:22,5,+,6,+,1,+,2,+,5,+,5
007559,05.08.26, 16:07,4,+,1,+,6,+,1,+,6,+,6
007558,05.08.26, 15:52,2,+,5,+,2,+,4,+,1,+,2
007557,05.08.26, 15:37,4,+,5,+,1,+,6,+,6,+,3
007556,05.08.26, 15:22,2,+,3,+,4,+,3,+,6,+,3
007555,05.08.26, 15:07,1,+,6,+,1,+,4,+,6,+,3
007554,05.08.26, 14:52,1,+,6,+,4,+,4,+,6,+,6
007553,05.08.26, 14:37,5,+,2,+,4,+,6,+,2,+,6
007552,05.08.26, 14:22,3,+,1,+,5,+,5,+,3,+,5
007551,05.08.26, 14:07,1,+,1,+,3,+,5,+,5,+,3
007550,05.08.26, 13:52,2,+,4,+,4,+,3,+,2,+,2
007549,05.08.26, 13:37,1,+,6,+,4,+,2,+,2,+,5
007548,05.08.26, 13:22,5,+,3,+,5,+,4,+,1,+,3
007547,05.08.26, 13:07,4,+,2,+,3,+,5,+,3,+,4
007546,05.08.26, 12:52,5,+,6,+,3,+,4,+,4,+,2
007545,05.08.26, 12:37,3,+,5,+,4,+,6,+,5,+,2
007544,05.08.26, 12:22,3,+,6,+,1,+,5,+,5,+,1
007543,05.08.26, 12:07,1,+,1,+,6,+,5,+,4,+,3
007542,05.08.26, 11:52,2,+,2,+,5,+,6,+,6,+,3
007541,05.08.26, 11:37,5,+,5,+,2,+,3,+,3,+,3
007540,05.08.26, 11:22,6,+,4,+,2,+,6,+,3,+,4
007539,05.08.26, 11:07,5,+,4,+,3,+,2,+,5,+,5
007538,05.08.26, 10:52,6,+,4,+,4,+,1,+,3,+,6
007537,05.08.26, 10:37,1,+,1,+,5,+,3,+,1,+,3
007536,05.08.26, 10:22,3,+,3,+,6,+,2,+,1,+,2
007535,05.08.26, 10:07,6,+,2,+,2,+,3,+,2,+,1
007534,05.08.26, 09:52,6,+,3,+,6,+,4,+,4,+,3
007533,05.08.26, 09:37,6,+,5,+,5,+,4,+,3,+,2
007532,05.08.26, 09:22,1,+,6,+,5,+,1,+,1,+,4
007531,05.08.26, 09:07,4,+,3,+,5,+,4,+,6,+,6
007530,05.08.26, 08:52,4,+,2,+,2,+,6,+,3,+,3
007529,05.08.26, 08:37,1,+,4,+,5,+,3,+,3,+,2
007528,05.08.26, 08:22,1,+,4,+,5,+,1,+,4,+,4
007527,05.08.26, 08:07,6,+,1,+,1,+,4,+,5,+,6
007526,05.08.26, 07:52,6,+,2,+,1,+,5,+,5,+,4
007525,05.08.26, 07:37,1,+,4,+,3,+,3,+,5,+,5
007524,05.08.26, 07:22,4,+,4,+,4,+,5,+,2,+,3
007523,05.08.26, 07:07,5,+,2,+,2,+,2,+,3,+,6
007522,05.08.26, 06:52,2,+,5,+,4,+,2,+,2,+,4
007521,05.08.26, 06:37,4,+,4,+,2,+,4,+,3,+,6
007520,05.08.26, 06:22,6,+,3,+,2,+,1,+,2,+,5
007519,05.08.26, 06:07,3,+,2,+,1,+,2,+,1,+,2
007518,05.08.26, 05:52,6,+,5,+,3,+,3,+,3,+,2
007517,05.08.26, 05:37,6,+,1,+,6,+,3,+,1,+,3
007516,05.08.26, 05:22,5,+,1,+,3,+,1,+,1,+,5
007515,05.08.26, 05:07,1,+,3,+,6,+,3,+,5,+,3
007514,05.08.26, 04:52,3,+,6,+,3,+,1,+,6,+,1
007513,05.08.26, 04:37,6,+,6,+,1,+,5,+,5,+,3
007512,05.08.26, 04:22,2,+,3,+,2,+,4,+,1,+,6
007511,05.08.26, 04:07,4,+,3,+,1,+,3,+,2,+,2
007510,05.08.26, 03:52,2,+,6,+,3,+,3,+,5,+,3
007509,05.08.26, 03:37,2,+,2,+,2,+,3,+,5,+,2
007508,05.08.26, 03:22,3,+,2,+,3,+,4,+,4,+,2
007507,05.08.26, 03:07,4,+,4,+,2,+,4,+,4,+,1
007506,05.08.26, 02:52,4,+,5,+,6,+,3,+,2,+,3
007505,05.08.26, 02:37,2,+,1,+,3,+,2,+,2,+,2
007504,05.08.26, 02:22,1,+,1,+,4,+,4,+,2,+,6
007503,05.08.26, 02:07,1,+,5,+,6,+,5,+,6,+,4
007502,05.08.26, 01:52,5,+,6,+,6,+,6,+,6,+,2
007501,05.08.26, 01:37,2,+,1,+,5,+,1,+,6,+,4
007500,05.08.26, 01:22,4,+,6,+,5,+,4,+,4,+,4
007499,05.08.26, 01:07,6,+,6,+,4,+,5,+,5,+,4
007498,05.08.26, 00:52,1,+,6,+,4,+,5,+,6,+,4
007497,05.08.26, 00:37,6,+,5,+,5,+,2,+,2,+,5
007496,05.08.26, 00:22,6,+,1,+,6,+,6,+,1,+,2
007495,05.08.26, 00:07,6,+,6,+,1,+,3,+,6,+,6
007494,04.08.26, 23:52,3,+,6,+,1,+,5,+,1,+,5
007493,04.08.26, 23:37,5,+,6,+,2,+,1,+,5,+,6
007492,04.08.26, 23:22,6,+,6,+,5,+,6,+,5,+,5
007491,04.08.26, 23:07,1,+,2,+,1,+,4,+,4,+,3
007490,04.08.26, 22:52,3,+,5,+,1,+,2,+,5,+,2
007489,04.08.26, 22:37,3,+,6,+,3,+,1,+,6,+,6
007488,04.08.26, 22:22,5,+,5,+,2,+,2,+,5,+,4
007487,04.08.26, 22:07,5,+,3,+,3,+,4,+,3,+,3
007486,04.08.26, 21:52,2,+,2,+,1,+,5,+,4,+,5
007485,04.08.26, 21:37,1,+,1,+,3,+,1,+,3,+,2
007484,04.08.26, 21:22,4,+,4,+,4,+,6,+,2,+,6
007483,04.08.26, 21:07,5,+,1,+,5,+,5,+,6,+,5
007482,04.08.26, 20:52,6,+,2,+,5,+,4,+,6,+,6
007481,04.08.26, 20:37,4,+,3,+,1,+,4,+,2,+,6
007480,04.08.26, 20:22,5,+,6,+,3,+,6,+,6,+,5
007479,04.08.26, 20:07,3,+,2,+,3,+,6,+,3,+,5
007478,04.08.26, 19:52,5,+,3,+,1,+,3,+,3,+,2
007477,04.08.26, 19:37,4,+,6,+,1,+,6,+,3,+,1
007476,04.08.26, 19:22,6,+,1,+,3,+,2,+,4,+,6
007475,04.08.26, 19:07,5,+,6,+,6,+,2,+,6,+,1
007474,04.08.26, 18:52,3,+,4,+,5,+,1,+,4,+,6
007473,04.08.26, 18:37,1,+,2,+,5,+,5,+,4,+,4
007472,04.08.26, 18:22,5,+,3,+,2,+,5,+,1,+,1
007471,04.08.26, 18:07,1,+,1,+,4,+,6,+,6,+,1
007470,04.08.26, 17:52,5,+,4,+,3,+,3,+,1,+,1
007469,04.08.26, 17:37,5,+,5,+,4,+,2,+,6,+,1
007468,04.08.26, 17:22,6,+,6,+,1,+,5,+,2,+,5
007467,04.08.26, 17:07,2,+,5,+,6,+,2,+,3,+,1
007466,04.08.26, 16:52,4,+,4,+,6,+,1,+,5,+,5
007465,04.08.26, 16:37,5,+,2,+,4,+,4,+,4,+,5
007464,04.08.26, 16:22,4,+,5,+,2,+,5,+,1,+,6
007463,04.08.26, 16:07,2,+,4,+,6,+,3,+,5,+,6
007462,04.08.26, 15:52,3,+,1,+,6,+,4,+,1,+,1
007461,04.08.26, 15:37,1,+,1,+,2,+,3,+,4,+,6
007460,04.08.26, 15:22,2,+,4,+,2,+,4,+,2,+,6
007459,04.08.26, 15:07,4,+,4,+,5,+,2,+,2,+,6
007458,04.08.26, 14:52,5,+,6,+,4,+,2,+,5,+,1
007457,04.08.26, 14:37,1,+,3,+,6,+,3,+,5,+,2
007456,04.08.26, 14:22,2,+,6,+,3,+,5,+,1,+,3
007455,04.08.26, 14:07,1,+,1,+,4,+,2,+,3,+,4
007454,04.08.26, 13:52,4,+,6,+,3,+,4,+,3,+,5
007453,04.08.26, 13:37,1,+,2,+,3,+,2,+,6,+,5
007452,04.08.26, 13:22,3,+,2,+,6,+,1,+,3,+,2
007451,04.08.26, 13:07,3,+,5,+,2,+,6,+,3,+,3
007450,04.08.26, 12:52,4,+,4,+,1,+,2,+,3,+,4
007449,04.08.26, 12:37,1,+,4,+,6,+,3,+,2,+,6
007448,04.08.26, 12:22,6,+,6,+,4,+,5,+,3,+,5
007447,04.08.26, 12:07,4,+,5,+,1,+,2,+,3,+,6
007446,04.08.26, 11:52,3,+,6,+,5,+,5,+,4,+,1
007445,04.08.26, 11:37,6,+,5,+,2,+,4,+,3,+,1
007444,04.08.26, 11:22,1,+,4,+,6,+,1,+,3,+,3
007443,04.08.26, 11:07,6,+,1,+,6,+,3,+,1,+,3
007442,04.08.26, 10:52,3,+,1,+,6,+,2,+,5,+,4
007441,04.08.26, 10:37,5,+,5,+,4,+,5,+,5,+,6
007440,04.08.26, 10:22,4,+,4,+,6,+,1,+,6,+,3
007439,04.08.26, 10:07,1,+,6,+,4,+,3,+,2,+,6
007438,04.08.26, 09:52,3,+,6,+,5,+,1,+,3,+,2
007437,04.08.26, 09:37,4,+,5,+,4,+,6,+,1,+,1
007436,04.08.26, 09:22,1,+,5,+,3,+,4,+,3,+,1
007435,04.08.26, 09:07,3,+,5,+,6,+,2,+,5,+,3
007434,04.08.26, 08:52,3,+,3,+,1,+,3,+,6,+,4
007433,04.08.26, 08:37,5,+,3,+,3,+,5,+,1,+,5
007432,04.08.26, 08:22,5,+,1,+,4,+,2,+,6,+,1
007431,04.08.26, 08:07,5,+,2,+,1,+,1,+,1,+,6
007430,04.08.26, 07:52,3,+,5,+,6,+,5,+,3,+,5
007429,04.08.26, 07:37,6,+,3,+,1,+,6,+,6,+,5
007428,04.08.26, 07:22,5,+,6,+,6,+,5,+,1,+,4
007427,04.08.26, 07:07,4,+,6,+,2,+,5,+,2,+,6
007426,04.08.26, 06:52,1,+,2,+,4,+,3,+,3,+,3
007425,04.08.26, 06:37,5,+,1,+,1,+,5,+,6,+,4
007424,04.08.26, 06:22,3,+,6,+,4,+,5,+,6,+,3
007423,04.08.26, 06:07,1,+,4,+,3,+,2,+,4,+,2
007422,04.08.26, 05:52,2,+,1,+,3,+,1,+,5,+,1
007421,04.08.26, 05:37,4,+,3,+,4,+,2,+,1,+,3
007420,04.08.26, 05:22,1,+,1,+,6,+,3,+,1,+,2
007419,04.08.26, 05:07,5,+,6,+,1,+,2,+,3,+,5
007418,04.08.26, 04:52,1,+,2,+,4,+,1,+,6,+,2
007417,04.08.26, 04:37,6,+,2,+,3,+,5,+,3,+,4
007416,04.08.26, 04:22,4,+,1,+,4,+,1,+,4,+,6
007415,04.08.26, 04:07,5,+,2,+,6,+,5,+,2,+,6
007414,04.08.26, 03:52,1,+,2,+,6,+,3,+,6,+,3
007413,04.08.26, 03:37,2,+,3,+,5,+,2,+,4,+,1
007412,04.08.26, 03:22,2,+,2,+,4,+,6,+,6,+,5
007411,04.08.26, 03:07,6,+,3,+,5,+,3,+,1,+,5
007410,04.08.26, 02:52,2,+,3,+,2,+,4,+,5,+,1
007409,04.08.26, 02:37,4,+,5,+,4,+,4,+,1,+,5
007408,04.08.26, 02:22,6,+,1,+,2,+,6,+,6,+,4
007407,04.08.26, 02:07,4,+,4,+,6,+,5,+,1,+,1
007406,04.08.26, 01:52,2,+,4,+,1,+,3,+,4,+,2
007405,04.08.26, 01:37,6,+,5,+,6,+,4,+,5,+,5
007404,04.08.26, 01:22,6,+,4,+,6,+,4,+,5,+,3
007403,04.08.26, 01:07,1,+,3,+,1,+,6,+,3,+,3
007402,04.08.26, 00:52,4,+,4,+,2,+,6,+,2,+,6
007401,04.08.26, 00:37,4,+,4,+,5,+,3,+,2,+,3
007400,04.08.26, 00:22,6,+,3,+,6,+,4,+,2,+,3
007399,04.08.26, 00:07,5,+,6,+,3,+,5,+,1,+,1
007398,03.08.26, 23:07,2,+,2,+,6,+,6,+,3,+,2
007397,03.08.26, 22:52,5,+,5,+,1,+,2,+,1,+,1
007396,03.08.26, 22:37,6,+,3,+,3,+,5,+,1,+,1
007395,03.08.26, 22:22,3,+,6,+,5,+,4,+,1,+,2
007394,03.08.26, 22:07,3,+,2,+,2,+,6,+,4,+,1
007393,03.08.26, 21:52,2,+,5,+,1,+,6,+,6,+,3
007392,03.08.26, 21:37,3,+,6,+,6,+,6,+,4,+,3
007391,03.08.26, 21:22,3,+,1,+,6,+,3,+,3,+,6
007390,03.08.26, 21:07,6,+,5,+,1,+,6,+,1,+,4
007389,03.08.26, 20:52,3,+,2,+,6,+,4,+,4,+,6
007388,03.08.26, 20:37,3,+,3,+,4,+,5,+,4,+,2
007387,03.08.26, 20:22,4,+,5,+,1,+,5,+,3,+,1
007386,03.08.26, 20:07,3,+,1,+,1,+,3,+,6,+,4
007385,03.08.26, 19:52,5,+,1,+,3,+,2,+,6,+,1
007384,03.08.26, 19:37,5,+,6,+,5,+,1,+,5,+,1
007383,03.08.26, 19:22,1,+,4,+,4,+,1,+,3,+,6
007382,03.08.26, 19:07,1,+,4,+,4,+,6,+,4,+,5
007381,03.08.26, 18:52,4,+,1,+,2,+,6,+,1,+,4
007380,03.08.26, 18:37,6,+,1,+,1,+,2,+,3,+,6
007379,03.08.26, 18:22,1,+,2,+,2,+,3,+,2,+,5
007378,03.08.26, 18:07,2,+,6,+,5,+,2,+,1,+,6
007377,03.08.26, 17:52,2,+,2,+,5,+,5,+,5,+,4
007376,03.08.26, 17:37,2,+,1,+,5,+,4,+,6,+,1
007375,03.08.26, 17:22,1,+,3,+,4,+,2,+,2,+,2
007374,03.08.26, 17:07,1,+,4,+,2,+,2,+,6,+,3
007373,03.08.26, 16:52,1,+,5,+,1,+,1,+,4,+,1
007372,03.08.26, 16:37,4,+,1,+,4,+,4,+,4,+,5
007371,03.08.26, 16:22,2,+,4,+,1,+,5,+,5,+,1
007370,03.08.26, 16:07,3,+,1,+,3,+,5,+,3,+,6
007369,03.08.26, 15:52,3,+,2,+,2,+,2,+,1,+,3
007368,03.08.26, 15:37,1,+,2,+,4,+,2,+,4,+,5
007367,03.08.26, 15:22,4,+,6,+,1,+,5,+,6,+,6
007366,03.08.26, 15:07,3,+,2,+,6,+,6,+,2,+,6
007365,03.08.26, 14:52,2,+,1,+,1,+,6,+,1,+,3
007364,03.08.26, 14:37,2,+,1,+,5,+,4,+,4,+,1
007363,03.08.26, 14:22,6,+,1,+,4,+,5,+,3,+,1
007362,03.08.26, 14:07,5,+,2,+,5,+,3,+,1,+,1
007361,03.08.26, 13:52,6,+,6,+,6,+,2,+,2,+,1
007360,03.08.26, 13:37,2,+,1,+,1,+,5,+,6,+,5
007359,03.08.26, 13:22,1,+,4,+,6,+,5,+,1,+,2
007358,03.08.26, 13:07,3,+,2,+,3,+,6,+,2,+,5
007357,03.08.26, 12:52,5,+,6,+,1,+,2,+,2,+,4
007356,03.08.26, 12:37,4,+,2,+,6,+,1,+,6,+,1
007355,03.08.26, 12:22,3,+,4,+,6,+,4,+,2,+,3
007354,03.08.26, 12:07,6,+,2,+,3,+,1,+,2,+,6
007353,03.08.26, 11:52,2,+,4,+,3,+,3,+,1,+,1
007352,03.08.26, 11:37,6,+,4,+,5,+,3,+,1,+,1
007351,03.08.26, 11:22,4,+,4,+,1,+,2,+,3,+,1
007350,03.08.26, 11:07,2,+,6,+,6,+,1,+,6,+,6
007349,03.08.26, 10:52,2,+,4,+,4,+,2,+,1,+,1
007348,03.08.26, 10:37,6,+,3,+,3,+,2,+,6,+,2
007347,03.08.26, 10:22,6,+,4,+,4,+,3,+,1,+,5
007346,03.08.26, 10:07,3,+,1,+,1,+,4,+,3,+,4
007345,03.08.26, 09:52,4,+,3,+,3,+,4,+,1,+,4
007344,03.08.26, 09:37,4,+,5,+,4,+,6,+,2,+,1
007343,03.08.26, 09:22,6,+,4,+,5,+,4,+,3,+,1
007342,03.08.26, 09:07,4,+,4,+,6,+,3,+,2,+,2
007341,03.08.26, 08:52,6,+,2,+,6,+,5,+,2,+,2
007340,03.08.26, 08:37,6,+,6,+,6,+,1,+,3,+,6
007339,03.08.26, 08:22,1,+,2,+,3,+,6,+,6,+,4
007338,03.08.26, 08:07,3,+,1,+,2,+,6,+,2,+,4
007337,03.08.26, 07:52,1,+,5,+,6,+,2,+,1,+,3
007336,03.08.26, 07:37,6,+,6,+,1,+,4,+,2,+,2
007335,03.08.26, 07:22,3,+,3,+,3,+,4,+,2,+,3
007334,03.08.26, 07:07,1,+,4,+,5,+,5,+,3,+,5
007333,03.08.26, 06:52,2,+,4,+,4,+,5,+,1,+,1
007332,03.08.26, 06:37,2,+,2,+,2,+,2,+,1,+,5
007331,03.08.26, 06:22,1,+,4,+,2,+,2,+,4,+,5
007330,03.08.26, 06:07,4,+,4,+,3,+,1,+,4,+,1
007329,03.08.26, 05:52,5,+,2,+,1,+,4,+,1,+,3
007328,03.08.26, 05:37,2,+,6,+,2,+,3,+,1,+,1
007327,03.08.26, 05:22,1,+,3,+,2,+,5,+,5,+,2
007326,03.08.26, 05:07,2,+,2,+,1,+,4,+,4,+,3
007325,03.08.26, 04:52,4,+,4,+,5,+,3,+,2,+,3
007324,03.08.26, 04:37,5,+,1,+,4,+,3,+,4,+,6
007323,03.08.26, 04:22,5,+,2,+,2,+,4,+,4,+,3
007322,03.08.26, 04:07,4,+,4,+,5,+,6,+,4,+,4
007321,03.08.26, 03:52,1,+,1,+,1,+,2,+,1,+,4
007320,03.08.26, 03:37,1,+,6,+,4,+,3,+,1,+,6
007319,03.08.26, 03:22,2,+,2,+,3,+,6,+,5,+,2
007318,03.08.26, 03:07,4,+,1,+,4,+,3,+,6,+,3
007317,03.08.26, 02:52,3,+,5,+,1,+,5,+,4,+,6
007316,03.08.26, 02:37,2,+,3,+,6,+,4,+,4,+,3
007315,03.08.26, 02:22,6,+,2,+,5,+,5,+,6,+,6
007314,03.08.26, 02:07,4,+,5,+,3,+,5,+,6,+,4
007313,03.08.26, 01:52,6,+,6,+,3,+,4,+,3,+,2
007312,03.08.26, 01:37,3,+,4,+,4,+,2,+,3,+,2
007311,03.08.26, 01:22,1,+,3,+,2,+,4,+,3,+,3
007310,03.08.26, 01:07,4,+,5,+,3,+,5,+,1,+,5
007309,03.08.26, 00:52,5,+,3,+,6,+,4,+,3,+,4
007308,03.08.26, 00:37,4,+,4,+,6,+,5,+,3,+,2
007307,03.08.26, 00:22,3,+,2,+,6,+,6,+,2,+,4
007306,03.08.26, 00:07,5,+,3,+,3,+,6,+,4,+,1
007305,02.08.26, 23:52,2,+,6,+,2,+,4,+,3,+,6
007304,02.08.26, 23:37,6,+,1,+,3,+,5,+,3,+,3
007303,02.08.26, 23:22,2,+,6,+,6,+,4,+,4,+,5
007302,02.08.26, 23:07,4,+,4,+,2,+,6,+,2,+,3
007301,02.08.26, 22:52,6,+,2,+,6,+,5,+,5,+,1
007300,02.08.26, 22:37,2,+,1,+,5,+,2,+,4,+,6
007299,02.08.26, 22:22,5,+,2,+,4,+,2,+,3,+,5
007298,02.08.26, 22:07,5,+,3,+,6,+,6,+,5,+,3
007297,02.08.26, 21:52,3,+,1,+,3,+,6,+,4,+,2
007296,02.08.26, 21:37,2,+,5,+,3,+,2,+,3,+,1
007295,02.08.26, 21:22,6,+,4,+,3,+,6,+,3,+,1
007294,02.08.26, 21:07,1,+,5,+,4,+,1,+,6,+,3
007293,02.08.26, 20:52,4,+,4,+,5,+,5,+,6,+,5
007292,02.08.26, 20:37,3,+,3,+,3,+,5,+,1,+,5
007291,02.08.26, 20:22,5,+,2,+,1,+,3,+,3,+,3
007290,02.08.26, 20:07,2,+,5,+,3,+,6,+,5,+,3
007289,02.08.26, 19:52,3,+,5,+,3,+,1,+,6,+,6
007288,02.08.26, 19:37,4,+,1,+,5,+,3,+,1,+,3
007287,02.08.26, 19:22,1,+,5,+,5,+,4,+,1,+,1
007286,02.08.26, 19:07,5,+,3,+,4,+,6,+,4,+,1
007285,02.08.26, 18:52,6,+,3,+,6,+,4,+,2,+,3
007284,02.08.26, 18:37,3,+,5,+,6,+,5,+,2,+,3
007283,02.08.26, 18:22,2,+,3,+,5,+,1,+,3,+,3
007282,02.08.26, 18:07,1,+,6,+,6,+,3,+,5,+,3
007281,02.08.26, 17:52,5,+,4,+,6,+,5,+,4,+,2
007280,02.08.26, 17:37,4,+,2,+,4,+,4,+,6,+,1
007279,02.08.26, 17:22,6,+,2,+,4,+,6,+,3,+,3
007278,02.08.26, 17:07,6,+,3,+,1,+,6,+,6,+,4
007277,02.08.26, 16:52,6,+,2,+,1,+,2,+,2,+,5
007276,02.08.26, 16:37,5,+,5,+,4,+,1,+,2,+,3
007275,02.08.26, 16:22,4,+,3,+,4,+,3,+,6,+,5
007274,02.08.26, 16:07,5,+,1,+,1,+,2,+,5,+,1
007273,02.08.26, 15:52,4,+,1,+,1,+,4,+,4,+,5
007272,02.08.26, 15:37,4,+,6,+,6,+,3,+,2,+,4
007271,02.08.26, 15:22,4,+,1,+,3,+,1,+,1,+,3
007270,02.08.26, 15:07,2,+,2,+,4,+,3,+,3,+,4
007269,02.08.26, 14:52,4,+,5,+,5,+,3,+,5,+,5
007268,02.08.26, 14:37,1,+,4,+,3,+,2,+,3,+,6
007267,02.08.26, 14:22,1,+,1,+,1,+,6,+,5,+,4
007266,02.08.26, 14:07,1,+,1,+,4,+,3,+,6,+,2
007265,02.08.26, 13:52,3,+,5,+,1,+,3,+,1,+,1
007264,02.08.26, 13:37,2,+,1,+,5,+,1,+,2,+,1
007263,02.08.26, 13:22,6,+,6,+,3,+,5,+,4,+,5
007262,02.08.26, 13:07,6,+,5,+,1,+,3,+,4,+,5
007261,02.08.26, 12:52,2,+,6,+,1,+,1,+,5,+,4
007260,02.08.26, 12:37,4,+,6,+,2,+,1,+,4,+,1
007259,02.08.26, 12:22,2,+,4,+,5,+,2,+,3,+,5
007258,02.08.26, 12:07,4,+,6,+,4,+,6,+,6,+,3
007257,02.08.26, 11:52,3,+,1,+,5,+,3,+,1,+,2
007256,02.08.26, 11:37,6,+,3,+,5,+,5,+,6,+,5
007255,02.08.26, 11:22,5,+,2,+,4,+,6,+,1,+,3
007254,02.08.26, 11:07,5,+,3,+,2,+,5,+,1,+,2
007253,02.08.26, 10:52,1,+,2,+,4,+,2,+,5,+,2
007252,02.08.26, 10:37,1,+,1,+,2,+,4,+,5,+,3
007251,02.08.26, 10:22,4,+,3,+,6,+,2,+,4,+,3
007250,02.08.26, 10:07,3,+,6,+,3,+,2,+,5,+,1
007249,02.08.26, 09:52,3,+,1,+,2,+,3,+,1,+,6
007248,02.08.26, 09:37,4,+,1,+,2,+,3,+,5,+,4
007247,02.08.26, 09:22,6,+,3,+,5,+,3,+,4,+,1
007246,02.08.26, 09:07,4,+,1,+,2,+,3,+,2,+,5
007245,02.08.26, 08:52,5,+,3,+,3,+,1,+,4,+,2
007244,02.08.26, 08:37,1,+,5,+,6,+,1,+,5,+,2
007243,02.08.26, 08:22,5,+,5,+,3,+,1,+,4,+,1
007242,02.08.26, 08:07,5,+,4,+,4,+,1,+,3,+,3
007241,02.08.26, 07:52,2,+,2,+,5,+,6,+,1,+,5
007240,02.08.26, 07:37,2,+,2,+,1,+,1,+,1,+,2
007239,02.08.26, 07:22,5,+,3,+,6,+,4,+,1,+,5
007238,02.08.26, 07:07,2,+,3,+,5,+,5,+,5,+,5
007237,02.08.26, 06:52,4,+,4,+,5,+,4,+,2,+,6
007236,02.08.26, 06:37,5,+,3,+,1,+,5,+,4,+,4
007235,02.08.26, 06:22,2,+,3,+,1,+,4,+,5,+,4
007234,02.08.26, 06:07,2,+,3,+,6,+,1,+,5,+,4
007233,02.08.26, 05:52,4,+,1,+,1,+,2,+,3,+,5
007232,02.08.26, 05:37,3,+,6,+,4,+,6,+,2,+,2
007231,02.08.26, 05:22,5,+,1,+,2,+,5,+,4,+,5
007230,02.08.26, 05:07,5,+,4,+,4,+,6,+,6,+,6
007229,02.08.26, 04:52,6,+,3,+,2,+,2,+,6,+,1
007228,02.08.26, 04:37,1,+,4,+,5,+,4,+,1,+,2
007227,02.08.26, 04:22,4,+,4,+,6,+,5,+,2,+,6
007226,02.08.26, 04:07,5,+,3,+,4,+,4,+,3,+,1
007225,02.08.26, 03:52,2,+,1,+,1,+,4,+,4,+,3
007224,02.08.26, 03:37,3,+,4,+,2,+,4,+,6,+,2
007223,02.08.26, 03:22,3,+,6,+,5,+,3,+,3,+,5
007222,02.08.26, 03:07,3,+,2,+,2,+,4,+,2,+,1
007221,02.08.26, 02:52,4,+,3,+,6,+,2,+,3,+,1
007220,02.08.26, 02:37,5,+,1,+,2,+,4,+,6,+,3
007219,02.08.26, 02:22,4,+,2,+,3,+,4,+,2,+,3
007218,02.08.26, 02:07,5,+,6,+,3,+,3,+,5,+,5
007217,02.08.26, 01:52,2,+,3,+,3,+,2,+,2,+,6
007216,02.08.26, 01:37,1,+,5,+,3,+,1,+,4,+,4
007215,02.08.26, 01:22,2,+,4,+,4,+,6,+,6,+,6
007214,02.08.26, 01:07,5,+,3,+,4,+,1,+,6,+,5
007213,02.08.26, 00:52,3,+,5,+,6,+,5,+,3,+,1
007212,02.08.26, 00:37,4,+,1,+,6,+,4,+,6,+,2
007211,02.08.26, 00:22,1,+,4,+,1,+,4,+,1,+,5
007210,02.08.26, 00:07,5,+,4,+,6,+,2,+,2,+,1
007209,01.08.26, 23:52,4,+,1,+,5,+,2,+,2,+,6
007208,01.08.26, 23:37,6,+,1,+,5,+,6,+,6,+,1
007207,01.08.26, 23:22,3,+,3,+,4,+,5,+,4,+,2
007206,01.08.26, 23:07,5,+,1,+,2,+,2,+,4,+,6
007205,01.08.26, 22:52,4,+,6,+,4,+,3,+,4,+,6
007204,01.08.26, 22:37,6,+,5,+,4,+,4,+,4,+,2
007203,01.08.26, 22:22,1,+,2,+,5,+,5,+,4,+,3
007202,01.08.26, 22:07,1,+,2,+,4,+,1,+,4,+,4
007201,01.08.26, 21:52,6,+,5,+,5,+,2,+,4,+,3
007200,01.08.26, 21:37,2,+,2,+,4,+,5,+,6,+,2
007199,01.08.26, 21:22,2,+,3,+,1,+,1,+,6,+,3
007198,01.08.26, 21:07,6,+,3,+,4,+,3,+,5,+,1
007197,01.08.26, 20:52,6,+,2,+,4,+,5,+,3,+,1
007196,01.08.26, 20:37,1,+,6,+,1,+,3,+,4,+,4
007195,01.08.26, 20:22,3,+,1,+,2,+,3,+,2,+,1
007194,01.08.26, 20:07,5,+,6,+,6,+,3,+,3,+,5
007193,01.08.26, 19:52,2,+,5,+,3,+,1,+,6,+,4
007192,01.08.26, 19:37,6,+,6,+,2,+,6,+,6,+,2
007191,01.08.26, 19:22,2,+,4,+,5,+,2,+,4,+,1
007190,01.08.26, 19:07,4,+,2,+,4,+,1,+,4,+,4
007189,01.08.26, 18:52,5,+,4,+,6,+,5,+,4,+,3
007188,01.08.26, 18:37,4,+,2,+,2,+,2,+,5,+,1
007187,01.08.26, 18:22,5,+,6,+,4,+,2,+,5,+,6
007186,01.08.26, 18:07,3,+,4,+,5,+,4,+,2,+,1
007185,01.08.26, 17:52,6,+,1,+,5,+,2,+,4,+,5
007184,01.08.26, 17:37,5,+,2,+,3,+,4,+,1,+,6
007183,01.08.26, 17:22,1,+,5,+,1,+,6,+,3,+,6
007182,01.08.26, 17:07,2,+,2,+,3,+,6,+,5,+,1
007181,01.08.26, 16:52,6,+,3,+,4,+,1,+,4,+,2
007180,01.08.26, 16:37,1,+,1,+,1,+,3,+,4,+,5
007179,01.08.26, 16:22,1,+,4,+,3,+,2,+,2,+,3
007178,01.08.26, 16:07,6,+,2,+,4,+,2,+,3,+,3
007177,01.08.26, 15:52,6,+,6,+,4,+,2,+,2,+,5
007176,01.08.26, 15:37,5,+,2,+,4,+,4,+,5,+,3
007175,01.08.26, 15:22,3,+,5,+,5,+,3,+,3,+,4
007174,01.08.26, 15:07,5,+,2,+,4,+,4,+,2,+,3
007173,01.08.26, 14:52,1,+,3,+,5,+,5,+,3,+,1
007172,01.08.26, 14:37,1,+,1,+,2,+,6,+,3,+,1
007171,01.08.26, 14:22,3,+,1,+,2,+,3,+,3,+,6
007170,01.08.26, 14:07,1,+,2,+,4,+,6,+,1,+,6
007169,01.08.26, 13:52,3,+,6,+,1,+,2,+,5,+,2
007168,01.08.26, 13:37,5,+,4,+,2,+,3,+,1,+,5
007167,01.08.26, 13:22,1,+,1,+,5,+,6,+,1,+,3
007166,01.08.26, 13:07,3,+,2,+,5,+,6,+,3,+,1
007165,01.08.26, 12:52,1,+,5,+,5,+,5,+,1,+,3
007164,01.08.26, 12:37,6,+,2,+,2,+,5,+,4,+,5
007163,01.08.26, 12:22,4,+,5,+,4,+,6,+,4,+,6
007162,01.08.26, 12:07,6,+,3,+,6,+,1,+,2,+,6
007161,01.08.26, 11:52,6,+,1,+,5,+,1,+,4,+,6
007160,01.08.26, 11:37,6,+,6,+,3,+,5,+,6,+,5
007159,01.08.26, 11:22,5,+,1,+,1,+,2,+,2,+,2
007158,01.08.26, 11:07,1,+,3,+,3,+,2,+,6,+,3
007157,01.08.26, 10:52,4,+,6,+,2,+,5,+,4,+,1
007156,01.08.26, 10:37,4,+,6,+,6,+,5,+,6,+,3
007155,01.08.26, 10:22,2,+,2,+,6,+,2,+,6,+,2
007154,01.08.26, 10:07,4,+,2,+,3,+,3,+,1,+,2
007153,01.08.26, 09:52,5,+,2,+,6,+,6,+,6,+,6
007152,01.08.26, 09:37,1,+,6,+,4,+,4,+,5,+,1
007151,01.08.26, 09:22,6,+,2,+,6,+,3,+,1,+,6
007150,01.08.26, 09:07,5,+,6,+,5,+,3,+,2,+,1
007149,01.08.26, 08:52,2,+,1,+,4,+,5,+,2,+,3
007148,01.08.26, 08:37,5,+,3,+,4,+,1,+,5,+,2
007147,01.08.26, 08:22,6,+,6,+,5,+,1,+,6,+,2
007146,01.08.26, 08:07,4,+,1,+,5,+,2,+,5,+,2
007145,01.08.26, 07:52,5,+,6,+,5,+,1,+,3,+,3
007144,01.08.26, 07:37,5,+,4,+,6,+,2,+,6,+,2
007143,01.08.26, 07:22,3,+,6,+,4,+,5,+,6,+,1
007142,01.08.26, 07:07,5,+,5,+,5,+,6,+,2,+,4
007141,01.08.26, 06:52,3,+,5,+,2,+,5,+,3,+,1
007140,01.08.26, 06:37,6,+,4,+,6,+,2,+,2,+,3
007139,01.08.26, 06:22,6,+,3,+,6,+,6,+,3,+,2
007138,01.08.26, 06:07,1,+,4,+,2,+,6,+,6,+,6
007137,01.08.26, 05:52,6,+,3,+,3,+,5,+,1,+,5
007136,01.08.26, 05:37,2,+,6,+,2,+,5,+,1,+,3
007135,01.08.26, 05:22,4,+,5,+,1,+,3,+,6,+,1
007134,01.08.26, 05:07,5,+,5,+,5,+,3,+,3,+,2
007133,01.08.26, 04:52,6,+,6,+,2,+,6,+,5,+,1
007132,01.08.26, 04:37,6,+,2,+,1,+,5,+,3,+,2
007131,01.08.26, 04:22,6,+,2,+,5,+,6,+,4,+,2
007130,01.08.26, 04:07,2,+,3,+,3,+,4,+,4,+,3
007129,01.08.26, 03:52,1,+,6,+,2,+,2,+,4,+,5
007128,01.08.26, 03:37,6,+,6,+,1,+,4,+,5,+,3
007127,01.08.26, 03:22,4,+,6,+,1,+,5,+,4,+,4
007126,01.08.26, 03:07,2,+,3,+,2,+,6,+,2,+,5
007125,01.08.26, 02:52,1,+,2,+,1,+,2,+,2,+,4
007124,01.08.26, 02:37,5,+,3,+,2,+,4,+,6,+,2
007123,01.08.26, 02:22,3,+,4,+,5,+,5,+,3,+,2
007122,01.08.26, 02:07,6,+,2,+,3,+,4,+,3,+,1
007121,01.08.26, 01:52,4,+,2,+,5,+,1,+,4,+,3
007120,01.08.26, 01:37,2,+,3,+,1,+,1,+,3,+,1
007119,01.08.26, 01:22,1,+,4,+,1,+,4,+,3,+,4
007118,01.08.26, 01:07,1,+,1,+,6,+,4,+,1,+,2
007117,31.07.26, 23:00,1,+,3,+,6,+,4,+,5,+,1
007116,31.07.26, 22:00,5,+,5,+,2,+,6,+,4,+,4
007115,31.07.26, 21:00,6,+,4,+,1,+,3,+,4,+,5
007114,31.07.26, 20:00,2,+,5,+,3,+,5,+,4,+,1
007113,31.07.26, 19:00,2,+,3,+,1,+,4,+,1,+,3
007112,31.07.26, 18:00,4,+,1,+,5,+,6,+,1,+,1
007111,31.07.26, 17:00,5,+,4,+,6,+,5,+,1,+,4
007110,31.07.26, 16:00,4,+,1,+,3,+,4,+,6,+,1
007109,31.07.26, 15:00,2,+,3,+,6,+,5,+,6,+,4
007108,31.07.26, 14:00,2,+,4,+,1,+,6,+,1,+,4
007107,31.07.26, 13:00,1,+,5,+,2,+,2,+,4,+,2
007106,31.07.26, 12:00,6,+,1,+,5,+,6,+,4,+,6
007105,31.07.26, 11:00,1,+,2,+,1,+,1,+,2,+,3
007104,31.07.26, 10:00,6,+,4,+,4,+,5,+,1,+,4
007103,31.07.26, 09:00,2,+,6,+,6,+,2,+,5,+,5
007102,31.07.26, 08:00,4,+,1,+,1,+,6,+,1,+,6
007101,31.07.26, 07:00,2,+,4,+,4,+,1,+,6,+,4
007100,31.07.26, 06:00,6,+,3,+,4,+,4,+,6,+,4
007099,31.07.26, 05:00,2,+,5,+,1,+,4,+,4,+,5
007098,31.07.26, 04:00,4,+,3,+,6,+,6,+,6,+,2
007097,31.07.26, 03:00,2,+,1,+,4,+,1,+,5,+,6
007096,31.07.26, 02:00,4,+,6,+,2,+,4,+,4,+,4
007095,31.07.26, 01:00,2,+,6,+,1,+,2,+,1,+,2
007094,31.07.26, 00:00,5,+,4,+,1,+,6,+,1,+,2
007093,30.07.26, 23:00,1,+,4,+,6,+,6,+,5,+,2
007092,30.07.26, 22:00,3,+,2,+,4,+,1,+,6,+,4
007091,30.07.26, 21:00,5,+,2,+,3,+,5,+,5,+,6
007090,30.07.26, 20:00,4,+,3,+,3,+,2,+,6,+,6
007089,30.07.26, 19:00,1,+,3,+,6,+,1,+,1,+,5
007088,30.07.26, 18:00,3,+,3,+,3,+,3,+,4,+,2
007087,30.07.26, 17:00,3,+,2,+,3,+,1,+,4,+,1
007086,30.07.26, 16:00,1,+,4,+,4,+,1,+,4,+,4
007085,30.07.26, 15:00,3,+,5,+,5,+,4,+,4,+,6
007084,30.07.26, 14:00,3,+,4,+,1,+,4,+,4,+,1
007083,30.07.26, 13:00,1,+,3,+,3,+,3,+,5,+,3
007082,30.07.26, 12:00,1,+,4,+,5,+,4,+,4,+,5
007081,30.07.26, 11:00,6,+,1,+,6,+,1,+,2,+,2
007080,30.07.26, 10:00,6,+,3,+,3,+,4,+,4,+,3
007079,30.07.26, 09:00,2,+,3,+,3,+,2,+,5,+,6
007078,30.07.26, 08:00,2,+,3,+,4,+,1,+,5,+,4
007077,30.07.26, 07:00,6,+,6,+,2,+,5,+,5,+,3
007076,30.07.26, 06:00,3,+,4,+,6,+,3,+,5,+,4
007075,30.07.26, 05:00,4,+,2,+,6,+,1,+,1,+,3
007074,30.07.26, 04:00,6,+,5,+,4,+,5,+,5,+,5
007073,30.07.26, 03:00,5,+,5,+,3,+,6,+,2,+,3
007072,30.07.26, 02:00,4,+,6,+,6,+,5,+,5,+,5
007071,30.07.26, 01:00,3,+,2,+,5,+,5,+,4,+,4
007070,30.07.26, 00:00,4,+,6,+,2,+,1,+,5,+,3
007069,29.07.26, 23:00,1,+,2,+,5,+,5,+,6,+,3
007068,29.07.26, 22:00,2,+,3,+,5,+,2,+,5,+,4
007067,29.07.26, 21:00,4,+,5,+,1,+,1,+,6,+,3
007066,29.07.26, 20:00,4,+,2,+,4,+,3,+,6,+,5
007065,29.07.26, 19:00,3,+,4,+,2,+,4,+,4,+,4
007064,29.07.26, 18:00,5,+,1,+,1,+,3,+,3,+,1
007063,29.07.26, 17:00,2,+,3,+,4,+,6,+,4,+,6
007062,29.07.26, 16:00,1,+,6,+,5,+,5,+,3,+,4
007061,29.07.26, 15:00,4,+,6,+,5,+,2,+,2,+,1
007060,29.07.26, 14:00,6,+,6,+,2,+,1,+,4,+,5
007059,29.07.26, 13:00,5,+,2,+,2,+,4,+,3,+,1
007058,29.07.26, 12:00,5,+,6,+,1,+,1,+,5,+,2
007057,29.07.26, 11:00,4,+,2,+,3,+,2,+,3,+,5
007056,29.07.26, 10:00,5,+,4,+,4,+,2,+,3,+,4
007055,29.07.26, 09:00,5,+,1,+,6,+,1,+,4,+,2
007054,29.07.26, 08:00,3,+,1,+,2,+,6,+,4,+,6
007053,29.07.26, 07:00,5,+,1,+,2,+,4,+,3,+,6
007052,29.07.26, 06:00,6,+,5,+,3,+,1,+,6,+,3
007051,29.07.26, 05:00,5,+,2,+,4,+,1,+,1,+,3
007050,29.07.26, 04:00,2,+,6,+,6,+,6,+,5,+,1
007049,29.07.26, 03:00,5,+,4,+,5,+,3,+,3,+,5
007048,29.07.26, 02:00,3,+,5,+,2,+,6,+,2,+,6
007047,29.07.26, 01:00,4,+,1,+,4,+,4,+,6,+,2
007046,29.07.26, 00:00,4,+,3,+,5,+,6,+,6,+,4
007045,28.07.26, 23:00,6,+,1,+,2,+,1,+,5,+,1
007044,28.07.26, 22:00,6,+,2,+,5,+,3,+,2,+,3
007043,28.07.26, 21:00,6,+,6,+,3,+,5,+,2,+,3
007042,28.07.26, 20:00,5,+,1,+,5,+,1,+,6,+,6
007041,28.07.26, 19:00,2,+,2,+,4,+,6,+,5,+,6
007040,28.07.26, 18:00,1,+,3,+,5,+,4,+,2,+,1
007039,28.07.26, 17:00,4,+,4,+,1,+,5,+,4,+,6
007038,28.07.26, 16:00,5,+,4,+,1,+,3,+,3,+,5
007037,28.07.26, 15:00,6,+,6,+,2,+,6,+,5,+,3
007036,28.07.26, 14:00,2,+,5,+,4,+,3,+,6,+,4
007035,28.07.26, 13:00,3,+,5,+,4,+,2,+,4,+,3
007034,28.07.26, 12:00,1,+,6,+,2,+,5,+,4,+,6
007033,28.07.26, 11:00,3,+,5,+,1,+,5,+,6,+,1
007032,28.07.26, 10:00,3,+,5,+,1,+,3,+,5,+,6
007031,28.07.26, 09:00,3,+,2,+,3,+,4,+,5,+,4
007030,28.07.26, 08:00,6,+,6,+,4,+,4,+,6,+,4
007029,28.07.26, 07:00,2,+,4,+,4,+,3,+,3,+,5
007028,28.07.26, 06:00,4,+,1,+,6,+,4,+,1,+,6
007027,28.07.26, 05:00,2,+,3,+,6,+,3,+,2,+,6
007026,28.07.26, 04:00,2,+,1,+,2,+,2,+,3,+,5
007025,28.07.26, 03:00,6,+,5,+,2,+,3,+,2,+,3
007024,28.07.26, 02:00,2,+,2,+,5,+,6,+,3,+,5
007023,28.07.26, 01:00,4,+,2,+,1,+,5,+,4,+,2
007022,28.07.26, 00:00,5,+,3,+,3,+,1,+,3,+,2
007021,27.07.26, 23:00,3,+,5,+,3,+,5,+,2,+,5
007020,27.07.26, 22:00,2,+,3,+,3,+,6,+,2,+,5
007019,27.07.26, 21:00,3,+,3,+,5,+,3,+,2,+,4
007018,27.07.26, 20:00,5,+,3,+,6,+,5,+,4,+,4
007017,27.07.26, 19:00,5,+,2,+,1,+,6,+,4,+,5
007016,27.07.26, 18:00,6,+,1,+,2,+,2,+,1,+,5
007015,27.07.26, 17:00,5,+,1,+,4,+,3,+,1,+,3
007014,27.07.26, 16:00,1,+,5,+,1,+,2,+,3,+,4
007013,27.07.26, 15:00,4,+,4,+,6,+,4,+,1,+,6
007012,27.07.26, 14:00,2,+,5,+,6,+,3,+,1,+,1
007011,27.07.26, 13:00,3,+,4,+,4,+,1,+,4,+,3
007010,27.07.26, 12:00,2,+,4,+,2,+,3,+,2,+,2
007009,27.07.26, 11:00,6,+,3,+,3,+,1,+,1,+,4
007008,27.07.26, 10:00,5,+,1,+,3,+,4,+,6,+,3
007007,27.07.26, 09:00,1,+,6,+,5,+,1,+,2,+,3
007006,27.07.26, 08:00,1,+,6,+,3,+,5,+,2,+,1
007005,27.07.26, 07:00,2,+,6,+,6,+,6,+,3,+,3
007004,27.07.26, 06:00,2,+,5,+,3,+,3,+,1,+,3
007003,27.07.26, 05:00,3,+,2,+,6,+,3,+,3,+,2
007002,27.07.26, 04:00,6,+,6,+,1,+,5,+,6,+,3
007001,27.07.26, 03:00,5,+,3,+,2,+,4,+,2,+,5
007000,27.07.26, 02:00,4,+,2,+,4,+,4,+,3,+,2
006999,27.07.26, 01:00,5,+,4,+,6,+,4,+,3,+,1
006998,27.07.26, 00:00,6,+,5,+,4,+,6,+,4,+,4
006997,26.07.26, 23:00,3,+,2,+,1,+,5,+,2,+,6
006996,26.07.26, 22:00,6,+,4,+,2,+,1,+,1,+,3
006995,26.07.26, 21:00,2,+,6,+,5,+,6,+,6,+,6
006994,26.07.26, 20:00,4,+,1,+,4,+,6,+,6,+,4
006993,26.07.26, 19:00,3,+,1,+,6,+,6,+,3,+,1
006992,26.07.26, 18:00,3,+,4,+,6,+,2,+,6,+,1
006991,26.07.26, 17:00,4,+,1,+,6,+,5,+,6,+,2
006990,26.07.26, 16:00,2,+,1,+,5,+,2,+,2,+,4
006989,26.07.26, 15:00,5,+,2,+,6,+,1,+,3,+,3
006988,26.07.26, 14:00,1,+,5,+,1,+,1,+,2,+,2
006987,26.07.26, 13:00,1,+,5,+,1,+,4,+,6,+,6
006986,26.07.26, 12:00,4,+,6,+,4,+,4,+,3,+,3
006985,26.07.26, 11:00,4,+,2,+,2,+,3,+,6,+,4
006984,26.07.26, 10:00,4,+,1,+,6,+,6,+,3,+,3
006983,26.07.26, 09:00,3,+,5,+,1,+,4,+,5,+,5
006982,26.07.26, 08:00,6,+,3,+,6,+,4,+,2,+,4
006981,26.07.26, 07:00,1,+,2,+,5,+,3,+,1,+,6
006980,26.07.26, 06:00,5,+,6,+,1,+,4,+,2,+,3
006979,26.07.26, 05:00,3,+,3,+,5,+,5,+,1,+,1
006978,26.07.26, 04:00,1,+,2,+,2,+,2,+,5,+,5
006977,26.07.26, 03:00,6,+,6,+,6,+,5,+,2,+,4
006976,26.07.26, 02:00,2,+,1,+,2,+,1,+,3,+,6
006975,26.07.26, 00:00,4,+,3,+,6,+,3,+,3,+,4
006974,25.07.26, 23:00,2,+,3,+,4,+,3,+,3,+,6
006973,25.07.26, 22:00,1,+,2,+,4,+,2,+,2,+,3
006972,25.07.26, 21:00,2,+,6,+,6,+,6,+,1,+,6
006971,25.07.26, 20:00,2,+,5,+,5,+,5,+,3,+,5
006970,25.07.26, 19:00,2,+,6,+,6,+,1,+,3,+,2
006969,25.07.26, 18:00,1,+,1,+,3,+,2,+,5,+,3
006968,25.07.26, 17:00,4,+,3,+,6,+,3,+,3,+,6
006967,25.07.26, 16:00,3,+,1,+,5,+,2,+,5,+,5
006966,25.07.26, 15:00,4,+,2,+,5,+,1,+,5,+,5
006965,25.07.26, 14:00,5,+,4,+,6,+,6,+,1,+,2
006964,25.07.26, 13:00,5,+,5,+,6,+,3,+,6,+,1
006963,25.07.26, 12:00,1,+,4,+,1,+,6,+,4,+,3
006962,25.07.26, 11:00,6,+,2,+,3,+,5,+,5,+,1
006961,25.07.26, 10:00,6,+,5,+,4,+,1,+,5,+,1
006960,25.07.26, 09:00,5,+,2,+,6,+,4,+,1,+,1
006959,25.07.26, 08:00,6,+,3,+,1,+,6,+,1,+,4
006958,25.07.26, 07:00,4,+,1,+,3,+,5,+,2,+,5
006957,25.07.26, 06:00,2,+,2,+,5,+,1,+,6,+,3
006956,25.07.26, 05:00,1,+,2,+,5,+,1,+,1,+,1
006955,25.07.26, 04:00,2,+,3,+,1,+,5,+,2,+,5
006954,25.07.26, 03:00,3,+,2,+,4,+,4,+,4,+,1
006953,25.07.26, 02:00,6,+,6,+,1,+,4,+,6,+,6
006952,25.07.26, 01:00,1,+,4,+,3,+,2,+,4,+,4
006951,25.07.26, 00:00,5,+,1,+,3,+,2,+,5,+,6
006950,24.07.26, 23:00,2,+,1,+,6,+,4,+,1,+,6
006949,24.07.26, 22:00,3,+,2,+,5,+,1,+,4,+,3
006948,24.07.26, 21:00,2,+,3,+,4,+,6,+,2,+,5
006947,24.07.26, 20:00,6,+,6,+,6,+,4,+,3,+,2
006946,24.07.26, 19:00,5,+,6,+,1,+,3,+,2,+,1
006945,24.07.26, 18:00,1,+,2,+,4,+,2,+,5,+,3
006944,24.07.26, 17:00,5,+,5,+,1,+,5,+,6,+,1
006943,24.07.26, 16:00,1,+,1,+,6,+,3,+,4,+,5
006942,24.07.26, 15:00,1,+,6,+,1,+,3,+,1,+,4
006941,24.07.26, 14:00,3,+,2,+,3,+,4,+,3,+,4
006940,24.07.26, 13:00,1,+,5,+,6,+,4,+,6,+,3
006939,24.07.26, 12:00,5,+,3,+,4,+,4,+,4,+,5
006938,24.07.26, 11:00,2,+,3,+,6,+,2,+,2,+,3
006937,24.07.26, 10:00,6,+,3,+,5,+,2,+,4,+,2
006936,24.07.26, 09:00,1,+,4,+,4,+,2,+,6,+,2
006935,24.07.26, 08:00,5,+,3,+,6,+,3,+,4,+,5
006934,24.07.26, 07:00,4,+,1,+,2,+,5,+,5,+,5
006933,24.07.26, 06:00,4,+,2,+,2,+,2,+,2,+,6
006932,24.07.26, 05:00,3,+,6,+,5,+,2,+,3,+,1
006931,24.07.26, 04:00,1,+,1,+,5,+,3,+,6,+,6
006930,24.07.26, 03:00,4,+,1,+,1,+,4,+,2,+,4
006929,24.07.26, 02:00,3,+,1,+,5,+,1,+,2,+,1
006928,24.07.26, 01:00,3,+,3,+,2,+,5,+,2,+,2
006927,24.07.26, 00:00,5,+,4,+,3,+,2,+,2,+,6
006926,23.07.26, 23:00,6,+,6,+,1,+,6,+,2,+,3
006925,23.07.26, 22:00,1,+,5,+,6,+,4,+,2,+,6
006924,23.07.26, 21:00,5,+,2,+,1,+,2,+,3,+,1
006923,23.07.26, 20:00,4,+,4,+,2,+,1,+,3,+,1
006922,23.07.26, 19:00,4,+,2,+,5,+,1,+,3,+,4
006921,23.07.26, 18:00,2,+,2,+,5,+,5,+,3,+,6
006920,23.07.26, 17:00,4,+,2,+,1,+,4,+,6,+,3
006919,23.07.26, 16:00,4,+,3,+,5,+,5,+,3,+,3
006918,23.07.26, 15:00,5,+,6,+,2,+,5,+,2,+,1
006917,23.07.26, 14:00,3,+,3,+,4,+,3,+,1,+,3
006916,23.07.26, 13:00,4,+,5,+,1,+,2,+,2,+,5
006915,23.07.26, 12:00,1,+,1,+,1,+,6,+,3,+,1
006914,23.07.26, 11:00,1,+,5,+,4,+,5,+,3,+,2
006913,23.07.26, 10:00,6,+,5,+,2,+,2,+,2,+,4
006912,23.07.26, 09:00,1,+,6,+,6,+,6,+,6,+,6
006911,23.07.26, 08:00,2,+,4,+,4,+,5,+,2,+,1
006910,23.07.26, 07:00,5,+,1,+,3,+,1,+,3,+,5
006909,23.07.26, 06:00,4,+,6,+,4,+,3,+,1,+,3
006908,23.07.26, 05:00,5,+,3,+,6,+,3,+,4,+,3
006907,23.07.26, 04:00,3,+,1,+,2,+,2,+,2,+,2
006906,23.07.26, 03:00,2,+,4,+,3,+,1,+,6,+,5
006905,23.07.26, 02:00,5,+,4,+,2,+,4,+,5,+,2
006904,23.07.26, 01:00,2,+,3,+,6,+,6,+,6,+,5
006903,23.07.26, 00:00,2,+,2,+,2,+,1,+,5,+,2
006902,22.07.26, 23:00,2,+,1,+,3,+,6,+,1,+,1
006901,22.07.26, 22:00,5,+,6,+,4,+,5,+,4,+,2
006900,22.07.26, 21:00,1,+,2,+,1,+,1,+,1,+,6
006899,22.07.26, 20:00,5,+,3,+,3,+,5,+,1,+,6
006898,22.07.26, 19:00,2,+,5,+,1,+,1,+,2,+,3
006897,22.07.26, 18:00,3,+,3,+,4,+,4,+,3,+,6
006896,22.07.26, 17:00,1,+,3,+,2,+,2,+,6,+,1
006895,22.07.26, 16:00,2,+,5,+,6,+,4,+,6,+,4
006894,22.07.26, 15:00,3,+,3,+,2,+,3,+,5,+,3
006893,22.07.26, 14:00,1,+,1,+,4,+,4,+,5,+,1
006892,22.07.26, 13:00,2,+,4,+,6,+,2,+,1,+,6
006891,22.07.26, 12:00,5,+,3,+,3,+,4,+,2,+,6
006890,22.07.26, 11:00,4,+,2,+,2,+,5,+,6,+,1
006889,22.07.26, 10:00,5,+,1,+,6,+,6,+,5,+,4
006888,22.07.26, 09:00,2,+,4,+,2,+,3,+,6,+,5
006887,22.07.26, 08:00,6,+,2,+,6,+,2,+,2,+,5
006886,22.07.26, 07:00,3,+,6,+,5,+,3,+,1,+,2
006885,22.07.26, 06:00,4,+,6,+,5,+,4,+,5,+,1
006884,22.07.26, 05:00,1,+,5,+,6,+,6,+,5,+,1
006883,22.07.26, 04:00,4,+,1,+,2,+,4,+,3,+,2
006882,22.07.26, 03:00,5,+,1,+,6,+,4,+,2,+,2
006881,22.07.26, 02:00,4,+,1,+,3,+,5,+,4,+,4
006880,22.07.26, 01:00,3,+,2,+,2,+,6,+,3,+,1
006879,22.07.26, 00:00,6,+,6,+,1,+,1,+,5,+,1
006878,21.07.26, 23:00,4,+,3,+,5,+,3,+,5,+,6
006877,21.07.26, 22:00,5,+,6,+,1,+,1,+,2,+,6
006876,21.07.26, 21:00,2,+,1,+,2,+,5,+,6,+,3
006875,21.07.26, 20:00,2,+,5,+,6,+,5,+,5,+,4
006874,21.07.26, 19:00,6,+,5,+,2,+,2,+,5,+,5
006873,21.07.26, 18:00,5,+,1,+,4,+,4,+,3,+,4
006872,21.07.26, 17:00,1,+,1,+,1,+,5,+,3,+,2
006871,21.07.26, 16:00,1,+,6,+,2,+,5,+,3,+,5
006870,21.07.26, 15:00,6,+,3,+,1,+,4,+,3,+,5
006869,21.07.26, 14:00,5,+,6,+,4,+,6,+,5,+,2
006868,21.07.26, 13:00,1,+,2,+,1,+,3,+,6,+,1
006867,21.07.26, 12:00,4,+,4,+,3,+,6,+,2,+,6
006866,21.07.26, 11:00,3,+,4,+,3,+,3,+,3,+,2
006865,21.07.26, 10:00,5,+,2,+,3,+,6,+,3,+,2
006864,21.07.26, 09:00,1,+,5,+,1,+,6,+,4,+,5
006863,21.07.26, 08:00,3,+,5,+,2,+,1,+,5,+,5
006862,21.07.26, 07:00,2,+,6,+,2,+,3,+,4,+,6
006861,21.07.26, 06:00,6,+,4,+,4,+,5,+,2,+,4
006860,21.07.26, 05:00,6,+,3,+,2,+,4,+,5,+,5
006859,21.07.26, 04:00,5,+,6,+,3,+,1,+,4,+,5
006858,21.07.26, 03:00,5,+,2,+,3,+,1,+,3,+,3
006857,21.07.26, 02:00,6,+,5,+,2,+,4,+,3,+,1
006856,21.07.26, 01:00,3,+,1,+,2,+,6,+,4,+,3
006855,21.07.26, 00:00,3,+,1,+,2,+,6,+,1,+,6
006854,20.07.26, 23:00,3,+,6,+,4,+,1,+,6,+,4
006853,20.07.26, 22:00,4,+,4,+,1,+,1,+,6,+,2
006852,20.07.26, 21:00,2,+,6,+,1,+,2,+,5,+,2
006851,20.07.26, 20:00,5,+,6,+,2,+,3,+,2,+,3
006850,20.07.26, 19:00,6,+,3,+,5,+,2,+,3,+,6
006849,20.07.26, 18:00,5,+,5,+,1,+,1,+,3,+,6
006848,20.07.26, 17:00,4,+,1,+,1,+,4,+,3,+,3
006847,20.07.26, 16:00,3,+,1,+,6,+,1,+,6,+,4
006846,20.07.26, 15:00,6,+,3,+,2,+,4,+,2,+,4
006845,20.07.26, 14:00,3,+,6,+,1,+,5,+,6,+,3
006844,20.07.26, 13:00,2,+,2,+,2,+,3,+,4,+,6
006843,20.07.26, 12:00,4,+,2,+,6,+,1,+,4,+,5
006842,20.07.26, 11:00,1,+,3,+,5,+,1,+,5,+,2
006841,20.07.26, 10:00,6,+,1,+,2,+,4,+,6,+,6
006840,20.07.26, 09:00,3,+,2,+,3,+,5,+,2,+,4
006839,20.07.26, 08:00,3,+,5,+,3,+,1,+,3,+,5
006838,20.07.26, 07:00,1,+,4,+,4,+,3,+,3,+,3
006837,20.07.26, 06:00,4,+,6,+,2,+,2,+,6,+,3
006836,20.07.26, 05:00,3,+,3,+,4,+,2,+,4,+,4
006835,20.07.26, 04:00,5,+,6,+,2,+,4,+,1,+,6
006834,20.07.26, 03:00,6,+,5,+,3,+,6,+,4,+,5
006833,20.07.26, 02:00,6,+,5,+,1,+,5,+,1,+,1
006832,20.07.26, 01:00,1,+,3,+,3,+,1,+,1,+,4
006831,20.07.26, 00:00,4,+,5,+,2,+,6,+,5,+,3
006830,19.07.26, 23:00,5,+,1,+,1,+,1,+,2,+,4
006829,19.07.26, 22:00,1,+,4,+,4,+,4,+,5,+,3
006828,19.07.26, 21:00,6,+,5,+,6,+,6,+,5,+,2
006827,19.07.26, 20:00,6,+,6,+,5,+,1,+,1,+,6
006826,19.07.26, 19:00,6,+,5,+,5,+,1,+,2,+,1
006825,19.07.26, 18:00,1,+,5,+,2,+,2,+,3,+,6
006824,19.07.26, 17:00,1,+,1,+,6,+,3,+,3,+,3
006823,19.07.26, 16:00,2,+,1,+,6,+,1,+,1,+,5
006822,19.07.26, 15:00,5,+,1,+,5,+,1,+,4,+,2
006821,19.07.26, 14:00,5,+,3,+,2,+,3,+,4,+,1
006820,19.07.26, 13:00,4,+,1,+,2,+,5,+,2,+,5
006819,19.07.26, 12:00,6,+,4,+,6,+,6,+,3,+,6
006818,19.07.26, 11:00,3,+,6,+,4,+,2,+,1,+,4
006817,19.07.26, 10:00,5,+,2,+,4,+,6,+,3,+,4
006816,19.07.26, 09:00,1,+,4,+,6,+,3,+,3,+,1
006815,19.07.26, 08:00,5,+,5,+,4,+,3,+,5,+,5
006814,19.07.26, 07:00,4,+,5,+,2,+,6,+,5,+,4
006813,19.07.26, 06:00,1,+,3,+,1,+,3,+,4,+,4
006812,19.07.26, 05:00,1,+,1,+,2,+,2,+,6,+,2
006811,19.07.26, 04:00,5,+,6,+,4,+,2,+,6,+,4
006810,19.07.26, 03:00,6,+,3,+,5,+,6,+,1,+,3
006809,19.07.26, 02:00,1,+,5,+,4,+,5,+,3,+,5
006808,19.07.26, 00:00,5,+,1,+,2,+,5,+,1,+,3
006807,18.07.26, 23:00,1,+,1,+,5,+,3,+,1,+,6
006806,18.07.26, 22:00,5,+,6,+,5,+,2,+,2,+,4
006805,18.07.26, 21:00,6,+,4,+,2,+,4,+,6,+,5
006804,18.07.26, 20:00,6,+,3,+,4,+,4,+,6,+,2
006803,18.07.26, 19:00,6,+,2,+,4,+,1,+,3,+,3
006802,18.07.26, 18:00,4,+,5,+,5,+,3,+,6,+,3
006801,18.07.26, 17:00,4,+,6,+,2,+,6,+,4,+,3
006800,18.07.26, 16:00,2,+,4,+,1,+,1,+,6,+,4
006799,18.07.26, 15:00,6,+,4,+,6,+,6,+,4,+,4
006798,18.07.26, 14:00,1,+,1,+,1,+,6,+,6,+,3
006797,18.07.26, 13:00,6,+,6,+,1,+,1,+,6,+,4
006796,18.07.26, 12:00,4,+,3,+,3,+,5,+,5,+,6
006795,18.07.26, 11:00,3,+,2,+,5,+,3,+,2,+,1
006794,18.07.26, 10:00,5,+,2,+,6,+,1,+,6,+,4
006793,18.07.26, 09:00,6,+,1,+,1,+,6,+,4,+,3
006792,18.07.26, 08:00,5,+,5,+,6,+,2,+,6,+,4
006791,18.07.26, 07:00,6,+,5,+,4,+,5,+,5,+,1
006790,18.07.26, 06:00,6,+,6,+,6,+,5,+,6,+,1
006789,18.07.26, 05:00,4,+,4,+,4,+,5,+,2,+,4
006788,18.07.26, 04:00,2,+,1,+,2,+,4,+,3,+,2
006787,18.07.26, 03:00,1,+,3,+,1,+,4,+,2,+,2
006786,18.07.26, 02:00,5,+,5,+,5,+,2,+,6,+,3
006785,18.07.26, 01:00,2,+,3,+,4,+,5,+,2,+,3
006784,18.07.26, 00:00,2,+,4,+,2,+,5,+,5,+,2
006783,17.07.26, 23:00,1,+,5,+,1,+,4,+,3,+,3
006782,17.07.26, 22:00,6,+,3,+,2,+,3,+,3,+,5
006781,17.07.26, 21:00,5,+,3,+,4,+,4,+,2,+,4
006780,17.07.26, 20:00,2,+,3,+,4,+,3,+,5,+,4
006779,17.07.26, 19:00,2,+,6,+,1,+,4,+,3,+,6
006778,17.07.26, 18:00,4,+,2,+,1,+,5,+,6,+,4
006777,17.07.26, 17:00,2,+,3,+,4,+,5,+,4,+,2
006776,17.07.26, 16:00,1,+,3,+,2,+,1,+,2,+,4
006775,17.07.26, 15:00,6,+,5,+,1,+,2,+,1,+,1
006774,17.07.26, 14:00,1,+,2,+,2,+,5,+,5,+,2
006773,17.07.26, 13:00,3,+,1,+,1,+,5,+,2,+,4
006772,17.07.26, 12:00,3,+,6,+,1,+,6,+,2,+,5
006771,17.07.26, 11:00,5,+,5,+,4,+,4,+,4,+,4
006770,17.07.26, 10:00,1,+,5,+,3,+,3,+,3,+,6
006769,17.07.26, 09:00,2,+,6,+,5,+,6,+,4,+,4
006768,17.07.26, 08:00,6,+,3,+,1,+,1,+,4,+,5
006767,17.07.26, 07:00,4,+,1,+,6,+,6,+,2,+,1
006766,17.07.26, 06:00,5,+,3,+,5,+,4,+,1,+,4
006765,17.07.26, 05:00,6,+,4,+,6,+,4,+,2,+,3
006764,17.07.26, 04:00,4,+,1,+,6,+,4,+,4,+,5
006763,17.07.26, 03:00,3,+,1,+,1,+,5,+,1,+,3
006762,17.07.26, 02:00,3,+,4,+,4,+,3,+,6,+,5
006761,17.07.26, 01:00,1,+,2,+,4,+,2,+,2,+,1
006760,17.07.26, 00:00,2,+,4,+,3,+,3,+,4,+,1
006759,16.07.26, 23:00,2,+,2,+,5,+,1,+,6,+,4
006758,16.07.26, 22:00,2,+,2,+,6,+,4,+,2,+,1
006757,16.07.26, 21:00,2,+,1,+,6,+,5,+,6,+,5
006756,16.07.26, 20:00,5,+,1,+,2,+,4,+,3,+,4
006755,16.07.26, 19:00,5,+,6,+,1,+,2,+,6,+,5
006754,16.07.26, 18:00,5,+,4,+,5,+,4,+,4,+,4
006753,16.07.26, 17:00,5,+,3,+,5,+,6,+,3,+,3
006752,16.07.26, 16:00,6,+,1,+,5,+,1,+,1,+,6
006751,16.07.26, 15:00,2,+,1,+,4,+,5,+,1,+,3
006750,16.07.26, 14:00,3,+,5,+,2,+,6,+,1,+,3
006749,16.07.26, 13:00,5,+,2,+,3,+,3,+,4,+,1
006748,16.07.26, 12:00,2,+,1,+,6,+,2,+,3,+,6
006747,16.07.26, 11:00,2,+,1,+,3,+,1,+,4,+,1
006746,16.07.26, 10:00,4,+,6,+,2,+,5,+,3,+,3
006745,16.07.26, 09:00,5,+,4,+,5,+,4,+,5,+,5
006744,16.07.26, 08:00,6,+,1,+,1,+,5,+,1,+,5
006743,16.07.26, 07:00,2,+,3,+,4,+,4,+,5,+,6
006742,16.07.26, 06:00,6,+,6,+,2,+,6,+,1,+,5
006741,16.07.26, 05:00,6,+,1,+,5,+,2,+,3,+,5
006740,16.07.26, 04:00,5,+,6,+,1,+,1,+,5,+,1
006739,16.07.26, 03:00,3,+,2,+,4,+,2,+,2,+,1
006738,16.07.26, 02:00,1,+,6,+,2,+,2,+,6,+,5
006737,16.07.26, 01:00,5,+,3,+,4,+,5,+,5,+,5
006736,16.07.26, 00:00,2,+,2,+,2,+,1,+,6,+,2
006735,15.07.26, 23:00,6,+,5,+,2,+,6,+,3,+,6
006734,15.07.26, 22:00,2,+,3,+,3,+,3,+,5,+,3
006733,15.07.26, 21:00,5,+,4,+,4,+,2,+,3,+,3
006732,15.07.26, 20:00,2,+,4,+,5,+,4,+,6,+,4
006731,15.07.26, 19:00,2,+,1,+,6,+,6,+,1,+,6
006730,15.07.26, 18:00,3,+,6,+,3,+,3,+,1,+,4
006729,15.07.26, 17:00,6,+,2,+,2,+,2,+,1,+,3
006728,15.07.26, 16:00,5,+,4,+,2,+,4,+,6,+,2
006727,15.07.26, 15:00,1,+,2,+,6,+,5,+,1,+,3
006726,15.07.26, 14:00,1,+,1,+,2,+,2,+,3,+,2
006725,15.07.26, 13:00,2,+,1,+,6,+,4,+,4,+,6
006724,15.07.26, 12:00,6,+,3,+,5,+,4,+,5,+,6
006723,15.07.26, 11:00,5,+,6,+,4,+,3,+,4,+,5
006722,15.07.26, 10:00,4,+,3,+,5,+,5,+,1,+,6
006721,15.07.26, 09:00,4,+,6,+,6,+,1,+,1,+,5
006720,15.07.26, 08:00,6,+,3,+,2,+,6,+,5,+,5
006719,15.07.26, 07:00,1,+,3,+,1,+,6,+,2,+,3
006718,15.07.26, 06:00,3,+,3,+,4,+,1,+,4,+,4
006717,15.07.26, 05:00,3,+,6,+,3,+,1,+,2,+,4
006716,15.07.26, 04:00,2,+,2,+,5,+,4,+,6,+,4
006715,15.07.26, 03:00,1,+,3,+,5,+,4,+,6,+,5
006714,15.07.26, 02:00,4,+,1,+,4,+,3,+,2,+,1
006713,15.07.26, 01:00,6,+,2,+,3,+,3,+,3,+,3
006712,15.07.26, 00:00,6,+,1,+,3,+,6,+,2,+,1
006711,14.07.26, 23:00,6,+,6,+,5,+,5,+,2,+,4
006710,14.07.26, 22:00,3,+,5,+,4,+,1,+,5,+,2
006709,14.07.26, 21:00,1,+,3,+,4,+,1,+,2,+,6
006708,14.07.26, 20:00,1,+,3,+,6,+,1,+,5,+,1
006707,14.07.26, 19:00,2,+,5,+,6,+,1,+,5,+,1
006706,14.07.26, 18:00,2,+,4,+,6,+,4,+,5,+,4
006705,14.07.26, 17:00,1,+,5,+,1,+,3,+,2,+,2
006704,14.07.26, 16:00,4,+,5,+,6,+,1,+,4,+,6
006703,14.07.26, 15:00,2,+,3,+,4,+,6,+,5,+,5
006702,14.07.26, 14:00,2,+,4,+,1,+,5,+,6,+,2
006701,14.07.26, 13:00,4,+,3,+,2,+,4,+,5,+,2
006700,14.07.26, 12:00,2,+,4,+,5,+,1,+,6,+,4
006699,14.07.26, 11:00,4,+,3,+,5,+,3,+,1,+,4
006698,14.07.26, 10:00,1,+,3,+,1,+,2,+,6,+,2
006697,14.07.26, 09:00,3,+,3,+,4,+,6,+,2,+,5
006696,14.07.26, 08:00,2,+,5,+,4,+,2,+,4,+,4
006695,14.07.26, 07:00,6,+,4,+,3,+,1,+,5,+,4
006694,14.07.26, 06:00,4,+,6,+,4,+,1,+,6,+,4
006693,14.07.26, 05:00,4,+,5,+,5,+,6,+,3,+,2
006692,14.07.26, 04:00,3,+,3,+,3,+,5,+,6,+,4
006691,14.07.26, 03:00,2,+,1,+,1,+,1,+,3,+,2
006690,14.07.26, 02:00,4,+,3,+,6,+,6,+,1,+,6
006689,14.07.26, 01:00,3,+,6,+,3,+,3,+,6,+,1
006688,14.07.26, 00:00,3,+,6,+,5,+,6,+,2,+,1
006687,13.07.26, 23:00,1,+,5,+,2,+,4,+,5,+,2
006686,13.07.26, 22:00,5,+,1,+,2,+,3,+,3,+,5
006685,13.07.26, 21:00,5,+,4,+,4,+,4,+,1,+,2
006684,13.07.26, 20:00,3,+,3,+,5,+,4,+,5,+,3
006683,13.07.26, 19:00,1,+,3,+,3,+,4,+,3,+,4
006682,13.07.26, 18:00,4,+,1,+,6,+,6,+,3,+,4
006681,13.07.26, 17:00,5,+,1,+,4,+,6,+,5,+,4
006680,13.07.26, 16:00,1,+,6,+,2,+,2,+,2,+,4
006679,13.07.26, 15:00,4,+,2,+,1,+,2,+,4,+,2
006678,13.07.26, 14:00,5,+,4,+,5,+,5,+,6,+,5
006677,13.07.26, 13:00,1,+,2,+,4,+,5,+,5,+,4
006676,13.07.26, 12:00,3,+,4,+,3,+,5,+,4,+,2
006675,13.07.26, 11:00,6,+,6,+,4,+,6,+,1,+,2
006674,13.07.26, 10:00,2,+,2,+,6,+,5,+,3,+,3
006673,13.07.26, 09:00,5,+,1,+,2,+,3,+,5,+,4
006672,13.07.26, 08:00,6,+,4,+,3,+,2,+,3,+,4
006671,13.07.26, 07:00,2,+,6,+,1,+,5,+,6,+,4
006670,13.07.26, 06:00,5,+,2,+,4,+,3,+,1,+,1
006669,13.07.26, 05:00,5,+,3,+,4,+,2,+,3,+,6
006668,13.07.26, 04:00,4,+,6,+,4,+,4,+,4,+,4
006667,13.07.26, 03:00,6,+,6,+,6,+,1,+,4,+,3
006666,13.07.26, 02:00,5,+,4,+,5,+,2,+,6,+,6
006665,13.07.26, 01:00,4,+,4,+,4,+,6,+,2,+,6
006664,13.07.26, 00:00,5,+,6,+,6,+,5,+,4,+,2
006663,12.07.26, 23:00,2,+,5,+,5,+,3,+,1,+,1
006662,12.07.26, 22:00,2,+,2,+,5,+,4,+,1,+,2
006661,12.07.26, 21:00,3,+,6,+,5,+,1,+,1,+,5
006660,12.07.26, 20:00,1,+,4,+,3,+,2,+,3,+,3
006659,12.07.26, 19:00,6,+,6,+,1,+,6,+,2,+,1
006658,12.07.26, 18:00,4,+,2,+,3,+,5,+,6,+,4
006657,12.07.26, 17:00,2,+,2,+,2,+,6,+,4,+,2
006656,12.07.26, 16:00,6,+,6,+,2,+,5,+,4,+,1
006655,12.07.26, 15:00,1,+,5,+,2,+,2,+,1,+,6
006654,12.07.26, 14:00,1,+,3,+,1,+,1,+,4,+,2
006653,12.07.26, 13:00,2,+,2,+,2,+,4,+,4,+,3
006652,12.07.26, 12:00,4,+,2,+,3,+,3,+,3,+,5
006651,12.07.26, 11:00,3,+,2,+,3,+,5,+,5,+,5
006650,12.07.26, 10:00,5,+,5,+,4,+,1,+,4,+,1
006649,12.07.26, 09:00,1,+,6,+,6,+,2,+,4,+,6
006648,12.07.26, 08:00,4,+,1,+,1,+,6,+,2,+,1
006647,12.07.26, 07:00,1,+,5,+,3,+,6,+,5,+,5
006646,12.07.26, 06:00,2,+,6,+,1,+,1,+,3,+,3
006645,12.07.26, 05:00,6,+,3,+,1,+,6,+,1,+,3
006644,12.07.26, 04:00,4,+,4,+,6,+,6,+,1,+,1
006643,12.07.26, 03:00,5,+,2,+,2,+,3,+,5,+,1
006642,12.07.26, 02:00,3,+,1,+,3,+,1,+,3,+,5
006641,12.07.26, 00:00,2,+,6,+,6,+,1,+,1,+,4
006640,11.07.26, 23:00,4,+,2,+,5,+,5,+,4,+,1
006639,11.07.26, 22:00,1,+,6,+,3,+,2,+,2,+,3
006638,11.07.26, 21:00,6,+,5,+,5,+,5,+,6,+,4
006637,11.07.26, 20:00,1,+,3,+,3,+,1,+,5,+,6
006636,11.07.26, 19:00,3,+,3,+,4,+,3,+,4,+,5
006635,11.07.26, 18:00,2,+,6,+,1,+,1,+,3,+,2
006634,11.07.26, 17:00,2,+,2,+,1,+,4,+,3,+,5
006633,11.07.26, 16:00,6,+,6,+,2,+,6,+,2,+,4
006632,11.07.26, 15:00,5,+,3,+,5,+,4,+,4,+,2
006631,11.07.26, 14:00,4,+,3,+,1,+,5,+,6,+,2
006630,11.07.26, 13:00,3,+,2,+,6,+,4,+,2,+,6
006629,11.07.26, 12:00,1,+,3,+,1,+,4,+,5,+,4
006628,11.07.26, 11:00,2,+,2,+,1,+,1,+,6,+,6
006627,11.07.26, 10:00,4,+,5,+,4,+,1,+,2,+,6
006626,11.07.26, 09:00,4,+,6,+,5,+,4,+,2,+,2
006625,11.07.26, 08:00,2,+,1,+,2,+,3,+,6,+,5
006624,11.07.26, 07:00,6,+,1,+,1,+,5,+,3,+,4
006623,11.07.26, 06:00,5,+,4,+,5,+,3,+,1,+,4
006622,11.07.26, 05:00,2,+,2,+,4,+,3,+,5,+,5
006621,11.07.26, 04:00,6,+,2,+,5,+,3,+,2,+,6
006620,11.07.26, 03:00,2,+,5,+,1,+,3,+,6,+,4
006619,11.07.26, 02:00,3,+,1,+,2,+,5,+,3,+,4
006618,11.07.26, 01:00,2,+,5,+,2,+,5,+,4,+,2
006617,11.07.26, 00:00,6,+,6,+,2,+,2,+,6,+,4
006616,10.07.26, 23:00,1,+,1,+,5,+,4,+,6,+,2
006615,10.07.26, 22:00,4,+,1,+,6,+,4,+,5,+,2
006614,10.07.26, 21:00,4,+,5,+,4,+,1,+,6,+,6
006613,10.07.26, 20:00,4,+,3,+,6,+,6,+,5,+,2
006612,10.07.26, 19:00,1,+,4,+,3,+,4,+,1,+,2
006611,10.07.26, 18:00,2,+,1,+,5,+,3,+,5,+,4
006610,10.07.26, 17:00,3,+,1,+,6,+,4,+,6,+,6
006609,10.07.26, 16:00,5,+,5,+,2,+,5,+,4,+,4
006608,10.07.26, 15:00,2,+,3,+,4,+,2,+,4,+,2
006607,10.07.26, 14:00,1,+,2,+,2,+,5,+,6,+,6
006606,10.07.26, 13:00,1,+,4,+,1,+,3,+,5,+,6
006605,10.07.26, 12:00,6,+,6,+,5,+,5,+,1,+,1
006604,10.07.26, 11:00,6,+,1,+,4,+,6,+,6,+,6
006603,10.07.26, 10:00,2,+,5,+,1,+,5,+,4,+,6
006602,10.07.26, 09:00,2,+,5,+,5,+,4,+,1,+,1
006601,10.07.26, 08:00,4,+,6,+,1,+,2,+,2,+,1
006600,10.07.26, 07:00,3,+,6,+,6,+,6,+,3,+,1
006599,10.07.26, 06:00,5,+,3,+,5,+,5,+,2,+,3
006598,10.07.26, 05:00,2,+,2,+,5,+,4,+,3,+,5
006597,10.07.26, 04:00,4,+,3,+,3,+,3,+,1,+,4
006596,10.07.26, 03:00,3,+,6,+,6,+,1,+,1,+,2
006595,10.07.26, 02:00,1,+,4,+,4,+,6,+,5,+,6
006594,10.07.26, 01:00,5,+,1,+,2,+,2,+,3,+,1
006593,10.07.26, 00:00,2,+,5,+,6,+,5,+,1,+,1
006592,09.07.26, 23:00,4,+,5,+,2,+,3,+,1,+,2
006591,09.07.26, 22:00,5,+,5,+,6,+,1,+,5,+,3
006590,09.07.26, 21:00,1,+,5,+,6,+,6,+,4,+,5
006589,09.07.26, 20:00,5,+,2,+,5,+,3,+,1,+,5
006588,09.07.26, 19:00,4,+,4,+,2,+,3,+,2,+,2
006587,09.07.26, 18:00,4,+,2,+,6,+,6,+,6,+,5
006586,09.07.26, 17:00,3,+,3,+,3,+,1,+,1,+,3
006585,09.07.26, 16:00,4,+,2,+,1,+,4,+,4,+,1
006584,09.07.26, 15:00,3,+,2,+,1,+,4,+,4,+,6
006583,09.07.26, 14:00,3,+,3,+,4,+,4,+,4,+,5
006582,09.07.26, 13:00,6,+,4,+,4,+,1,+,3,+,1
006581,09.07.26, 12:00,2,+,5,+,5,+,2,+,2,+,3
006580,09.07.26, 11:00,1,+,3,+,2,+,4,+,1,+,2
006579,09.07.26, 10:00,1,+,3,+,3,+,3,+,2,+,2
006578,09.07.26, 09:00,1,+,5,+,2,+,5,+,3,+,6
006577,09.07.26, 08:00,1,+,3,+,1,+,1,+,1,+,6
006576,09.07.26, 07:00,6,+,1,+,4,+,1,+,2,+,2
006575,09.07.26, 06:00,5,+,3,+,3,+,4,+,2,+,3
006574,09.07.26, 05:00,1,+,3,+,2,+,2,+,6,+,6
006573,09.07.26, 04:00,2,+,3,+,1,+,5,+,3,+,3
006572,09.07.26, 03:00,1,+,4,+,3,+,5,+,6,+,4
006571,09.07.26, 02:00,4,+,5,+,6,+,6,+,5,+,3
006570,09.07.26, 01:00,3,+,2,+,3,+,1,+,6,+,5
006569,09.07.26, 00:00,1,+,4,+,2,+,1,+,5,+,6
006568,08.07.26, 23:00,3,+,6,+,3,+,5,+,5,+,4
006567,08.07.26, 22:00,3,+,5,+,1,+,3,+,5,+,5
006566,08.07.26, 21:00,3,+,1,+,2,+,6,+,3,+,1
006565,08.07.26, 20:00,4,+,3,+,1,+,2,+,6,+,5
006564,08.07.26, 19:00,6,+,2,+,2,+,2,+,5,+,1
006563,08.07.26, 18:00,4,+,3,+,6,+,1,+,4,+,4
006562,08.07.26, 17:00,2,+,5,+,5,+,6,+,5,+,3
006561,08.07.26, 16:00,2,+,3,+,3,+,2,+,4,+,1
006560,08.07.26, 15:00,6,+,4,+,1,+,1,+,3,+,5
006559,08.07.26, 14:00,4,+,6,+,4,+,3,+,5,+,5
006558,08.07.26, 13:00,6,+,4,+,6,+,1,+,2,+,3
006557,08.07.26, 12:00,2,+,1,+,5,+,2,+,4,+,4
006556,08.07.26, 11:00,4,+,5,+,6,+,5,+,2,+,5
006555,08.07.26, 10:00,1,+,1,+,2,+,1,+,3,+,6
006554,08.07.26, 09:00,2,+,4,+,6,+,3,+,1,+,5
006553,08.07.26, 08:00,1,+,1,+,1,+,5,+,4,+,2
006552,08.07.26, 07:00,6,+,4,+,6,+,2,+,5,+,2
006551,08.07.26, 06:00,1,+,6,+,5,+,2,+,6,+,1
006550,08.07.26, 05:00,2,+,2,+,5,+,3,+,1,+,4
006549,08.07.26, 04:00,4,+,2,+,3,+,6,+,6,+,4
006548,08.07.26, 03:00,5,+,4,+,5,+,4,+,3,+,5
006547,08.07.26, 02:00,3,+,2,+,2,+,1,+,5,+,6
006546,08.07.26, 01:00,4,+,2,+,5,+,3,+,1,+,5
006545,08.07.26, 00:00,4,+,3,+,3,+,1,+,1,+,5
006544,07.07.26, 23:00,4,+,1,+,6,+,1,+,5,+,2
006543,07.07.26, 22:00,6,+,6,+,3,+,5,+,2,+,1
006542,07.07.26, 21:00,3,+,6,+,3,+,6,+,5,+,3
006541,07.07.26, 20:00,1,+,5,+,5,+,5,+,6,+,6
006540,07.07.26, 19:00,1,+,1,+,1,+,3,+,6,+,4
006539,07.07.26, 18:00,1,+,3,+,6,+,5,+,5,+,4
006538,07.07.26, 17:00,2,+,2,+,5,+,4,+,1,+,6
006537,07.07.26, 16:00,1,+,6,+,5,+,6,+,2,+,1
006536,07.07.26, 15:00,3,+,5,+,2,+,6,+,4,+,1
006535,07.07.26, 14:00,6,+,3,+,3,+,1,+,4,+,1
006534,07.07.26, 13:00,5,+,1,+,4,+,2,+,2,+,2
006533,07.07.26, 12:00,4,+,2,+,1,+,2,+,6,+,4
006532,07.07.26, 11:00,4,+,4,+,5,+,4,+,1,+,2
006531,07.07.26, 10:00,5,+,2,+,1,+,3,+,6,+,3
006530,07.07.26, 09:00,5,+,5,+,1,+,3,+,3,+,3
006529,07.07.26, 08:00,1,+,4,+,3,+,6,+,4,+,6
006528,07.07.26, 07:00,5,+,3,+,5,+,3,+,4,+,2
006527,07.07.26, 06:00,3,+,5,+,2,+,2,+,3,+,3
006526,07.07.26, 05:00,3,+,5,+,2,+,5,+,4,+,3
006525,07.07.26, 04:00,6,+,3,+,4,+,4,+,2,+,6
006524,07.07.26, 03:00,3,+,5,+,3,+,6,+,2,+,3
006523,07.07.26, 02:00,4,+,1,+,4,+,5,+,1,+,6
006522,07.07.26, 01:00,3,+,5,+,3,+,5,+,3,+,4
006521,07.07.26, 00:00,5,+,5,+,4,+,4,+,3,+,5
006520,06.07.26, 23:00,6,+,1,+,5,+,5,+,4,+,4
006519,06.07.26, 22:00,3,+,6,+,6,+,4,+,6,+,1
006518,06.07.26, 21:00,6,+,3,+,5,+,4,+,5,+,3
006517,06.07.26, 20:00,2,+,1,+,6,+,6,+,3,+,5
006516,06.07.26, 19:00,6,+,5,+,1,+,2,+,6,+,1
006515,06.07.26, 18:00,4,+,3,+,5,+,2,+,3,+,2
006514,06.07.26, 17:00,4,+,2,+,5,+,1,+,1,+,1
006513,06.07.26, 16:00,2,+,4,+,5,+,4,+,1,+,1
006512,06.07.26, 15:00,1,+,2,+,5,+,2,+,6,+,4
006511,06.07.26, 14:00,2,+,6,+,1,+,3,+,3,+,1
006510,06.07.26, 13:00,6,+,1,+,3,+,1,+,3,+,2
006509,06.07.26, 12:00,1,+,4,+,5,+,4,+,4,+,1
006508,06.07.26, 11:00,1,+,3,+,6,+,4,+,5,+,3
006507,06.07.26, 10:00,1,+,5,+,5,+,6,+,1,+,3
006506,06.07.26, 09:00,6,+,3,+,4,+,2,+,5,+,3
006505,06.07.26, 08:00,4,+,6,+,5,+,1,+,5,+,3
006504,06.07.26, 07:00,3,+,1,+,5,+,6,+,3,+,4
006503,06.07.26, 06:00,5,+,5,+,4,+,5,+,3,+,5
006502,06.07.26, 05:00,1,+,5,+,1,+,3,+,1,+,2
006501,06.07.26, 04:00,3,+,6,+,1,+,5,+,1,+,5
006500,06.07.26, 03:00,1,+,1,+,2,+,4,+,2,+,3
006499,06.07.26, 02:00,3,+,5,+,6,+,1,+,4,+,6
006498,06.07.26, 01:00,6,+,2,+,3,+,4,+,1,+,4
006497,06.07.26, 00:00,3,+,1,+,3,+,6,+,1,+,4
006496,05.07.26, 23:00,5,+,2,+,2,+,6,+,2,+,3
006495,05.07.26, 22:00,1,+,6,+,5,+,3,+,6,+,2
006494,05.07.26, 21:00,6,+,4,+,4,+,3,+,5,+,4
006493,05.07.26, 20:00,4,+,2,+,4,+,6,+,1,+,4
006492,05.07.26, 19:00,3,+,6,+,5,+,3,+,3,+,2
006491,05.07.26, 18:00,3,+,5,+,5,+,4,+,1,+,4
006490,05.07.26, 17:00,1,+,3,+,3,+,6,+,1,+,3
006489,05.07.26, 16:00,3,+,1,+,2,+,1,+,2,+,4
006488,05.07.26, 15:00,4,+,2,+,2,+,6,+,1,+,1
006487,05.07.26, 14:00,4,+,6,+,1,+,5,+,6,+,4
006486,05.07.26, 13:00,1,+,1,+,3,+,4,+,3,+,5
006485,05.07.26, 12:00,1,+,2,+,3,+,1,+,6,+,2
006484,05.07.26, 11:00,3,+,3,+,2,+,4,+,2,+,1
006483,05.07.26, 10:00,1,+,2,+,1,+,4,+,2,+,5
006482,05.07.26, 09:00,6,+,4,+,2,+,6,+,2,+,6
006481,05.07.26, 08:00,3,+,1,+,5,+,5,+,2,+,1
006480,05.07.26, 07:00,4,+,5,+,5,+,2,+,1,+,3
006479,05.07.26, 06:00,5,+,5,+,6,+,6,+,3,+,5
006478,05.07.26, 05:00,6,+,1,+,1,+,5,+,1,+,1
006477,05.07.26, 04:00,2,+,1,+,2,+,1,+,1,+,4
006476,05.07.26, 03:00,3,+,1,+,5,+,1,+,3,+,4
006475,05.07.26, 02:00,4,+,4,+,4,+,5,+,2,+,2
006474,05.07.26, 00:00,6,+,2,+,1,+,4,+,4,+,1
006473,04.07.26, 23:00,3,+,4,+,1,+,3,+,3,+,4
006472,04.07.26, 22:00,5,+,5,+,5,+,2,+,6,+,6
006471,04.07.26, 21:00,5,+,6,+,2,+,5,+,3,+,3
006470,04.07.26, 20:00,5,+,6,+,2,+,6,+,3,+,5
006469,04.07.26, 19:00,1,+,6,+,3,+,6,+,2,+,2
006468,04.07.26, 18:00,4,+,4,+,5,+,3,+,2,+,5
006467,04.07.26, 17:00,5,+,6,+,6,+,6,+,1,+,4
006466,04.07.26, 16:00,3,+,1,+,1,+,5,+,4,+,3
006465,04.07.26, 15:00,2,+,2,+,6,+,3,+,3,+,2
006464,04.07.26, 14:00,6,+,1,+,2,+,2,+,1,+,1
006463,04.07.26, 13:00,4,+,5,+,1,+,2,+,3,+,5
006462,04.07.26, 12:00,1,+,2,+,2,+,1,+,6,+,1
006461,04.07.26, 11:00,5,+,4,+,4,+,4,+,3,+,1
006460,04.07.26, 10:00,2,+,5,+,5,+,2,+,2,+,2
006459,04.07.26, 09:00,2,+,3,+,4,+,3,+,6,+,2
006458,04.07.26, 08:00,6,+,4,+,2,+,1,+,2,+,6
006457,04.07.26, 07:00,6,+,2,+,1,+,3,+,1,+,1
006456,04.07.26, 06:00,1,+,3,+,2,+,2,+,2,+,1
006455,04.07.26, 05:00,5,+,5,+,4,+,6,+,6,+,3
006454,04.07.26, 04:00,5,+,1,+,6,+,3,+,1,+,1
006453,04.07.26, 03:00,2,+,1,+,2,+,4,+,2,+,5
006452,04.07.26, 02:00,4,+,6,+,4,+,5,+,3,+,2
006451,04.07.26, 01:00,3,+,6,+,4,+,3,+,4,+,2
006450,04.07.26, 00:00,1,+,1,+,5,+,6,+,3,+,2
006449,03.07.26, 23:00,1,+,6,+,6,+,1,+,2,+,6
006448,03.07.26, 22:00,6,+,5,+,2,+,3,+,2,+,5
006447,03.07.26, 21:00,4,+,4,+,6,+,6,+,1,+,1
006446,03.07.26, 20:00,4,+,4,+,1,+,6,+,4,+,4
006445,03.07.26, 19:00,2,+,5,+,4,+,2,+,6,+,3
006444,03.07.26, 18:00,5,+,3,+,3,+,5,+,6,+,3
006443,03.07.26, 17:00,4,+,3,+,4,+,4,+,1,+,6
006442,03.07.26, 16:00,2,+,3,+,1,+,2,+,1,+,6
006441,03.07.26, 15:00,1,+,3,+,6,+,3,+,5,+,5
006440,03.07.26, 14:00,4,+,2,+,1,+,3,+,3,+,6
006439,03.07.26, 13:00,2,+,2,+,5,+,3,+,1,+,1
006438,03.07.26, 12:00,2,+,6,+,2,+,2,+,6,+,4
006437,03.07.26, 11:00,3,+,6,+,6,+,3,+,4,+,4
006436,03.07.26, 10:00,4,+,4,+,5,+,5,+,1,+,6
006435,03.07.26, 09:00,4,+,1,+,6,+,2,+,4,+,3
006434,03.07.26, 08:00,5,+,6,+,4,+,6,+,2,+,2
006433,03.07.26, 07:00,1,+,2,+,5,+,6,+,2,+,3
006432,03.07.26, 06:00,1,+,3,+,5,+,6,+,3,+,2
006431,03.07.26, 05:00,4,+,1,+,4,+,3,+,2,+,2
006430,03.07.26, 04:00,4,+,6,+,3,+,2,+,1,+,5
006429,03.07.26, 03:00,1,+,3,+,2,+,4,+,4,+,4
006428,03.07.26, 02:00,4,+,4,+,3,+,1,+,3,+,6
006427,03.07.26, 01:00,6,+,2,+,5,+,3,+,5,+,2
006426,03.07.26, 00:00,5,+,4,+,2,+,6,+,4,+,5
006425,02.07.26, 23:00,6,+,2,+,6,+,3,+,1,+,2
006424,02.07.26, 22:00,1,+,6,+,2,+,6,+,1,+,2
006423,02.07.26, 21:00,3,+,2,+,2,+,1,+,5,+,2
006422,02.07.26, 20:00,6,+,4,+,4,+,5,+,2,+,3
006421,02.07.26, 19:00,6,+,3,+,4,+,5,+,5,+,6
006420,02.07.26, 18:00,3,+,3,+,4,+,1,+,4,+,3
006419,02.07.26, 17:00,6,+,6,+,5,+,4,+,2,+,5
006418,02.07.26, 16:00,4,+,6,+,3,+,1,+,1,+,4
006417,02.07.26, 15:00,2,+,6,+,5,+,6,+,1,+,1
006416,02.07.26, 14:00,2,+,4,+,1,+,3,+,5,+,1
006415,02.07.26, 13:00,2,+,6,+,3,+,1,+,6,+,4
006414,02.07.26, 12:00,2,+,3,+,6,+,4,+,1,+,6
006413,02.07.26, 11:00,1,+,2,+,5,+,4,+,4,+,6
006412,02.07.26, 10:00,6,+,4,+,3,+,3,+,4,+,1
006411,02.07.26, 09:00,5,+,3,+,4,+,6,+,4,+,4
006410,02.07.26, 08:00,1,+,5,+,4,+,1,+,5,+,6
006409,02.07.26, 07:00,2,+,2,+,5,+,6,+,6,+,5
006408,02.07.26, 06:00,5,+,5,+,5,+,2,+,2,+,2
006407,02.07.26, 05:00,4,+,6,+,5,+,4,+,4,+,1
006406,02.07.26, 04:00,2,+,3,+,5,+,4,+,6,+,4
006405,02.07.26, 03:00,4,+,3,+,5,+,3,+,3,+,4
006404,02.07.26, 02:00,6,+,6,+,2,+,6,+,1,+,5
006403,02.07.26, 01:00,3,+,6,+,2,+,6,+,3,+,2
006402,02.07.26, 00:00,5,+,6,+,2,+,6,+,3,+,5
006401,01.07.26, 23:00,6,+,1,+,2,+,4,+,4,+,6
006400,01.07.26, 22:00,4,+,4,+,3,+,1,+,6,+,6
006399,01.07.26, 21:00,1,+,2,+,3,+,2,+,6,+,2
006398,01.07.26, 20:00,2,+,5,+,5,+,1,+,2,+,6
006397,01.07.26, 19:00,4,+,6,+,1,+,4,+,6,+,2
006396,01.07.26, 18:00,6,+,3,+,6,+,6,+,5,+,2
006395,01.07.26, 17:00,6,+,6,+,6,+,4,+,1,+,2
006394,01.07.26, 16:00,3,+,5,+,6,+,1,+,1,+,6
006393,01.07.26, 15:00,5,+,2,+,3,+,6,+,1,+,2
006392,01.07.26, 14:00,5,+,1,+,2,+,4,+,3,+,3
006391,01.07.26, 13:00,3,+,3,+,1,+,3,+,1,+,1
006390,01.07.26, 12:00,6,+,1,+,5,+,4,+,6,+,1
006389,01.07.26, 11:00,6,+,6,+,6,+,1,+,3,+,6
006388,01.07.26, 10:00,5,+,5,+,6,+,2,+,3,+,2
006387,01.07.26, 09:00,1,+,6,+,3,+,4,+,6,+,1
006386,01.07.26, 08:00,4,+,1,+,5,+,6,+,3,+,6
006385,01.07.26, 07:00,3,+,5,+,1,+,3,+,4,+,4
006384,01.07.26, 06:00,5,+,2,+,4,+,4,+,4,+,6
006383,01.07.26, 05:00,5,+,2,+,6,+,1,+,2,+,5
006382,01.07.26, 04:00,4,+,5,+,6,+,1,+,5,+,2
006381,01.07.26, 03:00,2,+,2,+,2,+,6,+,3,+,5
006380,01.07.26, 02:00,5,+,5,+,6,+,3,+,5,+,1
006379,01.07.26, 01:00,3,+,6,+,5,+,6,+,4,+,2
006378,01.07.26, 00:00,1,+,4,+,6,+,2,+,3,+,1
006377,30.06.26, 23:00,2,+,6,+,2,+,2,+,3,+,5
006376,30.06.26, 22:00,3,+,1,+,6,+,2,+,2,+,5
006375,30.06.26, 21:00,3,+,2,+,4,+,3,+,5,+,1
006374,30.06.26, 20:00,2,+,1,+,6,+,5,+,1,+,3
006373,30.06.26, 19:00,4,+,1,+,2,+,4,+,5,+,4
006372,30.06.26, 18:00,2,+,4,+,5,+,6,+,3,+,2
006371,30.06.26, 17:00,5,+,2,+,3,+,2,+,1,+,1
006370,30.06.26, 16:00,5,+,5,+,6,+,5,+,1,+,6
006369,30.06.26, 15:00,4,+,5,+,1,+,6,+,2,+,2
006368,30.06.26, 14:00,5,+,6,+,5,+,6,+,4,+,1
006367,30.06.26, 13:00,3,+,5,+,2,+,3,+,5,+,6
006366,30.06.26, 12:00,5,+,5,+,5,+,4,+,3,+,5
006365,30.06.26, 11:00,6,+,1,+,4,+,4,+,1,+,4
006364,30.06.26, 10:00,3,+,6,+,6,+,5,+,4,+,3
006363,30.06.26, 09:00,5,+,4,+,2,+,6,+,4,+,6
006362,30.06.26, 08:00,6,+,1,+,3,+,6,+,2,+,5
006361,30.06.26, 07:00,2,+,5,+,2,+,3,+,4,+,3
006360,30.06.26, 06:00,6,+,1,+,6,+,5,+,3,+,4
006359,30.06.26, 05:00,5,+,6,+,4,+,2,+,5,+,3
006358,30.06.26, 04:00,5,+,2,+,4,+,4,+,5,+,5
006357,30.06.26, 03:00,4,+,3,+,5,+,5,+,5,+,6
006356,30.06.26, 02:00,2,+,1,+,1,+,4,+,6,+,2
006355,30.06.26, 01:00,3,+,4,+,5,+,2,+,5,+,5
006354,30.06.26, 00:00,4,+,3,+,4,+,1,+,2,+,1
006353,29.06.26, 23:00,3,+,4,+,1,+,1,+,2,+,4
006352,29.06.26, 22:00,1,+,5,+,4,+,1,+,3,+,2
006351,29.06.26, 21:00,6,+,6,+,3,+,1,+,1,+,4
006350,29.06.26, 20:00,3,+,2,+,3,+,6,+,3,+,5
006349,29.06.26, 19:00,4,+,1,+,2,+,6,+,2,+,5
006348,29.06.26, 18:00,6,+,4,+,3,+,3,+,5,+,5
006347,29.06.26, 17:00,5,+,1,+,6,+,6,+,6,+,5
006346,29.06.26, 16:00,2,+,3,+,3,+,6,+,5,+,5
006345,29.06.26, 15:00,5,+,5,+,1,+,6,+,6,+,5
006344,29.06.26, 14:00,3,+,5,+,1,+,6,+,4,+,5
006343,29.06.26, 13:00,2,+,2,+,6,+,5,+,5,+,6
006342,29.06.26, 12:00,3,+,4,+,2,+,3,+,6,+,5
006341,29.06.26, 11:00,3,+,3,+,5,+,1,+,3,+,3
006340,29.06.26, 10:00,2,+,1,+,5,+,6,+,1,+,1
006339,29.06.26, 09:00,2,+,1,+,6,+,6,+,1,+,2
006338,29.06.26, 08:00,1,+,1,+,2,+,4,+,5,+,3
006337,29.06.26, 07:00,2,+,2,+,3,+,1,+,1,+,3
006336,29.06.26, 06:00,2,+,5,+,2,+,2,+,1,+,5
006335,29.06.26, 05:00,4,+,2,+,2,+,6,+,1,+,4
006334,29.06.26, 04:00,4,+,5,+,4,+,3,+,2,+,6
006333,29.06.26, 03:00,1,+,5,+,2,+,1,+,3,+,2
006332,29.06.26, 02:00,1,+,3,+,2,+,6,+,4,+,3
006331,29.06.26, 01:00,4,+,4,+,2,+,4,+,2,+,5
006330,29.06.26, 00:00,1,+,2,+,2,+,1,+,2,+,6
006329,28.06.26, 23:00,1,+,3,+,2,+,6,+,3,+,3
006328,28.06.26, 22:00,5,+,6,+,2,+,5,+,6,+,1
006327,28.06.26, 21:00,2,+,4,+,1,+,3,+,2,+,4
006326,28.06.26, 20:00,5,+,5,+,3,+,5,+,5,+,5
006325,28.06.26, 19:00,1,+,6,+,3,+,3,+,1,+,3
006324,28.06.26, 18:00,5,+,4,+,6,+,2,+,6,+,6
006323,28.06.26, 17:00,3,+,5,+,4,+,6,+,5,+,1
006322,28.06.26, 16:00,2,+,1,+,6,+,3,+,2,+,5
006321,28.06.26, 15:00,4,+,3,+,5,+,1,+,3,+,6
006320,28.06.26, 14:00,3,+,5,+,4,+,6,+,4,+,6
006319,28.06.26, 13:00,2,+,6,+,3,+,1,+,4,+,6
006318,28.06.26, 12:00,6,+,3,+,6,+,5,+,5,+,1
006317,28.06.26, 11:00,2,+,4,+,4,+,5,+,2,+,4
006316,28.06.26, 10:00,6,+,6,+,4,+,1,+,1,+,6
006315,28.06.26, 09:00,2,+,6,+,6,+,5,+,2,+,3
006314,28.06.26, 08:00,5,+,6,+,4,+,3,+,4,+,1
006313,28.06.26, 07:00,3,+,3,+,1,+,4,+,1,+,1
006312,28.06.26, 06:00,3,+,5,+,2,+,1,+,1,+,2
006311,28.06.26, 05:00,3,+,4,+,4,+,1,+,5,+,2
006310,28.06.26, 04:00,4,+,1,+,3,+,1,+,3,+,4
006309,28.06.26, 03:00,2,+,4,+,4,+,2,+,2,+,6
006308,28.06.26, 02:00,4,+,2,+,2,+,2,+,4,+,5
006307,28.06.26, 00:00,1,+,4,+,2,+,6,+,2,+,2
006306,27.06.26, 23:00,4,+,4,+,2,+,6,+,4,+,5
006305,27.06.26, 22:00,2,+,2,+,3,+,1,+,6,+,5
006304,27.06.26, 21:00,1,+,6,+,4,+,6,+,4,+,6
006303,27.06.26, 20:00,3,+,6,+,5,+,4,+,5,+,1
006302,27.06.26, 19:00,3,+,6,+,4,+,1,+,1,+,5
006301,27.06.26, 18:00,3,+,1,+,5,+,2,+,5,+,5
006300,27.06.26, 17:00,5,+,1,+,5,+,3,+,5,+,2
006299,27.06.26, 16:00,2,+,4,+,1,+,4,+,1,+,5
006298,27.06.26, 15:00,5,+,1,+,4,+,5,+,5,+,4
006297,27.06.26, 14:00,3,+,1,+,3,+,6,+,2,+,6
006296,27.06.26, 13:00,4,+,2,+,6,+,5,+,3,+,6
006295,27.06.26, 12:00,2,+,4,+,3,+,2,+,3,+,5
006294,27.06.26, 11:00,3,+,4,+,1,+,3,+,3,+,2
006293,27.06.26, 10:00,2,+,2,+,5,+,6,+,3,+,6
006292,27.06.26, 09:00,5,+,2,+,4,+,6,+,5,+,1
006291,27.06.26, 08:00,4,+,4,+,1,+,1,+,5,+,6
006290,27.06.26, 07:00,6,+,6,+,5,+,3,+,2,+,5
006289,27.06.26, 06:00,5,+,5,+,2,+,2,+,1,+,6
006288,27.06.26, 05:00,5,+,3,+,6,+,5,+,3,+,1
006287,27.06.26, 04:00,6,+,5,+,3,+,4,+,4,+,5
006286,27.06.26, 03:00,5,+,1,+,1,+,2,+,1,+,1
006285,27.06.26, 02:00,2,+,1,+,4,+,4,+,1,+,4
006284,27.06.26, 01:00,1,+,4,+,6,+,3,+,6,+,4
006283,27.06.26, 00:00,1,+,2,+,3,+,1,+,2,+,2
006282,26.06.26, 23:00,6,+,4,+,1,+,5,+,2,+,5
006281,26.06.26, 22:00,1,+,4,+,1,+,5,+,2,+,1
006280,26.06.26, 21:00,3,+,5,+,2,+,6,+,2,+,6
006279,26.06.26, 20:00,6,+,5,+,3,+,4,+,5,+,4
006278,26.06.26, 19:00,2,+,3,+,5,+,6,+,2,+,3
006277,26.06.26, 18:00,2,+,1,+,5,+,1,+,6,+,5
006276,26.06.26, 17:00,2,+,6,+,5,+,3,+,4,+,4
006275,26.06.26, 16:00,1,+,1,+,6,+,6,+,4,+,4
006274,26.06.26, 15:00,1,+,4,+,6,+,1,+,2,+,2
006273,26.06.26, 14:00,5,+,6,+,6,+,3,+,4,+,5
006272,26.06.26, 13:00,2,+,5,+,4,+,5,+,6,+,4
006271,26.06.26, 12:00,3,+,6,+,1,+,4,+,4,+,1
006270,26.06.26, 11:00,1,+,1,+,5,+,1,+,6,+,5
006269,26.06.26, 10:00,6,+,2,+,2,+,1,+,6,+,1
006268,26.06.26, 09:00,2,+,3,+,3,+,3,+,5,+,4
006267,26.06.26, 08:00,3,+,4,+,4,+,2,+,2,+,4
006266,26.06.26, 07:00,1,+,6,+,3,+,1,+,3,+,3
006265,26.06.26, 06:00,5,+,5,+,1,+,1,+,1,+,5
006264,26.06.26, 05:00,3,+,2,+,3,+,6,+,5,+,4
006263,26.06.26, 04:00,3,+,1,+,6,+,3,+,2,+,2
006262,26.06.26, 03:00,6,+,1,+,4,+,3,+,4,+,2
006261,26.06.26, 02:00,4,+,2,+,6,+,2,+,3,+,5
006260,26.06.26, 01:00,6,+,6,+,6,+,5,+,1,+,2
006259,26.06.26, 00:00,6,+,6,+,2,+,1,+,5,+,6
006258,25.06.26, 23:00,3,+,6,+,2,+,4,+,3,+,4
006257,25.06.26, 22:00,6,+,6,+,4,+,4,+,1,+,5
006256,25.06.26, 21:00,4,+,3,+,6,+,2,+,3,+,3
006255,25.06.26, 20:00,2,+,2,+,2,+,6,+,4,+,5
006254,25.06.26, 19:00,1,+,6,+,5,+,3,+,1,+,5
006253,25.06.26, 18:00,1,+,1,+,4,+,4,+,5,+,6
006252,25.06.26, 17:00,1,+,6,+,5,+,1,+,5,+,2
006251,25.06.26, 16:00,5,+,1,+,5,+,6,+,6,+,1
006250,25.06.26, 15:00,4,+,2,+,2,+,1,+,6,+,3
006249,25.06.26, 14:00,4,+,3,+,3,+,6,+,2,+,6
006248,25.06.26, 13:00,4,+,3,+,6,+,6,+,1,+,5
006247,25.06.26, 12:00,1,+,2,+,4,+,4,+,1,+,5
006246,25.06.26, 11:00,3,+,5,+,6,+,6,+,4,+,6
006245,25.06.26, 10:00,1,+,4,+,1,+,5,+,3,+,1
006244,25.06.26, 09:00,4,+,3,+,6,+,3,+,5,+,6
006243,25.06.26, 08:00,1,+,2,+,5,+,3,+,2,+,4
006242,25.06.26, 07:00,6,+,1,+,1,+,6,+,4,+,1
006241,25.06.26, 06:00,5,+,3,+,4,+,4,+,3,+,3
006240,25.06.26, 05:00,2,+,2,+,1,+,2,+,5,+,3
006239,25.06.26, 04:00,5,+,4,+,1,+,5,+,2,+,4
006238,25.06.26, 03:00,6,+,4,+,3,+,1,+,5,+,1
006237,25.06.26, 02:00,4,+,4,+,2,+,3,+,5,+,5
006236,25.06.26, 01:00,5,+,6,+,6,+,1,+,3,+,6
006235,25.06.26, 00:00,6,+,1,+,2,+,2,+,5,+,4
006234,24.06.26, 23:00,3,+,5,+,3,+,6,+,3,+,3
006233,24.06.26, 22:00,5,+,3,+,5,+,5,+,4,+,2
006232,24.06.26, 21:00,5,+,4,+,1,+,5,+,1,+,5
006231,24.06.26, 20:00,1,+,3,+,5,+,4,+,3,+,4
006230,24.06.26, 19:00,2,+,5,+,2,+,6,+,5,+,6
006229,24.06.26, 18:00,6,+,3,+,3,+,5,+,1,+,1
006228,24.06.26, 17:00,1,+,6,+,6,+,1,+,1,+,5
006227,24.06.26, 16:00,3,+,5,+,6,+,1,+,3,+,6
006226,24.06.26, 15:00,3,+,6,+,1,+,6,+,4,+,5
006225,24.06.26, 14:00,5,+,5,+,2,+,3,+,2,+,2
006224,24.06.26, 13:00,2,+,6,+,6,+,6,+,4,+,3
006223,24.06.26, 12:00,4,+,3,+,6,+,5,+,1,+,5
006222,24.06.26, 11:00,6,+,6,+,3,+,3,+,1,+,1
006221,24.06.26, 10:00,2,+,1,+,6,+,5,+,6,+,2
006220,24.06.26, 09:00,1,+,1,+,4,+,2,+,1,+,4
006219,24.06.26, 08:00,4,+,1,+,3,+,6,+,3,+,2
006218,24.06.26, 07:00,1,+,1,+,6,+,3,+,2,+,1
006217,24.06.26, 06:00,4,+,5,+,4,+,2,+,6,+,3
006216,24.06.26, 05:00,6,+,5,+,2,+,4,+,4,+,1
006215,24.06.26, 04:00,4,+,3,+,5,+,3,+,6,+,1
006214,24.06.26, 03:00,5,+,3,+,2,+,6,+,2,+,3
006213,24.06.26, 02:00,5,+,3,+,5,+,6,+,3,+,4
006212,24.06.26, 01:00,1,+,2,+,6,+,2,+,2,+,3
006211,24.06.26, 00:00,2,+,4,+,1,+,5,+,5,+,4
006210,23.06.26, 23:00,4,+,5,+,4,+,2,+,6,+,3
006209,23.06.26, 22:00,2,+,3,+,4,+,2,+,5,+,1
006208,23.06.26, 21:00,5,+,6,+,2,+,5,+,4,+,4
006207,23.06.26, 20:00,5,+,2,+,2,+,5,+,3,+,6
006206,23.06.26, 19:00,1,+,4,+,1,+,5,+,5,+,2
006205,23.06.26, 18:00,1,+,2,+,4,+,2,+,1,+,5
006204,23.06.26, 17:00,3,+,4,+,6,+,3,+,2,+,3
006203,23.06.26, 16:00,6,+,2,+,5,+,6,+,1,+,6
006202,23.06.26, 15:00,5,+,4,+,5,+,4,+,3,+,6
006201,23.06.26, 14:00,5,+,2,+,5,+,1,+,1,+,4
006200,23.06.26, 13:00,5,+,5,+,3,+,6,+,2,+,6
006199,23.06.26, 12:00,3,+,3,+,5,+,4,+,5,+,4
006198,23.06.26, 11:00,6,+,4,+,5,+,4,+,1,+,2
006197,23.06.26, 10:00,4,+,6,+,5,+,5,+,1,+,3
006196,23.06.26, 09:00,2,+,5,+,2,+,2,+,4,+,5
006195,23.06.26, 08:00,2,+,4,+,1,+,2,+,3,+,4
006194,23.06.26, 07:00,4,+,2,+,3,+,4,+,6,+,2
006193,23.06.26, 06:00,1,+,6,+,6,+,6,+,3,+,3
006192,23.06.26, 05:00,6,+,1,+,3,+,3,+,6,+,3
006191,23.06.26, 04:00,1,+,1,+,1,+,5,+,4,+,6
006190,23.06.26, 03:00,3,+,3,+,5,+,3,+,3,+,6
006189,23.06.26, 02:00,5,+,5,+,1,+,6,+,4,+,2
006188,23.06.26, 01:00,1,+,5,+,4,+,3,+,2,+,4
006187,23.06.26, 00:00,4,+,1,+,6,+,2,+,3,+,4
006186,22.06.26, 23:00,3,+,6,+,6,+,1,+,6,+,3
006185,22.06.26, 22:00,6,+,3,+,5,+,2,+,1,+,6
006184,22.06.26, 21:00,5,+,4,+,6,+,2,+,2,+,5
006183,22.06.26, 20:00,2,+,4,+,3,+,5,+,3,+,5
006182,22.06.26, 19:00,5,+,5,+,4,+,2,+,2,+,5
006181,22.06.26, 18:00,5,+,2,+,5,+,3,+,1,+,6
006180,22.06.26, 17:00,4,+,3,+,4,+,2,+,5,+,5
006179,22.06.26, 16:00,1,+,4,+,3,+,3,+,3,+,3
006178,22.06.26, 15:00,6,+,6,+,6,+,1,+,5,+,6
006177,22.06.26, 14:00,6,+,2,+,1,+,1,+,1,+,2
006176,22.06.26, 13:00,6,+,1,+,1,+,4,+,4,+,3
006175,22.06.26, 12:00,1,+,6,+,6,+,6,+,5,+,1
006174,22.06.26, 11:00,6,+,2,+,5,+,1,+,2,+,4
006173,22.06.26, 10:00,2,+,4,+,1,+,3,+,1,+,2
006172,22.06.26, 09:00,4,+,5,+,5,+,4,+,5,+,1
006171,22.06.26, 08:00,6,+,4,+,2,+,6,+,4,+,2
006170,22.06.26, 07:00,2,+,1,+,1,+,2,+,1,+,1
006169,22.06.26, 06:00,3,+,3,+,1,+,6,+,5,+,2
006168,22.06.26, 05:00,6,+,3,+,3,+,4,+,4,+,3
006167,22.06.26, 04:00,1,+,5,+,4,+,6,+,2,+,3
006166,22.06.26, 03:00,3,+,4,+,1,+,6,+,1,+,5
006165,22.06.26, 02:00,1,+,1,+,3,+,4,+,6,+,2
006164,22.06.26, 01:00,6,+,3,+,4,+,2,+,2,+,3
006163,22.06.26, 00:00,3,+,3,+,5,+,2,+,2,+,6
006162,21.06.26, 23:00,4,+,5,+,5,+,1,+,4,+,3
006161,21.06.26, 22:00,2,+,6,+,3,+,6,+,4,+,1
006160,21.06.26, 21:00,3,+,1,+,5,+,5,+,5,+,2
006159,21.06.26, 20:00,4,+,6,+,5,+,3,+,6,+,4
006158,21.06.26, 19:00,3,+,5,+,1,+,3,+,5,+,6
006157,21.06.26, 18:00,4,+,4,+,3,+,3,+,4,+,4
006156,21.06.26, 17:00,3,+,1,+,1,+,2,+,6,+,2
006155,21.06.26, 16:00,2,+,4,+,4,+,6,+,1,+,4
006154,21.06.26, 15:00,6,+,4,+,3,+,2,+,1,+,6
006153,21.06.26, 14:00,2,+,4,+,2,+,6,+,2,+,3
006152,21.06.26, 13:00,3,+,4,+,6,+,4,+,2,+,5
006151,21.06.26, 12:00,4,+,1,+,3,+,5,+,4,+,5
006150,21.06.26, 11:00,4,+,2,+,3,+,1,+,2,+,2
006149,21.06.26, 10:00,1,+,2,+,4,+,4,+,4,+,3
006148,21.06.26, 09:00,6,+,6,+,2,+,2,+,4,+,5
006147,21.06.26, 08:00,2,+,6,+,4,+,3,+,2,+,3
006146,21.06.26, 07:00,6,+,6,+,3,+,4,+,6,+,3
006145,21.06.26, 06:00,6,+,2,+,3,+,2,+,2,+,3
006144,21.06.26, 05:00,1,+,3,+,4,+,3,+,3,+,1
006143,21.06.26, 04:00,4,+,1,+,6,+,6,+,6,+,5
006142,21.06.26, 03:00,6,+,1,+,6,+,3,+,2,+,6
006141,21.06.26, 02:00,5,+,6,+,3,+,4,+,3,+,5
006140,21.06.26, 00:00,1,+,2,+,4,+,3,+,4,+,5
006139,20.06.26, 23:00,1,+,1,+,2,+,2,+,6,+,5
006138,20.06.26, 22:00,4,+,3,+,1,+,2,+,4,+,5
006137,20.06.26, 21:00,6,+,3,+,2,+,1,+,5,+,6
006136,20.06.26, 20:00,5,+,4,+,1,+,5,+,5,+,5
006135,20.06.26, 19:00,5,+,5,+,5,+,2,+,4,+,2
006134,20.06.26, 18:00,6,+,1,+,6,+,1,+,6,+,2
006133,20.06.26, 17:00,4,+,2,+,4,+,6,+,4,+,2
006132,20.06.26, 16:00,2,+,4,+,6,+,3,+,4,+,2
006131,20.06.26, 15:00,1,+,1,+,4,+,5,+,1,+,3
006130,20.06.26, 14:00,2,+,5,+,6,+,6,+,6,+,3
006129,20.06.26, 13:00,4,+,6,+,2,+,5,+,5,+,5
006128,20.06.26, 12:00,6,+,6,+,6,+,4,+,5,+,3
006127,20.06.26, 11:00,4,+,3,+,5,+,3,+,4,+,2
006126,20.06.26, 10:00,5,+,1,+,3,+,4,+,6,+,1
006125,20.06.26, 09:00,1,+,2,+,5,+,3,+,1,+,6
006124,20.06.26, 08:00,4,+,5,+,6,+,2,+,4,+,6
006123,20.06.26, 07:00,1,+,6,+,1,+,2,+,4,+,2
006122,20.06.26, 06:00,2,+,3,+,3,+,4,+,3,+,2
006121,20.06.26, 05:00,1,+,5,+,6,+,6,+,4,+,5
006120,20.06.26, 04:00,1,+,5,+,4,+,3,+,2,+,2
006119,20.06.26, 03:00,6,+,3,+,3,+,3,+,1,+,5
006118,20.06.26, 02:00,5,+,4,+,2,+,6,+,5,+,4
006117,20.06.26, 01:00,3,+,1,+,4,+,1,+,5,+,1
006116,20.06.26, 00:00,2,+,6,+,6,+,1,+,2,+,2
006115,19.06.26, 23:00,2,+,3,+,1,+,1,+,1,+,3
006114,19.06.26, 22:00,5,+,3,+,4,+,2,+,1,+,3
006113,19.06.26, 21:00,5,+,2,+,5,+,6,+,1,+,5
006112,19.06.26, 20:00,4,+,4,+,3,+,1,+,2,+,1
006111,19.06.26, 19:00,4,+,4,+,5,+,3,+,3,+,5
006110,19.06.26, 18:00,2,+,6,+,2,+,6,+,6,+,3
006109,19.06.26, 17:00,5,+,5,+,5,+,2,+,6,+,3
006108,19.06.26, 16:00,2,+,5,+,6,+,6,+,2,+,3
006107,19.06.26, 15:00,5,+,3,+,2,+,6,+,4,+,2
006106,19.06.26, 14:00,4,+,1,+,4,+,6,+,6,+,1
006105,19.06.26, 13:00,5,+,4,+,4,+,1,+,5,+,4
006104,19.06.26, 12:00,2,+,1,+,1,+,4,+,2,+,5
006103,19.06.26, 11:00,4,+,6,+,2,+,2,+,5,+,5
006102,19.06.26, 10:00,3,+,3,+,4,+,5,+,4,+,2
006101,19.06.26, 09:00,1,+,5,+,4,+,4,+,2,+,1
006100,19.06.26, 08:00,3,+,5,+,3,+,3,+,6,+,1
006099,19.06.26, 07:00,2,+,1,+,6,+,6,+,3,+,5
006098,19.06.26, 06:00,2,+,5,+,3,+,6,+,1,+,3
006097,19.06.26, 05:00,3,+,2,+,6,+,2,+,5,+,6
006096,19.06.26, 04:00,3,+,1,+,6,+,3,+,3,+,5
006095,19.06.26, 03:00,1,+,6,+,4,+,4,+,6,+,1
006094,19.06.26, 02:00,6,+,1,+,5,+,5,+,3,+,3
006093,19.06.26, 01:00,2,+,3,+,2,+,5,+,5,+,5
006092,19.06.26, 00:00,3,+,4,+,1,+,5,+,6,+,4
006091,18.06.26, 23:00,3,+,1,+,5,+,6,+,1,+,5
006090,18.06.26, 22:00,2,+,6,+,3,+,5,+,5,+,5
006089,18.06.26, 21:00,5,+,4,+,2,+,3,+,2,+,4
006088,18.06.26, 20:00,4,+,5,+,1,+,4,+,4,+,3
006087,18.06.26, 19:00,5,+,5,+,3,+,2,+,2,+,1
006086,18.06.26, 18:00,6,+,6,+,1,+,3,+,5,+,6
006085,18.06.26, 17:00,4,+,2,+,5,+,4,+,1,+,5
006084,18.06.26, 16:00,3,+,5,+,4,+,3,+,1,+,1
006083,18.06.26, 15:00,2,+,5,+,3,+,5,+,1,+,2
006082,18.06.26, 14:00,4,+,4,+,4,+,1,+,1,+,4
006081,18.06.26, 13:00,4,+,1,+,4,+,2,+,4,+,5
006080,18.06.26, 12:00,6,+,4,+,3,+,5,+,6,+,3
006079,18.06.26, 11:00,1,+,3,+,1,+,5,+,4,+,2
006078,18.06.26, 10:00,1,+,2,+,5,+,2,+,5,+,5
006077,18.06.26, 09:00,1,+,5,+,5,+,2,+,6,+,1
006076,18.06.26, 08:00,5,+,3,+,1,+,1,+,2,+,4
006075,18.06.26, 07:00,4,+,3,+,1,+,6,+,5,+,4
006074,18.06.26, 06:00,4,+,4,+,4,+,3,+,3,+,6
006073,18.06.26, 05:00,3,+,4,+,1,+,3,+,1,+,6
006072,18.06.26, 04:00,1,+,3,+,6,+,4,+,3,+,3
006071,18.06.26, 03:00,3,+,4,+,2,+,2,+,5,+,2
006070,18.06.26, 02:00,2,+,5,+,1,+,5,+,1,+,2
006069,18.06.26, 01:00,4,+,3,+,4,+,4,+,6,+,2
006068,18.06.26, 00:00,1,+,4,+,6,+,5,+,4,+,2
006067,17.06.26, 23:00,3,+,3,+,2,+,5,+,1,+,1
006066,17.06.26, 22:00,5,+,4,+,2,+,5,+,6,+,6
006065,17.06.26, 21:00,5,+,2,+,2,+,3,+,4,+,6
006064,17.06.26, 20:00,5,+,6,+,2,+,6,+,6,+,6
006063,17.06.26, 19:00,1,+,3,+,6,+,2,+,3,+,1
006062,17.06.26, 18:00,3,+,4,+,6,+,5,+,3,+,3
006061,17.06.26, 17:00,3,+,5,+,2,+,5,+,3,+,3
006060,17.06.26, 16:00,5,+,2,+,2,+,4,+,3,+,3
006059,17.06.26, 15:00,4,+,4,+,5,+,3,+,3,+,3
006058,17.06.26, 14:00,1,+,1,+,3,+,6,+,3,+,5
006057,17.06.26, 13:00,4,+,1,+,6,+,2,+,1,+,3
006056,17.06.26, 12:00,3,+,4,+,5,+,1,+,1,+,4
006055,17.06.26, 11:00,1,+,3,+,2,+,3,+,6,+,3
006054,17.06.26, 10:00,3,+,4,+,3,+,4,+,1,+,5
006053,17.06.26, 09:00,5,+,2,+,5,+,1,+,5,+,6
006052,17.06.26, 08:00,1,+,2,+,4,+,4,+,5,+,2
006051,17.06.26, 07:00,4,+,5,+,1,+,6,+,4,+,2
006050,17.06.26, 06:00,1,+,3,+,4,+,1,+,2,+,3
006049,17.06.26, 05:00,1,+,3,+,5,+,2,+,2,+,3
006048,17.06.26, 04:00,6,+,6,+,1,+,2,+,6,+,2
006047,17.06.26, 03:00,5,+,2,+,6,+,4,+,3,+,5
006046,17.06.26, 02:00,5,+,5,+,2,+,5,+,4,+,4
006045,17.06.26, 01:00,2,+,5,+,5,+,6,+,4,+,5
006044,17.06.26, 00:00,3,+,4,+,1,+,5,+,1,+,2
006043,16.06.26, 23:00,4,+,6,+,1,+,6,+,3,+,6
006042,16.06.26, 22:00,6,+,4,+,3,+,2,+,2,+,5
006041,16.06.26, 21:00,1,+,2,+,2,+,5,+,6,+,2
006040,16.06.26, 20:00,1,+,2,+,5,+,1,+,2,+,2
006039,16.06.26, 19:00,1,+,1,+,6,+,1,+,1,+,6
006038,16.06.26, 18:00,2,+,3,+,5,+,1,+,6,+,6
006037,16.06.26, 17:00,6,+,2,+,4,+,4,+,5,+,6
006036,16.06.26, 16:00,4,+,1,+,1,+,4,+,3,+,4
006035,16.06.26, 15:00,2,+,3,+,3,+,3,+,4,+,5
006034,16.06.26, 14:00,2,+,5,+,3,+,3,+,6,+,2
006033,16.06.26, 13:00,5,+,5,+,4,+,5,+,4,+,4
006032,16.06.26, 12:00,6,+,6,+,6,+,1,+,1,+,2
006031,16.06.26, 11:00,3,+,1,+,4,+,4,+,3,+,3
006030,16.06.26, 10:00,1,+,5,+,4,+,4,+,2,+,1
006029,16.06.26, 09:00,5,+,2,+,2,+,1,+,6,+,2
006028,16.06.26, 08:00,5,+,3,+,6,+,6,+,4,+,4
006027,16.06.26, 07:00,3,+,6,+,6,+,5,+,5,+,2
006026,16.06.26, 06:00,1,+,6,+,6,+,6,+,4,+,4
006025,16.06.26, 05:00,5,+,2,+,5,+,2,+,4,+,3
006024,16.06.26, 04:00,6,+,5,+,4,+,1,+,6,+,2
006023,16.06.26, 03:00,4,+,1,+,1,+,1,+,4,+,5
006022,16.06.26, 02:00,5,+,2,+,2,+,1,+,1,+,4
006021,16.06.26, 01:00,6,+,4,+,1,+,3,+,5,+,5
006020,16.06.26, 00:00,2,+,4,+,5,+,1,+,4,+,6
006019,15.06.26, 23:00,6,+,2,+,1,+,4,+,1,+,1
006018,15.06.26, 22:00,5,+,6,+,3,+,3,+,3,+,3
006017,15.06.26, 21:00,2,+,1,+,2,+,6,+,2,+,5
006016,15.06.26, 20:00,4,+,5,+,4,+,6,+,3,+,4
006015,15.06.26, 19:00,4,+,3,+,1,+,5,+,2,+,3
006014,15.06.26, 18:00,6,+,5,+,4,+,3,+,6,+,5
006013,15.06.26, 17:00,4,+,1,+,2,+,5,+,3,+,2
006012,15.06.26, 16:00,5,+,6,+,5,+,6,+,3,+,3
006011,15.06.26, 15:00,3,+,4,+,5,+,4,+,6,+,2
006010,15.06.26, 14:00,6,+,6,+,6,+,2,+,1,+,3
006009,15.06.26, 13:00,5,+,1,+,6,+,5,+,6,+,1
006008,15.06.26, 12:00,1,+,6,+,5,+,5,+,3,+,3
006007,15.06.26, 11:00,4,+,3,+,4,+,3,+,3,+,4
006006,15.06.26, 10:00,3,+,3,+,3,+,2,+,6,+,3
006005,15.06.26, 09:00,2,+,5,+,5,+,6,+,2,+,5
006004,15.06.26, 08:00,1,+,3,+,3,+,3,+,6,+,6
006003,15.06.26, 07:00,1,+,2,+,6,+,2,+,1,+,4
006002,15.06.26, 06:00,1,+,2,+,2,+,3,+,1,+,2
006001,15.06.26, 05:00,1,+,4,+,3,+,2,+,6,+,1
006000,15.06.26, 04:00,4,+,2,+,4,+,4,+,1,+,2
005999,15.06.26, 03:00,4,+,4,+,1,+,3,+,6,+,5
005998,15.06.26, 02:00,4,+,1,+,6,+,3,+,5,+,5
005997,15.06.26, 01:00,2,+,3,+,5,+,6,+,6,+,1
005996,15.06.26, 00:00,1,+,4,+,2,+,4,+,1,+,6
005995,14.06.26, 23:00,5,+,3,+,2,+,4,+,1,+,4
005994,14.06.26, 22:00,1,+,1,+,6,+,1,+,5,+,5
005993,14.06.26, 21:00,4,+,2,+,1,+,6,+,3,+,1
005992,14.06.26, 20:00,2,+,1,+,6,+,2,+,2,+,6
005991,14.06.26, 19:00,6,+,6,+,2,+,2,+,6,+,4
005990,14.06.26, 18:00,2,+,6,+,1,+,5,+,1,+,4
005989,14.06.26, 17:00,4,+,2,+,4,+,1,+,6,+,2
005988,14.06.26, 16:00,2,+,3,+,2,+,6,+,4,+,3
005987,14.06.26, 15:00,3,+,4,+,3,+,6,+,2,+,6
005986,14.06.26, 14:00,1,+,2,+,2,+,1,+,2,+,1
005985,14.06.26, 13:00,6,+,4,+,3,+,5,+,6,+,6
005984,14.06.26, 12:00,5,+,2,+,6,+,1,+,5,+,3
005983,14.06.26, 11:00,4,+,1,+,3,+,2,+,1,+,4
005982,14.06.26, 10:00,5,+,6,+,1,+,4,+,3,+,1
005981,14.06.26, 09:00,4,+,2,+,1,+,3,+,2,+,2
005980,14.06.26, 08:00,3,+,6,+,3,+,6,+,5,+,2
005979,14.06.26, 07:00,5,+,2,+,1,+,4,+,3,+,3
005978,14.06.26, 06:00,4,+,3,+,2,+,6,+,2,+,4
005977,14.06.26, 05:00,2,+,6,+,3,+,5,+,2,+,6
005976,14.06.26, 04:00,3,+,4,+,5,+,1,+,3,+,3
005975,14.06.26, 03:00,3,+,1,+,2,+,2,+,2,+,5
005974,14.06.26, 02:00,5,+,2,+,6,+,3,+,1,+,3
005973,14.06.26, 00:00,1,+,5,+,4,+,5,+,2,+,6
005972,13.06.26, 23:00,6,+,4,+,6,+,6,+,1,+,3
005971,13.06.26, 22:00,5,+,1,+,4,+,1,+,2,+,4
005970,13.06.26, 21:00,3,+,1,+,2,+,3,+,1,+,5
005969,13.06.26, 20:00,3,+,2,+,4,+,5,+,1,+,5
005968,13.06.26, 19:00,5,+,2,+,2,+,5,+,3,+,2
005967,13.06.26, 18:00,5,+,1,+,6,+,2,+,4,+,4
005966,13.06.26, 17:00,1,+,2,+,5,+,1,+,6,+,3
005965,13.06.26, 16:00,2,+,1,+,5,+,6,+,5,+,4
005964,13.06.26, 15:00,6,+,1,+,2,+,6,+,3,+,5
005963,13.06.26, 14:00,3,+,5,+,2,+,6,+,1,+,1
005962,13.06.26, 13:00,3,+,6,+,5,+,2,+,5,+,2
005961,13.06.26, 12:00,2,+,3,+,4,+,1,+,1,+,6
005960,13.06.26, 11:00,2,+,6,+,4,+,1,+,3,+,6
005959,13.06.26, 10:00,6,+,6,+,4,+,3,+,4,+,5
005958,13.06.26, 09:00,6,+,2,+,3,+,4,+,6,+,5
005957,13.06.26, 08:00,3,+,3,+,6,+,1,+,6,+,6
005956,13.06.26, 07:00,4,+,2,+,1,+,6,+,2,+,6
005955,13.06.26, 06:00,1,+,4,+,6,+,5,+,6,+,5
005954,13.06.26, 05:00,4,+,6,+,5,+,3,+,6,+,4
005953,13.06.26, 04:00,3,+,4,+,1,+,6,+,2,+,1
005952,13.06.26, 03:00,2,+,1,+,5,+,2,+,5,+,3
005951,13.06.26, 02:00,3,+,3,+,6,+,3,+,6,+,1
005950,13.06.26, 01:00,2,+,1,+,2,+,4,+,1,+,5
005949,13.06.26, 00:00,5,+,5,+,6,+,2,+,2,+,1
005948,12.06.26, 23:00,4,+,5,+,4,+,1,+,3,+,3
005947,12.06.26, 22:00,4,+,1,+,6,+,5,+,2,+,3
005946,12.06.26, 21:00,5,+,4,+,4,+,2,+,5,+,1
005945,12.06.26, 20:00,3,+,5,+,1,+,2,+,3,+,2
005944,12.06.26, 19:00,6,+,2,+,1,+,3,+,2,+,2
005943,12.06.26, 18:00,5,+,1,+,4,+,4,+,3,+,4
005942,12.06.26, 17:00,3,+,5,+,2,+,4,+,4,+,3
005941,12.06.26, 16:00,1,+,3,+,1,+,3,+,3,+,2
005940,12.06.26, 15:00,2,+,3,+,2,+,1,+,4,+,3
005939,12.06.26, 14:00,1,+,2,+,4,+,2,+,2,+,5
005938,12.06.26, 13:00,3,+,1,+,3,+,2,+,1,+,3
005937,12.06.26, 12:00,4,+,1,+,1,+,2,+,2,+,1
005936,12.06.26, 11:00,2,+,3,+,2,+,2,+,6,+,4
005935,12.06.26, 10:00,6,+,2,+,5,+,2,+,1,+,5
005934,12.06.26, 09:00,1,+,2,+,5,+,2,+,6,+,3
005933,12.06.26, 08:00,3,+,3,+,5,+,5,+,5,+,6
005932,12.06.26, 07:00,1,+,6,+,5,+,5,+,3,+,2
005931,12.06.26, 06:00,6,+,2,+,5,+,1,+,4,+,1
005930,12.06.26, 05:00,1,+,3,+,2,+,3,+,5,+,2
005929,12.06.26, 04:00,6,+,3,+,2,+,4,+,3,+,3
005928,12.06.26, 03:00,6,+,6,+,5,+,2,+,1,+,4
005927,12.06.26, 02:00,4,+,1,+,1,+,1,+,2,+,5
005926,12.06.26, 01:00,2,+,2,+,4,+,6,+,2,+,6
005925,12.06.26, 00:00,4,+,1,+,3,+,5,+,3,+,5
005924,11.06.26, 23:00,5,+,5,+,6,+,4,+,1,+,4
005923,11.06.26, 22:00,6,+,5,+,1,+,5,+,3,+,6
005922,11.06.26, 21:00,6,+,5,+,2,+,4,+,4,+,1
005921,11.06.26, 20:00,5,+,6,+,1,+,1,+,1,+,5
005920,11.06.26, 19:00,2,+,1,+,4,+,6,+,6,+,4
005919,11.06.26, 18:00,2,+,2,+,5,+,3,+,3,+,3
005918,11.06.26, 17:00,1,+,4,+,3,+,1,+,3,+,5
005917,11.06.26, 16:00,5,+,3,+,3,+,6,+,2,+,5
005916,11.06.26, 15:00,2,+,5,+,2,+,2,+,1,+,3
005915,11.06.26, 14:00,5,+,2,+,5,+,3,+,1,+,5
005914,11.06.26, 13:00,6,+,2,+,3,+,3,+,6,+,6
005913,11.06.26, 12:00,2,+,6,+,2,+,4,+,5,+,6
005912,11.06.26, 11:00,4,+,5,+,1,+,5,+,3,+,2
005911,11.06.26, 10:00,3,+,2,+,2,+,1,+,3,+,3
005910,11.06.26, 09:00,2,+,3,+,2,+,4,+,2,+,4
005909,11.06.26, 08:00,1,+,1,+,2,+,2,+,3,+,4
005908,11.06.26, 07:00,1,+,5,+,3,+,5,+,3,+,3
005907,11.06.26, 06:00,4,+,3,+,5,+,3,+,2,+,1
005906,11.06.26, 05:00,5,+,2,+,6,+,4,+,4,+,4
005905,11.06.26, 04:00,5,+,4,+,1,+,6,+,4,+,3
005904,11.06.26, 03:00,5,+,1,+,5,+,2,+,3,+,2
005903,11.06.26, 02:00,3,+,1,+,1,+,3,+,5,+,6
005902,11.06.26, 01:00,2,+,3,+,5,+,1,+,5,+,6
005901,11.06.26, 00:00,6,+,4,+,4,+,3,+,1,+,3
005900,10.06.26, 23:00,2,+,1,+,6,+,3,+,2,+,2
005899,10.06.26, 22:00,3,+,2,+,2,+,5,+,2,+,1
005898,10.06.26, 21:00,1,+,6,+,5,+,2,+,3,+,3
005897,10.06.26, 20:00,1,+,3,+,6,+,3,+,1,+,3
005896,10.06.26, 19:00,6,+,5,+,5,+,1,+,3,+,2
005895,10.06.26, 18:00,5,+,4,+,1,+,2,+,4,+,6
005894,10.06.26, 17:00,3,+,1,+,3,+,6,+,4,+,3
005893,10.06.26, 16:00,1,+,2,+,4,+,4,+,5,+,5
005892,10.06.26, 15:00,3,+,5,+,3,+,5,+,2,+,5
005891,10.06.26, 14:00,6,+,4,+,3,+,1,+,4,+,3
005890,10.06.26, 13:00,5,+,1,+,5,+,4,+,5,+,4
005889,10.06.26, 12:00,4,+,6,+,6,+,2,+,4,+,4
005888,10.06.26, 11:00,6,+,6,+,2,+,2,+,3,+,2
005887,10.06.26, 10:00,3,+,2,+,2,+,3,+,1,+,4
005886,10.06.26, 09:00,3,+,3,+,2,+,5,+,3,+,2
005885,10.06.26, 08:00,1,+,2,+,3,+,4,+,2,+,3
005884,10.06.26, 07:00,5,+,6,+,4,+,3,+,3,+,4
005883,10.06.26, 06:00,2,+,5,+,2,+,4,+,2,+,1
005882,10.06.26, 05:00,4,+,4,+,5,+,4,+,2,+,2
005881,10.06.26, 04:00,4,+,3,+,2,+,3,+,6,+,1
005880,10.06.26, 03:00,4,+,6,+,1,+,4,+,5,+,6
005879,10.06.26, 02:00,4,+,1,+,4,+,5,+,4,+,2
005878,10.06.26, 01:00,6,+,4,+,4,+,2,+,2,+,1
005877,10.06.26, 00:00,2,+,6,+,5,+,5,+,1,+,5
005876,09.06.26, 23:00,3,+,5,+,1,+,2,+,3,+,2
005875,09.06.26, 22:00,4,+,5,+,4,+,3,+,5,+,1
005874,09.06.26, 21:00,5,+,2,+,5,+,2,+,2,+,1
005873,09.06.26, 20:00,5,+,4,+,1,+,3,+,4,+,5
005872,09.06.26, 19:00,3,+,3,+,6,+,1,+,1,+,3
005871,09.06.26, 18:00,5,+,5,+,3,+,1,+,3,+,1
005870,09.06.26, 17:00,2,+,6,+,3,+,5,+,4,+,3
005869,09.06.26, 16:00,3,+,6,+,6,+,1,+,2,+,5
005868,09.06.26, 15:00,5,+,2,+,3,+,6,+,1,+,4
005867,09.06.26, 14:00,6,+,3,+,4,+,1,+,2,+,1
005866,09.06.26, 13:00,2,+,2,+,5,+,6,+,1,+,5
005865,09.06.26, 12:00,1,+,4,+,5,+,6,+,3,+,4
005864,09.06.26, 11:00,4,+,2,+,4,+,3,+,6,+,4
005863,09.06.26, 10:00,3,+,5,+,6,+,6,+,3,+,5
005862,09.06.26, 09:00,6,+,6,+,6,+,6,+,3,+,3
005861,09.06.26, 08:00,1,+,1,+,1,+,6,+,3,+,1
005860,09.06.26, 07:00,4,+,1,+,1,+,4,+,3,+,3
005859,09.06.26, 06:00,5,+,5,+,6,+,1,+,2,+,6
005858,09.06.26, 05:00,5,+,5,+,2,+,4,+,1,+,3
005857,09.06.26, 04:00,3,+,5,+,3,+,2,+,2,+,5
005856,09.06.26, 03:00,6,+,2,+,6,+,3,+,2,+,3
005855,09.06.26, 02:00,2,+,6,+,5,+,5,+,4,+,2
005854,09.06.26, 01:00,3,+,4,+,4,+,4,+,3,+,3
005853,09.06.26, 00:00,2,+,5,+,5,+,3,+,2,+,3
005852,08.06.26, 23:00,5,+,1,+,3,+,3,+,6,+,5
005851,08.06.26, 22:00,6,+,1,+,6,+,1,+,3,+,1
005850,08.06.26, 21:00,4,+,6,+,2,+,6,+,1,+,3
005849,08.06.26, 20:00,6,+,4,+,4,+,6,+,3,+,4
005848,08.06.26, 19:00,4,+,3,+,6,+,1,+,6,+,3
005847,08.06.26, 18:00,4,+,3,+,5,+,3,+,3,+,6
005846,08.06.26, 17:00,1,+,5,+,2,+,5,+,1,+,6
005845,08.06.26, 16:00,3,+,5,+,3,+,5,+,4,+,2
005844,08.06.26, 15:00,3,+,6,+,1,+,6,+,1,+,4
005843,08.06.26, 14:00,4,+,5,+,5,+,2,+,6,+,2
005842,08.06.26, 13:00,5,+,6,+,3,+,6,+,2,+,6
005841,08.06.26, 12:00,4,+,5,+,3,+,6,+,3,+,4
005840,08.06.26, 11:00,1,+,5,+,2,+,4,+,5,+,3
005839,08.06.26, 10:00,4,+,5,+,3,+,4,+,5,+,2
005838,08.06.26, 09:00,2,+,4,+,6,+,1,+,4,+,5
005837,08.06.26, 08:00,1,+,5,+,1,+,4,+,6,+,5
005836,08.06.26, 07:00,5,+,2,+,4,+,2,+,5,+,1
005835,08.06.26, 06:00,4,+,6,+,1,+,6,+,5,+,5
005834,08.06.26, 05:00,1,+,1,+,5,+,2,+,2,+,4
005833,08.06.26, 04:00,1,+,6,+,2,+,2,+,4,+,5
005832,08.06.26, 03:00,6,+,5,+,4,+,2,+,1,+,3
005831,08.06.26, 02:00,6,+,4,+,2,+,4,+,5,+,4
005830,08.06.26, 01:00,3,+,4,+,4,+,3,+,5,+,5
005829,08.06.26, 00:00,6,+,5,+,4,+,6,+,6,+,6
005828,07.06.26, 23:00,4,+,5,+,5,+,6,+,1,+,6
005827,07.06.26, 22:00,6,+,1,+,2,+,1,+,3,+,4
005826,07.06.26, 21:00,6,+,6,+,6,+,2,+,4,+,1
005825,07.06.26, 20:00,2,+,6,+,2,+,4,+,1,+,4
005824,07.06.26, 19:00,1,+,3,+,4,+,3,+,1,+,6
005823,07.06.26, 18:00,6,+,3,+,5,+,4,+,1,+,4
005822,07.06.26, 17:00,3,+,5,+,3,+,2,+,4,+,1
005821,07.06.26, 16:00,6,+,1,+,4,+,1,+,1,+,2
005820,07.06.26, 15:00,4,+,1,+,6,+,6,+,1,+,2
005819,07.06.26, 14:00,3,+,5,+,5,+,5,+,1,+,5
005818,07.06.26, 13:00,2,+,1,+,1,+,5,+,3,+,6
005817,07.06.26, 12:00,2,+,4,+,5,+,4,+,2,+,1
005816,07.06.26, 11:00,2,+,3,+,1,+,4,+,3,+,1
005815,07.06.26, 10:00,5,+,3,+,5,+,6,+,3,+,5
005814,07.06.26, 09:00,4,+,5,+,4,+,6,+,3,+,6
005813,07.06.26, 08:00,2,+,5,+,2,+,3,+,2,+,3
005812,07.06.26, 07:00,4,+,2,+,3,+,6,+,1,+,1
005811,07.06.26, 06:00,2,+,2,+,2,+,2,+,3,+,1
005810,07.06.26, 05:00,4,+,1,+,5,+,2,+,1,+,1
005809,07.06.26, 04:00,2,+,6,+,5,+,4,+,3,+,1
005808,07.06.26, 03:00,1,+,4,+,6,+,2,+,5,+,6
005807,07.06.26, 02:00,4,+,2,+,3,+,6,+,6,+,2
005806,07.06.26, 00:00,4,+,4,+,1,+,6,+,4,+,2
005805,06.06.26, 23:00,6,+,4,+,3,+,3,+,5,+,2
005804,06.06.26, 22:00,5,+,6,+,5,+,5,+,3,+,5
005803,06.06.26, 21:00,5,+,3,+,2,+,6,+,3,+,1
005802,06.06.26, 20:00,5,+,1,+,4,+,4,+,4,+,6
005801,06.06.26, 19:00,6,+,1,+,4,+,3,+,5,+,2
005800,06.06.26, 18:00,5,+,5,+,6,+,1,+,1,+,3
005799,06.06.26, 17:00,1,+,2,+,4,+,6,+,1,+,5
005798,06.06.26, 16:00,3,+,1,+,5,+,3,+,3,+,3
005797,06.06.26, 15:00,4,+,1,+,3,+,5,+,3,+,2
005796,06.06.26, 14:00,3,+,4,+,1,+,4,+,5,+,1
005795,06.06.26, 13:00,6,+,2,+,5,+,4,+,2,+,2
005794,06.06.26, 12:00,6,+,3,+,4,+,2,+,5,+,2
005793,06.06.26, 11:00,4,+,6,+,6,+,2,+,2,+,5
005792,06.06.26, 10:00,3,+,6,+,3,+,2,+,1,+,1
005791,06.06.26, 09:00,2,+,4,+,1,+,5,+,1,+,5
005790,06.06.26, 08:00,1,+,3,+,1,+,3,+,5,+,5
005789,06.06.26, 07:00,2,+,4,+,3,+,6,+,5,+,6
005788,06.06.26, 06:00,4,+,5,+,3,+,6,+,1,+,1
005787,06.06.26, 05:00,3,+,4,+,2,+,2,+,4,+,5
005786,06.06.26, 04:00,6,+,3,+,5,+,4,+,1,+,2
005785,06.06.26, 03:00,3,+,4,+,4,+,2,+,2,+,4
005784,06.06.26, 02:00,6,+,6,+,1,+,3,+,5,+,3
005783,06.06.26, 01:00,5,+,1,+,5,+,4,+,5,+,5
005782,06.06.26, 00:00,6,+,1,+,4,+,2,+,5,+,5
005781,05.06.26, 23:00,4,+,3,+,5,+,4,+,2,+,3
005780,05.06.26, 22:00,6,+,6,+,6,+,2,+,5,+,4
005779,05.06.26, 21:00,1,+,4,+,6,+,2,+,4,+,2
005778,05.06.26, 20:00,1,+,1,+,6,+,5,+,4,+,4
005777,05.06.26, 19:00,4,+,1,+,1,+,2,+,4,+,5
005776,05.06.26, 18:00,3,+,1,+,3,+,1,+,4,+,3
005775,05.06.26, 17:00,4,+,3,+,1,+,4,+,5,+,3
005774,05.06.26, 16:00,1,+,5,+,2,+,4,+,6,+,2
005773,05.06.26, 15:00,1,+,2,+,1,+,5,+,1,+,5
005772,05.06.26, 14:00,3,+,3,+,4,+,4,+,4,+,4
005771,05.06.26, 13:00,1,+,3,+,4,+,2,+,3,+,4
005770,05.06.26, 12:00,4,+,1,+,6,+,4,+,2,+,1
005769,05.06.26, 11:00,2,+,2,+,1,+,1,+,5,+,5
005768,05.06.26, 10:00,5,+,6,+,2,+,5,+,3,+,4
005767,05.06.26, 09:00,6,+,6,+,6,+,2,+,5,+,1
005766,05.06.26, 08:00,4,+,5,+,6,+,6,+,5,+,2
005765,05.06.26, 07:00,4,+,3,+,1,+,5,+,1,+,6
005764,05.06.26, 06:00,1,+,3,+,4,+,4,+,4,+,6
005763,05.06.26, 05:00,3,+,1,+,3,+,3,+,5,+,3
005762,05.06.26, 04:00,1,+,2,+,3,+,4,+,6,+,6
005761,05.06.26, 03:00,2,+,3,+,4,+,4,+,3,+,3
005760,05.06.26, 02:00,4,+,4,+,4,+,1,+,5,+,4
005759,05.06.26, 01:00,4,+,4,+,6,+,5,+,3,+,4
005758,05.06.26, 00:00,2,+,5,+,3,+,6,+,5,+,5
005757,04.06.26, 23:00,3,+,2,+,5,+,4,+,2,+,6
005756,04.06.26, 22:00,3,+,4,+,3,+,5,+,3,+,5
005755,04.06.26, 21:00,4,+,3,+,2,+,1,+,4,+,4
005754,04.06.26, 20:00,4,+,5,+,3,+,5,+,2,+,2
005753,04.06.26, 19:00,5,+,1,+,6,+,4,+,6,+,3
005752,04.06.26, 18:00,2,+,6,+,5,+,4,+,2,+,4
005751,04.06.26, 17:00,4,+,4,+,5,+,2,+,3,+,2
005750,04.06.26, 16:00,3,+,5,+,2,+,3,+,5,+,4
005749,04.06.26, 15:00,1,+,5,+,5,+,5,+,3,+,5
005748,04.06.26, 14:00,4,+,4,+,5,+,3,+,2,+,3
005747,04.06.26, 13:00,5,+,5,+,3,+,1,+,5,+,6
005746,04.06.26, 12:00,4,+,6,+,5,+,1,+,2,+,1
005745,04.06.26, 11:00,4,+,1,+,4,+,1,+,1,+,1
005744,04.06.26, 10:00,4,+,4,+,4,+,4,+,4,+,2
005743,04.06.26, 09:00,4,+,1,+,5,+,6,+,4,+,1
005742,04.06.26, 08:00,4,+,1,+,4,+,1,+,5,+,2
005741,04.06.26, 07:00,3,+,2,+,3,+,1,+,2,+,6
005740,04.06.26, 06:00,5,+,6,+,1,+,1,+,5,+,2
005739,04.06.26, 05:00,4,+,4,+,5,+,4,+,5,+,1
005738,04.06.26, 04:00,2,+,6,+,2,+,5,+,6,+,6
005737,04.06.26, 03:00,4,+,3,+,4,+,5,+,3,+,4
005736,04.06.26, 02:00,4,+,4,+,1,+,5,+,5,+,1
005735,04.06.26, 01:00,3,+,5,+,3,+,4,+,4,+,3
005734,04.06.26, 00:00,5,+,3,+,6,+,3,+,5,+,2
005733,03.06.26, 23:00,4,+,5,+,1,+,1,+,5,+,5
005732,03.06.26, 22:00,6,+,3,+,1,+,4,+,3,+,6
005731,03.06.26, 21:00,5,+,2,+,5,+,1,+,6,+,2
005730,03.06.26, 20:00,4,+,6,+,4,+,3,+,2,+,6
005729,03.06.26, 19:00,2,+,3,+,6,+,3,+,6,+,6
005728,03.06.26, 18:00,4,+,6,+,3,+,6,+,3,+,3
005727,03.06.26, 17:00,2,+,1,+,4,+,6,+,1,+,6
005726,03.06.26, 16:00,6,+,2,+,1,+,2,+,1,+,1
005725,03.06.26, 15:00,4,+,2,+,1,+,5,+,1,+,3
005724,03.06.26, 14:00,5,+,4,+,1,+,2,+,3,+,6
005723,03.06.26, 13:00,3,+,1,+,3,+,5,+,4,+,6
005722,03.06.26, 12:00,3,+,6,+,4,+,5,+,2,+,5
005721,03.06.26, 11:00,3,+,2,+,2,+,1,+,3,+,4
005720,03.06.26, 10:00,6,+,5,+,5,+,3,+,4,+,1
005719,03.06.26, 09:00,5,+,2,+,2,+,1,+,5,+,6
005718,03.06.26, 08:00,5,+,5,+,4,+,4,+,6,+,4
005717,03.06.26, 07:00,5,+,4,+,3,+,5,+,4,+,6
005716,03.06.26, 06:00,4,+,1,+,6,+,3,+,2,+,1
005715,03.06.26, 05:00,5,+,2,+,6,+,6,+,5,+,1
005714,03.06.26, 04:00,5,+,4,+,1,+,3,+,6,+,2
005713,03.06.26, 03:00,2,+,1,+,4,+,6,+,5,+,2
005712,03.06.26, 02:00,2,+,2,+,6,+,2,+,6,+,4
005711,03.06.26, 01:00,4,+,2,+,3,+,3,+,5,+,4
005710,03.06.26, 00:00,4,+,6,+,5,+,5,+,2,+,3
005709,02.06.26, 23:00,1,+,6,+,5,+,6,+,2,+,2
005708,02.06.26, 22:00,2,+,6,+,4,+,4,+,1,+,4
005707,02.06.26, 21:00,6,+,1,+,6,+,6,+,5,+,4
005706,02.06.26, 20:00,6,+,3,+,4,+,6,+,4,+,5
005705,02.06.26, 19:00,1,+,4,+,4,+,5,+,5,+,2
005704,02.06.26, 18:00,2,+,5,+,1,+,6,+,5,+,5
005703,02.06.26, 17:00,6,+,3,+,2,+,1,+,5,+,1
005702,02.06.26, 16:00,5,+,1,+,1,+,1,+,1,+,6
005701,02.06.26, 15:00,6,+,5,+,2,+,4,+,4,+,3
005700,02.06.26, 14:00,2,+,4,+,6,+,6,+,2,+,3
005699,02.06.26, 13:00,5,+,1,+,3,+,1,+,5,+,1
005698,02.06.26, 12:00,6,+,3,+,1,+,5,+,4,+,6
005697,02.06.26, 11:00,2,+,3,+,1,+,6,+,4,+,5
005696,02.06.26, 10:00,4,+,3,+,5,+,6,+,2,+,4
005695,02.06.26, 09:00,4,+,6,+,4,+,6,+,2,+,5
005694,02.06.26, 08:00,4,+,4,+,2,+,2,+,6,+,5
005693,02.06.26, 07:00,3,+,6,+,1,+,4,+,4,+,1
005692,02.06.26, 06:00,2,+,3,+,5,+,3,+,2,+,3
005691,02.06.26, 05:00,2,+,6,+,1,+,2,+,6,+,6
005690,02.06.26, 04:00,6,+,2,+,5,+,4,+,3,+,3
005689,02.06.26, 03:00,5,+,2,+,3,+,1,+,3,+,2
005688,02.06.26, 02:00,6,+,5,+,5,+,4,+,4,+,6
005687,02.06.26, 01:00,6,+,1,+,1,+,1,+,1,+,6
005686,02.06.26, 00:00,3,+,6,+,5,+,6,+,6,+,2
005685,01.06.26, 23:00,1,+,2,+,6,+,2,+,5,+,5
005684,01.06.26, 22:00,6,+,1,+,4,+,3,+,4,+,3
005683,01.06.26, 21:00,2,+,1,+,4,+,2,+,5,+,5
005682,01.06.26, 20:00,3,+,2,+,1,+,4,+,2,+,6
005681,01.06.26, 19:00,2,+,2,+,1,+,3,+,2,+,4
005680,01.06.26, 18:00,2,+,4,+,3,+,3,+,5,+,4
005679,01.06.26, 17:00,5,+,1,+,4,+,2,+,2,+,2
005678,01.06.26, 16:00,1,+,4,+,1,+,4,+,1,+,4
005677,01.06.26, 15:00,2,+,3,+,3,+,4,+,2,+,4
005676,01.06.26, 14:00,4,+,3,+,6,+,1,+,4,+,3
005675,01.06.26, 13:00,6,+,3,+,1,+,3,+,2,+,2
005674,01.06.26, 12:00,1,+,5,+,2,+,3,+,6,+,6
005673,01.06.26, 11:00,1,+,6,+,5,+,2,+,4,+,4
005672,01.06.26, 10:00,6,+,6,+,3,+,1,+,5,+,6
005671,01.06.26, 09:00,3,+,5,+,2,+,5,+,5,+,6
005670,01.06.26, 08:00,6,+,5,+,5,+,6,+,4,+,6
005669,01.06.26, 07:00,4,+,5,+,3,+,5,+,6,+,4
005668,01.06.26, 06:00,5,+,4,+,2,+,1,+,3,+,2
005667,01.06.26, 05:00,2,+,2,+,5,+,4,+,6,+,1
005666,01.06.26, 04:00,5,+,6,+,1,+,5,+,5,+,3
005665,01.06.26, 03:00,5,+,4,+,2,+,1,+,6,+,3
005664,01.06.26, 02:00,3,+,6,+,5,+,2,+,1,+,5
005663,01.06.26, 01:00,1,+,4,+,6,+,1,+,1,+,1
005662,01.06.26, 00:00,2,+,2,+,3,+,1,+,5,+,6
005661,31.05.26, 23:00,4,+,2,+,2,+,4,+,4,+,1
005660,31.05.26, 22:00,2,+,2,+,3,+,4,+,4,+,2
005659,31.05.26, 21:00,3,+,1,+,5,+,3,+,2,+,6
005658,31.05.26, 20:00,3,+,2,+,2,+,1,+,2,+,6
005657,31.05.26, 19:00,4,+,1,+,2,+,3,+,3,+,6
005656,31.05.26, 18:00,4,+,2,+,5,+,1,+,6,+,6
005655,31.05.26, 17:00,5,+,5,+,4,+,5,+,6,+,3
005654,31.05.26, 16:00,1,+,6,+,4,+,2,+,4,+,2
005653,31.05.26, 15:00,4,+,1,+,6,+,4,+,6,+,4
005652,31.05.26, 14:00,5,+,1,+,3,+,6,+,4,+,4
005651,31.05.26, 13:00,5,+,6,+,6,+,4,+,6,+,6
005650,31.05.26, 12:00,3,+,2,+,5,+,6,+,5,+,5
005649,31.05.26, 11:00,3,+,2,+,5,+,4,+,3,+,2
005648,31.05.26, 10:00,1,+,1,+,3,+,1,+,5,+,3
005647,31.05.26, 09:00,6,+,5,+,3,+,6,+,6,+,3
005646,31.05.26, 08:00,5,+,4,+,4,+,3,+,5,+,6
005645,31.05.26, 07:00,1,+,4,+,4,+,6,+,3,+,6
005644,31.05.26, 06:00,5,+,3,+,4,+,1,+,2,+,4
005643,31.05.26, 05:00,4,+,6,+,4,+,2,+,1,+,3
005642,31.05.26, 04:00,2,+,6,+,4,+,6,+,4,+,4
005641,31.05.26, 03:00,3,+,5,+,6,+,4,+,1,+,6
005640,31.05.26, 02:00,4,+,1,+,6,+,2,+,5,+,6
005639,31.05.26, 00:00,4,+,1,+,4,+,3,+,5,+,6
005638,30.05.26, 23:00,6,+,6,+,1,+,2,+,5,+,1
005637,30.05.26, 22:00,5,+,1,+,3,+,2,+,1,+,5
005636,30.05.26, 21:00,6,+,3,+,5,+,3,+,2,+,5
005635,30.05.26, 20:00,5,+,6,+,2,+,5,+,2,+,1
005634,30.05.26, 19:00,3,+,6,+,5,+,2,+,5,+,2
005633,30.05.26, 18:00,1,+,5,+,3,+,1,+,2,+,2
005632,30.05.26, 17:00,1,+,1,+,1,+,6,+,4,+,5
005631,30.05.26, 16:00,6,+,4,+,2,+,5,+,1,+,3
005630,30.05.26, 15:00,6,+,4,+,3,+,2,+,5,+,2
005629,30.05.26, 14:00,5,+,2,+,5,+,6,+,4,+,4
005628,30.05.26, 13:00,3,+,2,+,2,+,3,+,3,+,2
005627,30.05.26, 12:00,6,+,2,+,3,+,6,+,4,+,2
005626,30.05.26, 11:00,6,+,4,+,5,+,5,+,3,+,5
005625,30.05.26, 10:00,2,+,3,+,5,+,6,+,1,+,4
005624,30.05.26, 09:00,6,+,3,+,3,+,5,+,5,+,2
005623,30.05.26, 08:00,6,+,6,+,4,+,6,+,2,+,3
005622,30.05.26, 07:00,1,+,2,+,6,+,2,+,3,+,3
005621,30.05.26, 06:00,1,+,1,+,2,+,1,+,6,+,1
005620,30.05.26, 05:00,3,+,3,+,6,+,6,+,2,+,2
005619,30.05.26, 04:00,5,+,2,+,2,+,3,+,2,+,4
005618,30.05.26, 03:00,5,+,4,+,4,+,6,+,3,+,1
005617,30.05.26, 02:00,6,+,5,+,2,+,5,+,3,+,3
005616,30.05.26, 01:00,3,+,1,+,5,+,5,+,6,+,4
005615,30.05.26, 00:00,6,+,3,+,5,+,3,+,5,+,2
005614,29.05.26, 23:00,5,+,2,+,6,+,6,+,6,+,6
005613,29.05.26, 22:00,2,+,5,+,6,+,1,+,2,+,2
005612,29.05.26, 21:00,6,+,5,+,4,+,4,+,5,+,2
005611,29.05.26, 20:00,4,+,2,+,2,+,4,+,1,+,3
005610,29.05.26, 19:00,6,+,1,+,1,+,1,+,3,+,4
005609,29.05.26, 18:00,6,+,1,+,6,+,3,+,1,+,5
005608,29.05.26, 17:00,3,+,2,+,1,+,5,+,1,+,2
005607,29.05.26, 16:00,6,+,1,+,5,+,3,+,5,+,4
005606,29.05.26, 15:00,6,+,4,+,6,+,2,+,2,+,3
005605,29.05.26, 14:00,6,+,6,+,3,+,5,+,1,+,6
005604,29.05.26, 13:00,3,+,1,+,3,+,5,+,1,+,6
005603,29.05.26, 12:00,4,+,3,+,3,+,4,+,3,+,1
005602,29.05.26, 11:00,5,+,1,+,4,+,4,+,2,+,4
005601,29.05.26, 10:00,1,+,6,+,1,+,2,+,2,+,6
005600,29.05.26, 09:00,5,+,1,+,1,+,2,+,1,+,1
005599,29.05.26, 08:00,3,+,5,+,1,+,1,+,1,+,6
005598,29.05.26, 07:00,1,+,4,+,6,+,2,+,6,+,2
005597,29.05.26, 06:00,3,+,4,+,4,+,2,+,4,+,3
005596,29.05.26, 05:00,1,+,5,+,5,+,2,+,5,+,4
005595,29.05.26, 04:00,5,+,3,+,5,+,3,+,5,+,1
005594,29.05.26, 03:00,3,+,2,+,6,+,5,+,6,+,6
005593,29.05.26, 02:00,6,+,5,+,5,+,3,+,6,+,1
005592,29.05.26, 01:00,1,+,2,+,2,+,4,+,1,+,3
005591,29.05.26, 00:00,1,+,5,+,6,+,5,+,4,+,3
005590,28.05.26, 23:00,4,+,4,+,2,+,4,+,3,+,6
005589,28.05.26, 22:00,5,+,4,+,4,+,5,+,5,+,5
005588,28.05.26, 21:00,2,+,6,+,3,+,3,+,3,+,6
005587,28.05.26, 20:00,1,+,3,+,4,+,3,+,4,+,1
005586,28.05.26, 19:00,4,+,5,+,5,+,2,+,4,+,4
005585,28.05.26, 18:00,1,+,6,+,3,+,2,+,3,+,6
005584,28.05.26, 17:00,5,+,1,+,2,+,3,+,2,+,4
005583,28.05.26, 16:00,5,+,6,+,5,+,2,+,4,+,1
005582,28.05.26, 15:00,1,+,2,+,4,+,6,+,5,+,4
005581,28.05.26, 14:00,1,+,4,+,6,+,4,+,1,+,1
005580,28.05.26, 13:00,2,+,5,+,2,+,3,+,5,+,1
005579,28.05.26, 12:00,3,+,4,+,3,+,6,+,5,+,5
005578,28.05.26, 11:00,5,+,3,+,6,+,1,+,1,+,1
005577,28.05.26, 10:00,3,+,6,+,4,+,4,+,6,+,3
005576,28.05.26, 09:00,1,+,4,+,4,+,2,+,6,+,4
005575,28.05.26, 08:00,5,+,5,+,6,+,6,+,4,+,1
005574,28.05.26, 07:00,2,+,4,+,6,+,4,+,1,+,4
005573,28.05.26, 06:00,3,+,6,+,1,+,2,+,3,+,2
005572,28.05.26, 05:00,5,+,5,+,6,+,4,+,6,+,4
005571,28.05.26, 04:00,5,+,2,+,5,+,3,+,6,+,2
005570,28.05.26, 03:00,3,+,5,+,1,+,1,+,1,+,6
005569,28.05.26, 02:00,2,+,2,+,3,+,5,+,6,+,3
005568,28.05.26, 01:00,1,+,3,+,3,+,4,+,1,+,1
005567,28.05.26, 00:00,1,+,3,+,2,+,4,+,4,+,4
005566,27.05.26, 23:00,2,+,5,+,4,+,2,+,6,+,2
005565,27.05.26, 22:00,1,+,3,+,5,+,1,+,4,+,1
005564,27.05.26, 21:00,6,+,4,+,5,+,3,+,6,+,4
005563,27.05.26, 20:00,1,+,6,+,2,+,6,+,3,+,3
005562,27.05.26, 19:00,4,+,6,+,3,+,1,+,2,+,1
005561,27.05.26, 18:00,6,+,3,+,6,+,2,+,5,+,3
005560,27.05.26, 17:00,5,+,6,+,1,+,1,+,2,+,1
005559,27.05.26, 16:00,1,+,2,+,4,+,2,+,5,+,3
005558,27.05.26, 15:00,6,+,2,+,3,+,2,+,2,+,2
005557,27.05.26, 14:00,2,+,5,+,5,+,2,+,4,+,6
005556,27.05.26, 13:00,2,+,1,+,6,+,2,+,6,+,3
005555,27.05.26, 12:00,6,+,6,+,6,+,2,+,6,+,6
005554,27.05.26, 11:00,3,+,3,+,2,+,6,+,5,+,4
005553,27.05.26, 10:00,5,+,1,+,2,+,5,+,1,+,1
005552,27.05.26, 09:00,5,+,2,+,6,+,1,+,6,+,2
005551,27.05.26, 08:00,2,+,1,+,3,+,3,+,6,+,2
005550,27.05.26, 07:00,5,+,3,+,2,+,5,+,5,+,4
005549,27.05.26, 06:00,3,+,2,+,5,+,4,+,2,+,4
005548,27.05.26, 05:00,6,+,4,+,3,+,1,+,2,+,6
005547,27.05.26, 04:00,5,+,2,+,2,+,6,+,2,+,2
005546,27.05.26, 03:00,5,+,4,+,2,+,3,+,5,+,4
005545,27.05.26, 02:00,3,+,3,+,2,+,6,+,1,+,2
005544,27.05.26, 01:00,4,+,6,+,5,+,6,+,5,+,1
005543,27.05.26, 00:00,5,+,6,+,3,+,2,+,5,+,3
005542,26.05.26, 23:00,1,+,6,+,2,+,2,+,6,+,6
005541,26.05.26, 22:00,5,+,4,+,6,+,2,+,5,+,5
005540,26.05.26, 21:00,1,+,4,+,3,+,3,+,3,+,3
005539,26.05.26, 20:00,4,+,3,+,2,+,3,+,3,+,5
005538,26.05.26, 19:00,2,+,5,+,4,+,1,+,2,+,1
005537,26.05.26, 18:00,6,+,1,+,3,+,2,+,2,+,2
005536,26.05.26, 17:00,4,+,1,+,3,+,2,+,4,+,6
005535,26.05.26, 16:00,4,+,5,+,4,+,2,+,2,+,4
005534,26.05.26, 15:00,4,+,3,+,4,+,6,+,4,+,2
005533,26.05.26, 14:00,1,+,4,+,6,+,6,+,1,+,1
005532,26.05.26, 13:00,6,+,6,+,5,+,6,+,1,+,6
005531,26.05.26, 12:00,3,+,5,+,3,+,4,+,4,+,3
005530,26.05.26, 11:00,3,+,1,+,4,+,3,+,4,+,6
005529,26.05.26, 10:00,3,+,4,+,3,+,2,+,5,+,4
005528,26.05.26, 09:00,3,+,1,+,6,+,3,+,6,+,3
005527,26.05.26, 08:00,6,+,4,+,5,+,5,+,4,+,3
005526,26.05.26, 07:00,6,+,1,+,3,+,2,+,5,+,5
005525,26.05.26, 06:00,5,+,3,+,1,+,4,+,6,+,3
005524,26.05.26, 05:00,6,+,5,+,5,+,6,+,6,+,3
005523,26.05.26, 04:00,2,+,2,+,4,+,4,+,3,+,2
005522,26.05.26, 03:00,5,+,4,+,2,+,3,+,4,+,5
005521,26.05.26, 02:00,1,+,3,+,2,+,1,+,3,+,4
005520,26.05.26, 01:00,5,+,4,+,2,+,3,+,2,+,6
005519,26.05.26, 00:00,4,+,3,+,2,+,5,+,1,+,1
005518,25.05.26, 23:00,2,+,6,+,4,+,6,+,4,+,6
005517,25.05.26, 22:00,3,+,4,+,5,+,3,+,4,+,4
005516,25.05.26, 21:00,5,+,2,+,3,+,2,+,1,+,6
005515,25.05.26, 20:00,5,+,1,+,6,+,4,+,2,+,1
005514,25.05.26, 19:00,3,+,5,+,2,+,2,+,4,+,5
005513,25.05.26, 18:00,1,+,1,+,6,+,1,+,5,+,4
005512,25.05.26, 17:00,6,+,2,+,6,+,3,+,1,+,6
005511,25.05.26, 16:00,6,+,3,+,6,+,2,+,5,+,1
005510,25.05.26, 15:00,6,+,5,+,6,+,3,+,6,+,5
005509,25.05.26, 14:00,3,+,5,+,5,+,3,+,1,+,3
005508,25.05.26, 13:00,5,+,5,+,4,+,5,+,5,+,3
005507,25.05.26, 12:00,5,+,4,+,4,+,4,+,5,+,2
005506,25.05.26, 11:00,6,+,3,+,2,+,3,+,2,+,2
005505,25.05.26, 10:00,5,+,4,+,3,+,1,+,6,+,1
005504,25.05.26, 09:00,2,+,1,+,4,+,6,+,3,+,1
005503,25.05.26, 08:00,1,+,1,+,5,+,5,+,4,+,4
005502,25.05.26, 07:00,2,+,3,+,2,+,2,+,2,+,4
005501,25.05.26, 06:00,5,+,4,+,2,+,6,+,5,+,4
005500,25.05.26, 05:00,3,+,3,+,5,+,2,+,4,+,6
005499,25.05.26, 04:00,1,+,2,+,1,+,2,+,1,+,3
005498,25.05.26, 03:00,2,+,3,+,2,+,2,+,1,+,4
005497,25.05.26, 02:00,5,+,5,+,3,+,3,+,5,+,5
005496,25.05.26, 01:00,1,+,6,+,2,+,4,+,1,+,2
005495,25.05.26, 00:00,2,+,4,+,6,+,2,+,3,+,2
005494,24.05.26, 23:00,3,+,6,+,6,+,3,+,4,+,3
005493,24.05.26, 22:00,5,+,5,+,6,+,3,+,3,+,2
005492,24.05.26, 21:00,2,+,4,+,1,+,6,+,6,+,6
005491,24.05.26, 20:00,6,+,6,+,2,+,5,+,1,+,4
005490,24.05.26, 19:00,4,+,1,+,6,+,1,+,2,+,1
005489,24.05.26, 18:00,5,+,3,+,3,+,2,+,6,+,3
005488,24.05.26, 17:00,3,+,1,+,6,+,2,+,2,+,2
005487,24.05.26, 16:00,2,+,1,+,5,+,3,+,5,+,6
005486,24.05.26, 15:00,1,+,3,+,1,+,2,+,2,+,6
005485,24.05.26, 14:00,1,+,5,+,6,+,1,+,3,+,2
005484,24.05.26, 13:00,2,+,2,+,3,+,3,+,2,+,3
005483,24.05.26, 12:00,2,+,4,+,3,+,1,+,2,+,3
005482,24.05.26, 11:00,2,+,3,+,2,+,6,+,2,+,5
005481,24.05.26, 10:00,4,+,5,+,5,+,2,+,6,+,5
005480,24.05.26, 09:00,1,+,1,+,4,+,2,+,3,+,6
005479,24.05.26, 08:00,5,+,3,+,5,+,2,+,4,+,1
005478,24.05.26, 07:00,3,+,2,+,2,+,2,+,5,+,2
005477,24.05.26, 06:00,5,+,3,+,4,+,5,+,5,+,3
005476,24.05.26, 05:00,6,+,1,+,6,+,4,+,2,+,3
005475,24.05.26, 04:00,3,+,3,+,6,+,5,+,6,+,4
005474,24.05.26, 03:00,2,+,6,+,1,+,1,+,5,+,5
005473,24.05.26, 02:00,5,+,5,+,6,+,2,+,2,+,1
005472,24.05.26, 00:00,6,+,3,+,4,+,1,+,2,+,6
005471,23.05.26, 23:00,1,+,6,+,2,+,2,+,2,+,1
005470,23.05.26, 22:00,5,+,2,+,3,+,1,+,4,+,6
005469,23.05.26, 21:00,6,+,5,+,1,+,3,+,5,+,3
005468,23.05.26, 20:00,3,+,2,+,2,+,3,+,3,+,2
005467,23.05.26, 19:00,2,+,5,+,2,+,3,+,4,+,3
005466,23.05.26, 18:00,3,+,2,+,3,+,3,+,6,+,4
005465,23.05.26, 17:00,1,+,1,+,4,+,3,+,3,+,4
005464,23.05.26, 16:00,3,+,3,+,6,+,6,+,5,+,4
005463,23.05.26, 15:00,5,+,4,+,5,+,6,+,5,+,2
005462,23.05.26, 14:00,3,+,1,+,1,+,1,+,4,+,5
005461,23.05.26, 13:00,2,+,2,+,6,+,3,+,2,+,6
005460,23.05.26, 12:00,4,+,1,+,3,+,4,+,1,+,2
005459,23.05.26, 11:00,5,+,4,+,5,+,4,+,3,+,6
005458,23.05.26, 10:00,5,+,6,+,1,+,4,+,3,+,2
005457,23.05.26, 09:00,5,+,6,+,5,+,4,+,5,+,3
005456,23.05.26, 08:00,4,+,1,+,5,+,4,+,1,+,5
005455,23.05.26, 07:00,2,+,2,+,4,+,1,+,4,+,1
005454,23.05.26, 06:00,2,+,6,+,4,+,6,+,2,+,3
005453,23.05.26, 05:00,5,+,3,+,5,+,4,+,4,+,4
005452,23.05.26, 04:00,4,+,2,+,4,+,2,+,4,+,1
005451,23.05.26, 03:00,2,+,1,+,3,+,3,+,6,+,3
005450,23.05.26, 02:00,5,+,6,+,5,+,3,+,3,+,6
005449,23.05.26, 01:00,4,+,5,+,3,+,6,+,5,+,3
005448,23.05.26, 00:00,2,+,3,+,2,+,6,+,5,+,5
005447,22.05.26, 23:00,3,+,5,+,6,+,5,+,1,+,2
005446,22.05.26, 22:00,2,+,4,+,1,+,5,+,1,+,1
005445,22.05.26, 21:00,1,+,1,+,5,+,5,+,6,+,3
005444,22.05.26, 20:00,4,+,6,+,6,+,4,+,3,+,4
005443,22.05.26, 19:00,3,+,5,+,1,+,5,+,5,+,3
005442,22.05.26, 18:00,6,+,5,+,3,+,3,+,6,+,1
005441,22.05.26, 17:00,6,+,2,+,4,+,6,+,4,+,4
005440,22.05.26, 16:00,5,+,5,+,3,+,1,+,5,+,6
005439,22.05.26, 15:00,3,+,4,+,6,+,6,+,3,+,3
005438,22.05.26, 14:00,5,+,5,+,1,+,5,+,4,+,3
005437,22.05.26, 13:00,3,+,5,+,2,+,1,+,1,+,4
005436,22.05.26, 12:00,5,+,3,+,2,+,2,+,1,+,5
005435,22.05.26, 11:00,6,+,1,+,1,+,6,+,6,+,2
005434,22.05.26, 10:00,4,+,5,+,4,+,1,+,2,+,5
005433,22.05.26, 09:00,2,+,1,+,5,+,6,+,4,+,3
005432,22.05.26, 08:00,2,+,2,+,2,+,5,+,4,+,1
005431,22.05.26, 07:00,5,+,6,+,5,+,4,+,4,+,4
005430,22.05.26, 06:00,5,+,4,+,4,+,4,+,2,+,4
005429,22.05.26, 05:00,4,+,2,+,5,+,5,+,5,+,1
005428,22.05.26, 04:00,5,+,6,+,2,+,4,+,4,+,5
005427,22.05.26, 03:00,6,+,4,+,4,+,5,+,5,+,3
005426,22.05.26, 02:00,5,+,2,+,5,+,6,+,4,+,2
005425,22.05.26, 01:00,3,+,3,+,2,+,3,+,5,+,6
005424,22.05.26, 00:00,2,+,4,+,3,+,6,+,3,+,1
005423,21.05.26, 23:00,1,+,3,+,3,+,5,+,6,+,6
005422,21.05.26, 22:00,4,+,2,+,1,+,1,+,5,+,3
005421,21.05.26, 21:00,1,+,1,+,6,+,1,+,5,+,1
005420,21.05.26, 20:00,4,+,3,+,4,+,4,+,4,+,4
005419,21.05.26, 19:00,1,+,5,+,5,+,3,+,4,+,4
005418,21.05.26, 18:00,4,+,5,+,3,+,6,+,6,+,3
005417,21.05.26, 17:00,6,+,1,+,5,+,3,+,1,+,1
005416,21.05.26, 16:00,4,+,5,+,5,+,6,+,5,+,2
005415,21.05.26, 15:00,2,+,5,+,4,+,6,+,5,+,5
005414,21.05.26, 14:00,6,+,3,+,1,+,3,+,2,+,3
005413,21.05.26, 13:00,6,+,5,+,4,+,2,+,5,+,4
005412,21.05.26, 12:00,3,+,2,+,6,+,5,+,2,+,5
005411,21.05.26, 11:00,6,+,1,+,4,+,5,+,3,+,6
005410,21.05.26, 10:00,1,+,3,+,5,+,1,+,2,+,6
005409,21.05.26, 09:00,2,+,3,+,2,+,4,+,2,+,4
005408,21.05.26, 08:00,6,+,4,+,2,+,5,+,3,+,6
005407,21.05.26, 07:00,6,+,2,+,1,+,6,+,6,+,2
005406,21.05.26, 06:00,3,+,5,+,6,+,6,+,3,+,5
005405,21.05.26, 05:00,2,+,5,+,1,+,2,+,2,+,3
005404,21.05.26, 04:00,5,+,6,+,6,+,6,+,2,+,4
005403,21.05.26, 03:00,1,+,4,+,4,+,5,+,2,+,5
005402,21.05.26, 02:00,3,+,5,+,3,+,1,+,2,+,2
005401,21.05.26, 01:00,6,+,2,+,4,+,3,+,2,+,2
005400,21.05.26, 00:00,1,+,3,+,1,+,3,+,3,+,3
005399,20.05.26, 23:00,1,+,4,+,4,+,1,+,3,+,6
005398,20.05.26, 22:00,5,+,5,+,4,+,6,+,1,+,6
005397,20.05.26, 21:00,4,+,4,+,2,+,1,+,6,+,5
005396,20.05.26, 20:00,6,+,6,+,6,+,5,+,1,+,5
005395,20.05.26, 19:00,5,+,6,+,2,+,6,+,4,+,6
005394,20.05.26, 18:00,5,+,6,+,4,+,2,+,4,+,5
005393,20.05.26, 17:00,5,+,1,+,2,+,6,+,5,+,6
005392,20.05.26, 16:00,6,+,4,+,2,+,6,+,5,+,3
005391,20.05.26, 15:00,3,+,1,+,2,+,6,+,4,+,2
005390,20.05.26, 14:00,4,+,2,+,6,+,5,+,5,+,1
005389,20.05.26, 13:00,2,+,6,+,1,+,4,+,6,+,2
005388,20.05.26, 12:00,6,+,4,+,2,+,5,+,5,+,3
005387,20.05.26, 11:00,3,+,1,+,3,+,5,+,5,+,6
005386,20.05.26, 10:00,6,+,2,+,1,+,6,+,4,+,5
005385,20.05.26, 09:00,4,+,5,+,3,+,3,+,2,+,6
005384,20.05.26, 08:00,1,+,6,+,5,+,2,+,1,+,1
005383,20.05.26, 07:00,5,+,4,+,3,+,2,+,5,+,3
005382,20.05.26, 06:00,3,+,3,+,4,+,6,+,3,+,2
005381,20.05.26, 05:00,6,+,4,+,1,+,2,+,2,+,5
005380,20.05.26, 04:00,2,+,1,+,6,+,5,+,4,+,6
005379,20.05.26, 03:00,6,+,2,+,3,+,6,+,3,+,6
005378,20.05.26, 02:00,3,+,6,+,6,+,3,+,5,+,4
005377,20.05.26, 01:00,1,+,6,+,5,+,3,+,3,+,4
005376,20.05.26, 00:00,1,+,6,+,3,+,2,+,3,+,3
005375,19.05.26, 23:00,2,+,6,+,2,+,5,+,1,+,4
005374,19.05.26, 22:00,2,+,4,+,6,+,3,+,2,+,2
005373,19.05.26, 21:00,6,+,1,+,4,+,5,+,1,+,4
005372,19.05.26, 20:00,4,+,4,+,4,+,4,+,2,+,2
005371,19.05.26, 19:00,6,+,2,+,5,+,2,+,2,+,5
005370,19.05.26, 18:00,2,+,3,+,2,+,5,+,2,+,6
005369,19.05.26, 17:00,3,+,2,+,2,+,4,+,4,+,3
005368,19.05.26, 16:00,3,+,6,+,1,+,5,+,4,+,4
005367,19.05.26, 15:00,5,+,3,+,2,+,5,+,3,+,6
005366,19.05.26, 14:00,1,+,2,+,5,+,3,+,2,+,2
005365,19.05.26, 13:00,1,+,2,+,1,+,6,+,4,+,4
005364,19.05.26, 12:00,1,+,6,+,6,+,2,+,5,+,4
005363,19.05.26, 11:00,2,+,3,+,4,+,5,+,2,+,5
005362,19.05.26, 10:00,5,+,3,+,5,+,2,+,3,+,2
005361,19.05.26, 09:00,1,+,2,+,4,+,3,+,3,+,2
005360,19.05.26, 08:00,2,+,5,+,5,+,1,+,2,+,4
005359,19.05.26, 07:00,1,+,1,+,6,+,5,+,4,+,3
005358,19.05.26, 06:00,5,+,6,+,6,+,1,+,1,+,1
005357,19.05.26, 05:00,3,+,6,+,1,+,3,+,2,+,6
005356,19.05.26, 04:00,2,+,4,+,4,+,4,+,3,+,3
005355,19.05.26, 03:00,5,+,4,+,3,+,6,+,3,+,6
005354,19.05.26, 02:00,2,+,3,+,1,+,3,+,6,+,1
005353,19.05.26, 01:00,1,+,5,+,4,+,1,+,4,+,5
005352,19.05.26, 00:00,1,+,3,+,2,+,3,+,1,+,1
005351,18.05.26, 23:00,6,+,4,+,5,+,5,+,4,+,5
005350,18.05.26, 22:00,6,+,1,+,1,+,6,+,6,+,3
005349,18.05.26, 21:00,6,+,4,+,3,+,4,+,1,+,3
005348,18.05.26, 20:00,1,+,6,+,5,+,5,+,4,+,3
005347,18.05.26, 19:00,3,+,3,+,3,+,4,+,1,+,3
005346,18.05.26, 18:00,5,+,5,+,2,+,2,+,3,+,3
005345,18.05.26, 17:00,6,+,2,+,1,+,3,+,2,+,6
005344,18.05.26, 16:00,4,+,5,+,3,+,2,+,6,+,6
005343,18.05.26, 15:00,4,+,2,+,6,+,4,+,5,+,3
005342,18.05.26, 14:00,6,+,5,+,6,+,4,+,2,+,1
005341,18.05.26, 13:00,3,+,4,+,3,+,1,+,5,+,2
005340,18.05.26, 12:00,4,+,5,+,1,+,5,+,1,+,1
005339,18.05.26, 11:00,5,+,5,+,5,+,4,+,4,+,3
005338,18.05.26, 10:00,1,+,3,+,4,+,6,+,2,+,4
005337,18.05.26, 09:00,4,+,1,+,3,+,5,+,2,+,6
005336,18.05.26, 08:00,4,+,3,+,4,+,6,+,6,+,3
005335,18.05.26, 07:00,1,+,1,+,4,+,6,+,6,+,1
005334,18.05.26, 06:00,5,+,2,+,4,+,2,+,5,+,5
005333,18.05.26, 05:00,3,+,1,+,3,+,3,+,4,+,3
005332,18.05.26, 04:00,3,+,1,+,1,+,2,+,6,+,1
005331,18.05.26, 03:00,3,+,6,+,5,+,1,+,6,+,3
005330,18.05.26, 02:00,5,+,5,+,6,+,5,+,5,+,6
005329,18.05.26, 01:00,1,+,2,+,5,+,2,+,5,+,5
005328,18.05.26, 00:00,1,+,6,+,1,+,6,+,4,+,6
005327,17.05.26, 23:00,5,+,1,+,6,+,1,+,4,+,4
005326,17.05.26, 22:00,5,+,3,+,5,+,4,+,1,+,5
005325,17.05.26, 21:00,1,+,4,+,4,+,6,+,6,+,1
005324,17.05.26, 20:00,4,+,5,+,2,+,3,+,1,+,6
005323,17.05.26, 19:00,6,+,4,+,6,+,2,+,3,+,5
005322,17.05.26, 18:00,3,+,5,+,4,+,6,+,1,+,2
005321,17.05.26, 17:00,4,+,4,+,1,+,1,+,1,+,3
005320,17.05.26, 16:00,6,+,5,+,4,+,1,+,4,+,3
005319,17.05.26, 15:00,3,+,5,+,6,+,5,+,1,+,2
005318,17.05.26, 14:00,5,+,2,+,2,+,4,+,2,+,1
005317,17.05.26, 13:00,3,+,4,+,2,+,2,+,4,+,1
005316,17.05.26, 12:00,4,+,6,+,3,+,2,+,1,+,3
005315,17.05.26, 11:00,6,+,3,+,3,+,6,+,3,+,5
005314,17.05.26, 10:00,6,+,6,+,6,+,3,+,1,+,6
005313,17.05.26, 09:00,5,+,4,+,2,+,3,+,4,+,5
005312,17.05.26, 08:00,3,+,5,+,3,+,4,+,2,+,2
005311,17.05.26, 07:00,3,+,3,+,3,+,1,+,1,+,1
005310,17.05.26, 06:00,2,+,2,+,4,+,4,+,3,+,6
005309,17.05.26, 05:00,2,+,5,+,2,+,6,+,3,+,1
005308,17.05.26, 04:00,1,+,1,+,2,+,2,+,3,+,3
005307,17.05.26, 03:00,4,+,3,+,4,+,4,+,1,+,6
005306,17.05.26, 02:00,6,+,5,+,4,+,3,+,6,+,1
005305,17.05.26, 00:00,1,+,5,+,3,+,5,+,6,+,6
005304,16.05.26, 23:00,1,+,1,+,6,+,2,+,3,+,5
005303,16.05.26, 22:00,6,+,3,+,4,+,2,+,6,+,5
005302,16.05.26, 21:00,3,+,1,+,6,+,1,+,1,+,5
005301,16.05.26, 20:00,3,+,1,+,6,+,2,+,6,+,2
005300,16.05.26, 19:00,6,+,3,+,4,+,3,+,5,+,3
005299,16.05.26, 18:00,2,+,6,+,4,+,2,+,2,+,4
005298,16.05.26, 17:00,3,+,2,+,5,+,6,+,3,+,1
005297,16.05.26, 16:00,2,+,1,+,1,+,4,+,3,+,4
005296,16.05.26, 15:00,6,+,2,+,3,+,1,+,2,+,6
005295,16.05.26, 14:00,2,+,4,+,5,+,6,+,5,+,4
005294,16.05.26, 13:00,4,+,6,+,2,+,1,+,5,+,3
005293,16.05.26, 12:00,4,+,4,+,2,+,3,+,2,+,4
005292,16.05.26, 11:00,2,+,4,+,6,+,1,+,1,+,5
005291,16.05.26, 10:00,4,+,2,+,3,+,5,+,6,+,2
005290,16.05.26, 09:00,5,+,5,+,4,+,5,+,3,+,2
005289,16.05.26, 08:00,6,+,5,+,2,+,3,+,4,+,2
005288,16.05.26, 07:00,6,+,5,+,4,+,6,+,3,+,5
005287,16.05.26, 06:00,4,+,2,+,6,+,4,+,1,+,4
005286,16.05.26, 05:00,4,+,1,+,5,+,1,+,1,+,2
005285,16.05.26, 04:00,5,+,2,+,1,+,3,+,6,+,4
005284,16.05.26, 03:00,2,+,2,+,5,+,4,+,5,+,1
005283,16.05.26, 02:00,2,+,3,+,4,+,6,+,5,+,3
005282,16.05.26, 01:00,2,+,2,+,6,+,3,+,3,+,5
005281,16.05.26, 00:00,1,+,2,+,2,+,4,+,5,+,2
005280,15.05.26, 23:00,4,+,3,+,5,+,3,+,4,+,5
005279,15.05.26, 22:00,5,+,1,+,6,+,6,+,1,+,2
005278,15.05.26, 21:00,1,+,2,+,4,+,5,+,3,+,3
005277,15.05.26, 20:00,3,+,3,+,1,+,4,+,3,+,3
005276,15.05.26, 19:00,4,+,2,+,6,+,2,+,4,+,5
005275,15.05.26, 18:00,5,+,5,+,4,+,3,+,6,+,6
005274,15.05.26, 17:00,4,+,2,+,5,+,6,+,3,+,1
005273,15.05.26, 16:00,4,+,4,+,6,+,4,+,6,+,4
005272,15.05.26, 15:00,6,+,4,+,4,+,1,+,2,+,5
005271,15.05.26, 14:00,2,+,6,+,5,+,3,+,5,+,2
005270,15.05.26, 13:00,3,+,6,+,1,+,3,+,3,+,6
005269,15.05.26, 12:00,3,+,4,+,6,+,2,+,6,+,4
005268,15.05.26, 11:00,6,+,1,+,1,+,6,+,2,+,3
005267,15.05.26, 10:00,1,+,2,+,2,+,3,+,1,+,4
005266,15.05.26, 09:00,6,+,2,+,5,+,6,+,2,+,2
005265,15.05.26, 08:00,1,+,6,+,6,+,3,+,4,+,3
005264,15.05.26, 07:00,6,+,5,+,2,+,2,+,6,+,4
005263,15.05.26, 06:00,5,+,4,+,2,+,1,+,2,+,2
005262,15.05.26, 05:00,5,+,3,+,3,+,1,+,4,+,4
005261,15.05.26, 04:00,6,+,3,+,4,+,4,+,1,+,1
005260,15.05.26, 03:00,6,+,5,+,2,+,4,+,2,+,4
005259,15.05.26, 02:00,2,+,4,+,4,+,3,+,5,+,1
005258,15.05.26, 01:00,3,+,4,+,6,+,1,+,4,+,1
005257,15.05.26, 00:00,4,+,1,+,5,+,4,+,4,+,6
005256,14.05.26, 23:00,1,+,1,+,2,+,3,+,2,+,1
005255,14.05.26, 22:00,5,+,3,+,5,+,1,+,4,+,5
005254,14.05.26, 21:00,5,+,3,+,1,+,6,+,2,+,3
005253,14.05.26, 20:00,4,+,1,+,4,+,4,+,5,+,1
005252,14.05.26, 19:00,5,+,5,+,5,+,1,+,3,+,1
005251,14.05.26, 18:00,1,+,6,+,4,+,4,+,2,+,4
005250,14.05.26, 17:00,5,+,5,+,2,+,6,+,6,+,5
005249,14.05.26, 16:00,2,+,4,+,5,+,6,+,3,+,6
005248,14.05.26, 15:00,4,+,2,+,5,+,6,+,2,+,3
005247,14.05.26, 14:00,6,+,2,+,4,+,6,+,4,+,4
005246,14.05.26, 13:00,4,+,4,+,2,+,2,+,2,+,6
005245,14.05.26, 12:00,5,+,2,+,2,+,1,+,5,+,5
005244,14.05.26, 11:00,2,+,4,+,1,+,3,+,5,+,2
005243,14.05.26, 10:00,4,+,4,+,5,+,2,+,5,+,5
005242,14.05.26, 09:00,6,+,5,+,5,+,2,+,4,+,2
005241,14.05.26, 08:00,5,+,2,+,1,+,6,+,2,+,1
005240,14.05.26, 07:00,6,+,1,+,4,+,1,+,2,+,1
005239,14.05.26, 06:00,6,+,3,+,2,+,3,+,5,+,6
005238,14.05.26, 05:00,5,+,4,+,1,+,4,+,6,+,6
005237,14.05.26, 04:00,4,+,2,+,4,+,4,+,6,+,3
005236,14.05.26, 03:00,5,+,6,+,4,+,4,+,1,+,5
005235,14.05.26, 02:00,6,+,4,+,6,+,2,+,3,+,5
005234,14.05.26, 01:00,6,+,1,+,6,+,4,+,1,+,1
005233,14.05.26, 00:00,6,+,4,+,4,+,6,+,4,+,4
005232,13.05.26, 23:00,5,+,6,+,1,+,2,+,6,+,4
005231,13.05.26, 22:00,5,+,2,+,2,+,4,+,1,+,2
005230,13.05.26, 21:00,1,+,3,+,3,+,4,+,6,+,5
005229,13.05.26, 20:00,5,+,2,+,5,+,1,+,1,+,4
005228,13.05.26, 19:00,6,+,6,+,2,+,6,+,6,+,4
005227,13.05.26, 18:00,2,+,3,+,1,+,1,+,3,+,4
005226,13.05.26, 17:00,6,+,4,+,1,+,3,+,2,+,6
005225,13.05.26, 16:00,5,+,4,+,4,+,5,+,2,+,3
005224,13.05.26, 15:00,2,+,4,+,1,+,4,+,1,+,4
005223,13.05.26, 14:00,4,+,2,+,6,+,5,+,3,+,1
005222,13.05.26, 13:00,1,+,5,+,2,+,4,+,4,+,5
005221,13.05.26, 12:00,4,+,5,+,3,+,3,+,1,+,1
005220,13.05.26, 11:00,6,+,6,+,1,+,3,+,1,+,1
005219,13.05.26, 10:00,3,+,3,+,5,+,1,+,3,+,5
005218,13.05.26, 09:00,1,+,6,+,4,+,1,+,6,+,3
005217,13.05.26, 08:00,1,+,2,+,1,+,6,+,6,+,4
005216,13.05.26, 07:00,3,+,3,+,5,+,2,+,3,+,1
005215,13.05.26, 06:00,6,+,5,+,2,+,6,+,4,+,6
005214,13.05.26, 05:00,4,+,1,+,1,+,4,+,1,+,4
005213,13.05.26, 04:00,6,+,2,+,4,+,4,+,3,+,2
005212,13.05.26, 03:00,6,+,6,+,6,+,6,+,2,+,3
005211,13.05.26, 02:00,4,+,3,+,6,+,6,+,5,+,2
005210,13.05.26, 01:00,5,+,4,+,5,+,5,+,2,+,6
005209,13.05.26, 00:00,4,+,5,+,3,+,5,+,6,+,6
005208,12.05.26, 23:00,3,+,4,+,6,+,5,+,3,+,1
005207,12.05.26, 22:00,3,+,1,+,6,+,3,+,1,+,2
005206,12.05.26, 21:00,2,+,3,+,6,+,4,+,5,+,1
005205,12.05.26, 20:00,1,+,3,+,2,+,6,+,6,+,1
005204,12.05.26, 19:00,1,+,5,+,5,+,6,+,6,+,3
005203,12.05.26, 18:00,4,+,6,+,2,+,3,+,3,+,5
005202,12.05.26, 17:00,2,+,3,+,4,+,4,+,2,+,6
005201,12.05.26, 16:00,4,+,5,+,5,+,5,+,4,+,1
005200,12.05.26, 15:00,6,+,5,+,5,+,5,+,6,+,1
005199,12.05.26, 14:00,3,+,4,+,4,+,2,+,1,+,5
005198,12.05.26, 13:00,4,+,1,+,4,+,2,+,3,+,6
005197,12.05.26, 12:00,5,+,5,+,5,+,5,+,6,+,5
005196,12.05.26, 11:00,4,+,3,+,1,+,2,+,1,+,2
005195,12.05.26, 10:00,3,+,6,+,2,+,5,+,3,+,5
005194,12.05.26, 09:00,2,+,5,+,2,+,2,+,1,+,2
005193,12.05.26, 08:00,1,+,1,+,1,+,3,+,3,+,1
005192,12.05.26, 07:00,6,+,3,+,4,+,5,+,2,+,2
005191,12.05.26, 06:00,1,+,2,+,6,+,5,+,3,+,2
005190,12.05.26, 05:00,6,+,4,+,6,+,2,+,6,+,4
005189,12.05.26, 04:00,3,+,1,+,5,+,3,+,5,+,1
005188,12.05.26, 03:00,6,+,3,+,6,+,6,+,6,+,3
005187,12.05.26, 02:00,4,+,6,+,1,+,1,+,6,+,6
005186,12.05.26, 01:00,1,+,2,+,3,+,6,+,1,+,1
005185,12.05.26, 00:00,1,+,4,+,5,+,3,+,4,+,2
005184,11.05.26, 23:00,1,+,5,+,4,+,2,+,6,+,3
005183,11.05.26, 22:00,2,+,2,+,3,+,5,+,1,+,4
005182,11.05.26, 21:00,6,+,1,+,4,+,3,+,6,+,5
005181,11.05.26, 20:00,2,+,1,+,3,+,4,+,4,+,5
005180,11.05.26, 19:00,2,+,6,+,2,+,4,+,4,+,3
005179,11.05.26, 18:00,4,+,6,+,1,+,5,+,3,+,3
005178,11.05.26, 17:00,3,+,2,+,5,+,3,+,4,+,4
005177,11.05.26, 16:00,4,+,2,+,4,+,4,+,1,+,1
005176,11.05.26, 15:00,4,+,5,+,1,+,2,+,2,+,1
005175,11.05.26, 14:00,5,+,1,+,2,+,2,+,1,+,6
005174,11.05.26, 13:00,2,+,1,+,4,+,2,+,1,+,3
005173,11.05.26, 12:00,3,+,5,+,1,+,5,+,2,+,2
005172,11.05.26, 11:00,4,+,4,+,5,+,2,+,4,+,2
005171,11.05.26, 10:00,1,+,6,+,4,+,6,+,4,+,6
005170,11.05.26, 09:00,6,+,1,+,1,+,5,+,4,+,5
005169,11.05.26, 08:00,4,+,5,+,1,+,6,+,3,+,6
005168,11.05.26, 07:00,4,+,2,+,2,+,2,+,1,+,2
005167,11.05.26, 06:00,2,+,4,+,2,+,2,+,5,+,1
005166,11.05.26, 05:00,6,+,6,+,1,+,6,+,4,+,3
005165,11.05.26, 04:00,3,+,6,+,1,+,6,+,4,+,1
005164,11.05.26, 03:00,1,+,6,+,4,+,5,+,4,+,4
005163,11.05.26, 02:00,1,+,4,+,3,+,1,+,5,+,2
005162,11.05.26, 01:00,1,+,2,+,5,+,6,+,5,+,4
005161,11.05.26, 00:00,6,+,6,+,2,+,1,+,1,+,3
005160,10.05.26, 23:00,2,+,5,+,1,+,6,+,2,+,4
005159,10.05.26, 22:00,4,+,4,+,4,+,6,+,4,+,6
005158,10.05.26, 21:00,2,+,4,+,5,+,6,+,6,+,3
005157,10.05.26, 20:00,6,+,2,+,6,+,1,+,5,+,3
005156,10.05.26, 19:00,6,+,4,+,5,+,1,+,4,+,2
005155,10.05.26, 18:00,6,+,2,+,4,+,1,+,5,+,4
005154,10.05.26, 17:00,6,+,3,+,6,+,6,+,3,+,3
005153,10.05.26, 16:00,4,+,4,+,4,+,2,+,1,+,4
005152,10.05.26, 15:00,4,+,4,+,6,+,1,+,3,+,4
005151,10.05.26, 14:00,2,+,4,+,1,+,2,+,4,+,5
005150,10.05.26, 13:00,1,+,4,+,4,+,1,+,3,+,5
005149,10.05.26, 12:00,5,+,2,+,4,+,6,+,5,+,6
005148,10.05.26, 11:00,5,+,2,+,2,+,6,+,3,+,6
005147,10.05.26, 10:00,2,+,6,+,2,+,4,+,5,+,4
005146,10.05.26, 09:00,2,+,1,+,5,+,4,+,6,+,4
005145,10.05.26, 08:00,5,+,1,+,5,+,1,+,4,+,5
005144,10.05.26, 07:00,5,+,3,+,4,+,2,+,5,+,1
005143,10.05.26, 06:00,6,+,5,+,6,+,2,+,5,+,6
005142,10.05.26, 05:00,6,+,6,+,2,+,5,+,4,+,2
005141,10.05.26, 04:00,1,+,1,+,5,+,6,+,1,+,3
005140,10.05.26, 03:00,1,+,1,+,4,+,1,+,4,+,2
005139,10.05.26, 02:00,5,+,3,+,4,+,1,+,4,+,4
005138,10.05.26, 00:00,4,+,3,+,1,+,4,+,1,+,2
005137,09.05.26, 23:00,5,+,3,+,5,+,6,+,5,+,4
005136,09.05.26, 22:00,5,+,3,+,3,+,2,+,4,+,4
005135,09.05.26, 21:00,1,+,4,+,3,+,4,+,2,+,2
005134,09.05.26, 20:00,6,+,1,+,6,+,3,+,6,+,6
005133,09.05.26, 19:00,3,+,4,+,6,+,4,+,4,+,4
005132,09.05.26, 18:00,5,+,3,+,5,+,4,+,5,+,1
005131,09.05.26, 17:00,4,+,2,+,6,+,5,+,2,+,1
005130,09.05.26, 16:00,4,+,3,+,5,+,1,+,3,+,5
005129,09.05.26, 15:00,5,+,4,+,3,+,5,+,1,+,5
005128,09.05.26, 14:00,5,+,3,+,6,+,6,+,3,+,4
005127,09.05.26, 13:00,6,+,6,+,6,+,5,+,2,+,2
005126,09.05.26, 12:00,4,+,3,+,4,+,2,+,5,+,4
005125,09.05.26, 11:00,5,+,1,+,6,+,6,+,6,+,6
005124,09.05.26, 10:00,6,+,2,+,3,+,4,+,4,+,1
005123,09.05.26, 09:00,6,+,5,+,2,+,4,+,4,+,1
005122,09.05.26, 08:00,2,+,6,+,4,+,4,+,4,+,4
005121,09.05.26, 07:00,6,+,1,+,4,+,4,+,6,+,3
005120,09.05.26, 06:00,2,+,6,+,4,+,6,+,1,+,5
005119,09.05.26, 05:00,3,+,3,+,4,+,2,+,5,+,1
005118,09.05.26, 04:00,3,+,3,+,2,+,6,+,6,+,4
005117,09.05.26, 03:00,5,+,5,+,2,+,1,+,1,+,5
005116,09.05.26, 02:00,5,+,4,+,3,+,1,+,5,+,2
005115,09.05.26, 01:00,4,+,3,+,5,+,5,+,3,+,1
005114,09.05.26, 00:00,3,+,5,+,6,+,5,+,4,+,2
005113,08.05.26, 23:00,2,+,1,+,1,+,5,+,3,+,4
005112,08.05.26, 22:00,5,+,2,+,4,+,5,+,4,+,6
005111,08.05.26, 21:00,2,+,5,+,5,+,4,+,3,+,4
005110,08.05.26, 20:00,2,+,2,+,6,+,4,+,6,+,2
005109,08.05.26, 19:00,6,+,6,+,5,+,1,+,2,+,3
005108,08.05.26, 18:00,5,+,3,+,6,+,1,+,6,+,5
005107,08.05.26, 17:00,1,+,6,+,6,+,2,+,5,+,4
005106,08.05.26, 16:00,4,+,5,+,3,+,5,+,1,+,3
005105,08.05.26, 15:00,5,+,2,+,5,+,4,+,6,+,5
005104,08.05.26, 14:00,5,+,3,+,2,+,5,+,5,+,6
005103,08.05.26, 13:00,6,+,4,+,2,+,2,+,1,+,6
005102,08.05.26, 12:00,2,+,4,+,5,+,6,+,5,+,2
005101,08.05.26, 11:00,5,+,5,+,1,+,4,+,2,+,2
005100,08.05.26, 10:00,4,+,4,+,4,+,3,+,1,+,1
005099,08.05.26, 09:00,4,+,5,+,6,+,2,+,6,+,4
005098,08.05.26, 08:00,6,+,2,+,6,+,5,+,6,+,4
005097,08.05.26, 07:00,6,+,3,+,3,+,6,+,6,+,1
005096,08.05.26, 06:00,2,+,5,+,5,+,6,+,5,+,6
005095,08.05.26, 05:00,5,+,6,+,6,+,3,+,6,+,4
005094,08.05.26, 04:00,3,+,2,+,1,+,3,+,6,+,6
005093,08.05.26, 03:00,6,+,4,+,6,+,3,+,5,+,6
005092,08.05.26, 02:00,4,+,5,+,2,+,2,+,3,+,3
005091,08.05.26, 01:00,1,+,3,+,1,+,1,+,1,+,2
005090,08.05.26, 00:00,5,+,6,+,5,+,4,+,5,+,3
005089,07.05.26, 23:00,5,+,4,+,2,+,5,+,5,+,3
005088,07.05.26, 22:00,6,+,6,+,3,+,6,+,2,+,5
005087,07.05.26, 21:00,1,+,1,+,1,+,1,+,6,+,1
005086,07.05.26, 20:00,5,+,2,+,5,+,6,+,3,+,5
005085,07.05.26, 19:00,1,+,1,+,2,+,5,+,3,+,6
005084,07.05.26, 18:00,3,+,4,+,2,+,1,+,4,+,6
005083,07.05.26, 17:00,5,+,6,+,1,+,2,+,1,+,1
005082,07.05.26, 16:00,1,+,4,+,2,+,4,+,5,+,1
005081,07.05.26, 15:00,3,+,2,+,2,+,2,+,1,+,1
005080,07.05.26, 14:00,2,+,1,+,2,+,1,+,4,+,3
005079,07.05.26, 13:00,6,+,3,+,2,+,5,+,5,+,2
005078,07.05.26, 12:00,4,+,1,+,2,+,1,+,2,+,5
005077,07.05.26, 11:00,1,+,4,+,6,+,5,+,5,+,5
005076,07.05.26, 10:00,6,+,6,+,1,+,6,+,1,+,6
005075,07.05.26, 09:00,5,+,5,+,3,+,3,+,2,+,4
005074,07.05.26, 08:00,5,+,3,+,1,+,3,+,6,+,5
005073,07.05.26, 07:00,4,+,1,+,5,+,4,+,4,+,3
005072,07.05.26, 06:00,5,+,6,+,6,+,5,+,2,+,5
005071,07.05.26, 05:00,5,+,5,+,5,+,2,+,6,+,2
005070,07.05.26, 04:00,1,+,2,+,6,+,4,+,2,+,6
005069,07.05.26, 03:00,4,+,6,+,5,+,4,+,2,+,1
005068,07.05.26, 02:00,3,+,4,+,1,+,6,+,2,+,5
005067,07.05.26, 01:00,4,+,5,+,4,+,5,+,6,+,6
005066,07.05.26, 00:00,2,+,4,+,3,+,6,+,2,+,4
005065,06.05.26, 23:00,2,+,6,+,1,+,3,+,4,+,3
005064,06.05.26, 22:00,5,+,4,+,5,+,1,+,2,+,2
005063,06.05.26, 21:00,6,+,5,+,5,+,5,+,4,+,4
005062,06.05.26, 20:00,1,+,4,+,3,+,2,+,2,+,2
005061,06.05.26, 19:00,2,+,2,+,3,+,6,+,1,+,1
005060,06.05.26, 18:00,6,+,3,+,2,+,2,+,3,+,6
005059,06.05.26, 17:00,2,+,3,+,3,+,5,+,5,+,6
005058,06.05.26, 16:00,4,+,5,+,6,+,4,+,6,+,5
005057,06.05.26, 15:00,4,+,5,+,5,+,1,+,6,+,1
005056,06.05.26, 14:00,6,+,4,+,2,+,6,+,4,+,5
005055,06.05.26, 13:00,2,+,5,+,6,+,5,+,2,+,4
005054,06.05.26, 12:00,2,+,1,+,6,+,4,+,2,+,4
005053,06.05.26, 11:00,1,+,2,+,3,+,6,+,5,+,1
005052,06.05.26, 10:00,4,+,2,+,6,+,5,+,6,+,3
005051,06.05.26, 09:00,5,+,1,+,1,+,6,+,2,+,6
005050,06.05.26, 08:00,1,+,5,+,6,+,2,+,4,+,1
005049,06.05.26, 07:00,6,+,1,+,5,+,1,+,3,+,4
005048,06.05.26, 06:00,5,+,2,+,4,+,6,+,1,+,6
005047,06.05.26, 05:00,2,+,3,+,1,+,1,+,3,+,5
005046,06.05.26, 04:00,2,+,4,+,3,+,1,+,1,+,6
005045,06.05.26, 03:00,5,+,1,+,3,+,2,+,6,+,2
005044,06.05.26, 02:00,1,+,6,+,3,+,4,+,1,+,1
005043,06.05.26, 01:00,4,+,5,+,6,+,4,+,3,+,3
005042,06.05.26, 00:00,2,+,6,+,5,+,5,+,2,+,5
005041,05.05.26, 23:00,1,+,6,+,1,+,3,+,3,+,5
005040,05.05.26, 22:00,4,+,2,+,1,+,5,+,2,+,2
005039,05.05.26, 21:00,6,+,2,+,5,+,6,+,4,+,5
005038,05.05.26, 20:00,2,+,5,+,4,+,1,+,2,+,5
005037,05.05.26, 19:00,2,+,4,+,1,+,1,+,6,+,2
005036,05.05.26, 18:00,1,+,1,+,3,+,2,+,2,+,2
005035,05.05.26, 17:00,2,+,5,+,4,+,5,+,6,+,6
005034,05.05.26, 16:00,4,+,1,+,5,+,1,+,6,+,4
005033,05.05.26, 15:00,4,+,5,+,1,+,2,+,1,+,2
005032,05.05.26, 14:00,3,+,2,+,3,+,4,+,2,+,2
005031,05.05.26, 13:00,1,+,4,+,4,+,2,+,5,+,5
005030,05.05.26, 12:00,6,+,3,+,1,+,2,+,3,+,6
005029,05.05.26, 11:00,1,+,5,+,6,+,1,+,3,+,2
005028,05.05.26, 10:00,6,+,4,+,3,+,6,+,5,+,5
005027,05.05.26, 09:00,3,+,1,+,2,+,5,+,1,+,6
005026,05.05.26, 08:00,5,+,5,+,6,+,3,+,3,+,4
005025,05.05.26, 07:00,1,+,1,+,4,+,6,+,1,+,2
005024,05.05.26, 06:00,2,+,5,+,6,+,6,+,1,+,5
005023,05.05.26, 05:00,5,+,1,+,6,+,4,+,2,+,3
005022,05.05.26, 04:00,4,+,4,+,6,+,4,+,1,+,1
005021,05.05.26, 03:00,4,+,6,+,6,+,4,+,1,+,4
005020,05.05.26, 02:00,1,+,6,+,1,+,6,+,1,+,4
005019,05.05.26, 01:00,6,+,3,+,5,+,5,+,4,+,3
005018,05.05.26, 00:00,6,+,3,+,3,+,2,+,2,+,4
005017,04.05.26, 23:00,5,+,1,+,6,+,5,+,2,+,5
005016,04.05.26, 22:00,6,+,3,+,4,+,3,+,3,+,6
005015,04.05.26, 21:00,5,+,5,+,6,+,3,+,1,+,3
005014,04.05.26, 20:00,5,+,4,+,1,+,3,+,2,+,5
005013,04.05.26, 19:00,2,+,1,+,2,+,4,+,6,+,2
005012,04.05.26, 18:00,3,+,2,+,1,+,4,+,5,+,5
005011,04.05.26, 17:00,2,+,2,+,4,+,1,+,2,+,2
005010,04.05.26, 16:00,5,+,2,+,5,+,6,+,2,+,4
005009,04.05.26, 15:00,2,+,5,+,5,+,5,+,1,+,1
005008,04.05.26, 14:00,3,+,1,+,2,+,6,+,6,+,5
005007,04.05.26, 13:00,4,+,4,+,4,+,3,+,6,+,5
005006,04.05.26, 12:00,2,+,1,+,4,+,2,+,4,+,2
005005,04.05.26, 11:00,1,+,4,+,2,+,3,+,6,+,1
005004,04.05.26, 10:00,1,+,5,+,3,+,5,+,1,+,5
005003,04.05.26, 09:00,2,+,6,+,6,+,4,+,4,+,6
005002,04.05.26, 08:00,5,+,5,+,1,+,1,+,5,+,3
005001,04.05.26, 07:00,3,+,6,+,5,+,5,+,4,+,4
005000,04.05.26, 06:00,1,+,3,+,2,+,5,+,5,+,6
004999,04.05.26, 05:00,5,+,1,+,4,+,3,+,3,+,3
004998,04.05.26, 04:00,3,+,4,+,4,+,3,+,3,+,3
004997,04.05.26, 03:00,6,+,2,+,1,+,5,+,6,+,3
004996,04.05.26, 02:00,5,+,3,+,4,+,5,+,2,+,5
004995,04.05.26, 01:00,4,+,1,+,5,+,2,+,5,+,3
004994,04.05.26, 00:00,1,+,5,+,5,+,4,+,6,+,3
004993,03.05.26, 23:00,6,+,1,+,1,+,5,+,2,+,6
004992,03.05.26, 22:00,1,+,4,+,3,+,6,+,2,+,2
004991,03.05.26, 21:00,5,+,1,+,4,+,3,+,5,+,3
004990,03.05.26, 20:00,4,+,1,+,1,+,1,+,2,+,3
004989,03.05.26, 19:00,2,+,1,+,3,+,4,+,2,+,2
004988,03.05.26, 18:00,1,+,4,+,6,+,2,+,1,+,6
004987,03.05.26, 17:00,2,+,6,+,5,+,5,+,2,+,1
004986,03.05.26, 16:00,1,+,6,+,1,+,1,+,5,+,6
004985,03.05.26, 15:00,1,+,2,+,3,+,6,+,6,+,5
004984,03.05.26, 14:00,1,+,6,+,3,+,1,+,6,+,2
004983,03.05.26, 13:00,2,+,1,+,1,+,2,+,2,+,3
004982,03.05.26, 12:00,5,+,3,+,5,+,3,+,2,+,2
004981,03.05.26, 11:00,5,+,2,+,5,+,3,+,1,+,6
004980,03.05.26, 10:00,6,+,6,+,1,+,2,+,5,+,4
004979,03.05.26, 09:00,1,+,6,+,1,+,2,+,6,+,1
004978,03.05.26, 08:00,6,+,4,+,6,+,1,+,3,+,2
004977,03.05.26, 07:00,1,+,6,+,1,+,5,+,4,+,1
004976,03.05.26, 06:00,5,+,3,+,4,+,2,+,3,+,1
004975,03.05.26, 05:00,5,+,2,+,3,+,5,+,6,+,6
004974,03.05.26, 04:00,3,+,6,+,6,+,2,+,6,+,2
004973,03.05.26, 03:00,3,+,2,+,6,+,6,+,2,+,2
004972,03.05.26, 02:00,4,+,6,+,6,+,5,+,5,+,5
004971,03.05.26, 00:00,3,+,5,+,3,+,1,+,6,+,6
004970,02.05.26, 23:00,1,+,5,+,6,+,4,+,6,+,3
004969,02.05.26, 22:00,2,+,4,+,3,+,1,+,3,+,3
004968,02.05.26, 21:00,5,+,4,+,6,+,5,+,3,+,4
004967,02.05.26, 20:00,2,+,1,+,5,+,5,+,5,+,4
004966,02.05.26, 19:00,2,+,5,+,6,+,3,+,2,+,6
004965,02.05.26, 18:00,4,+,3,+,4,+,3,+,1,+,6
004964,02.05.26, 17:00,1,+,1,+,1,+,3,+,1,+,6
004963,02.05.26, 16:00,2,+,4,+,6,+,3,+,4,+,3
004962,02.05.26, 15:00,2,+,4,+,4,+,3,+,6,+,5
004961,02.05.26, 14:00,2,+,5,+,5,+,4,+,3,+,6
004960,02.05.26, 13:00,6,+,2,+,2,+,4,+,2,+,1
004959,02.05.26, 12:00,2,+,2,+,2,+,1,+,5,+,5
004958,02.05.26, 11:00,2,+,6,+,1,+,3,+,5,+,1
004957,02.05.26, 10:00,1,+,4,+,2,+,5,+,2,+,1
004956,02.05.26, 09:00,6,+,3,+,5,+,3,+,5,+,6
004955,02.05.26, 08:00,5,+,3,+,5,+,3,+,4,+,6
004954,02.05.26, 07:00,3,+,3,+,5,+,1,+,1,+,3
004953,02.05.26, 06:00,5,+,4,+,6,+,1,+,6,+,6
004952,02.05.26, 05:00,1,+,6,+,2,+,4,+,2,+,4
004951,02.05.26, 04:00,5,+,4,+,4,+,6,+,5,+,5
004950,02.05.26, 03:00,6,+,2,+,4,+,2,+,3,+,4
004949,02.05.26, 02:00,3,+,5,+,6,+,4,+,4,+,3
004948,02.05.26, 01:00,4,+,4,+,2,+,3,+,2,+,1
004947,02.05.26, 00:00,1,+,6,+,3,+,4,+,1,+,4
004946,01.05.26, 23:00,5,+,3,+,5,+,2,+,6,+,6
004945,01.05.26, 22:00,2,+,3,+,5,+,3,+,6,+,3
004944,01.05.26, 21:00,4,+,3,+,2,+,3,+,5,+,4
004943,01.05.26, 20:00,3,+,1,+,2,+,5,+,2,+,6
004942,01.05.26, 19:00,1,+,2,+,6,+,3,+,5,+,1
004941,01.05.26, 18:00,6,+,1,+,5,+,3,+,6,+,4
004940,01.05.26, 17:00,5,+,2,+,1,+,3,+,1,+,1
004939,01.05.26, 16:00,3,+,5,+,4,+,6,+,1,+,2
004938,01.05.26, 15:00,6,+,3,+,4,+,4,+,3,+,6
004937,01.05.26, 14:00,5,+,2,+,5,+,2,+,5,+,5
004936,01.05.26, 13:00,4,+,2,+,6,+,2,+,3,+,4
004935,01.05.26, 12:00,6,+,6,+,2,+,6,+,5,+,1
004934,01.05.26, 11:00,5,+,3,+,6,+,1,+,2,+,4
004933,01.05.26, 10:00,6,+,2,+,4,+,6,+,6,+,6
004932,01.05.26, 09:00,4,+,4,+,3,+,6,+,4,+,6
004931,01.05.26, 08:00,3,+,4,+,5,+,6,+,5,+,1
004930,01.05.26, 07:00,3,+,2,+,1,+,2,+,3,+,3
004929,01.05.26, 06:00,5,+,2,+,1,+,4,+,5,+,3
004928,01.05.26, 05:00,3,+,4,+,4,+,4,+,1,+,6
004927,01.05.26, 04:00,4,+,4,+,6,+,5,+,6,+,1
004926,01.05.26, 03:00,1,+,4,+,4,+,6,+,3,+,2
004925,01.05.26, 02:00,2,+,5,+,1,+,6,+,4,+,3
004924,01.05.26, 01:00,4,+,6,+,2,+,3,+,5,+,5
004923,01.05.26, 00:00,5,+,4,+,6,+,4,+,3,+,5
004922,30.04.26, 23:00,4,+,4,+,2,+,4,+,2,+,3
004921,30.04.26, 22:00,1,+,2,+,6,+,1,+,4,+,5
004920,30.04.26, 21:00,3,+,4,+,1,+,4,+,4,+,6
004919,30.04.26, 20:00,2,+,5,+,4,+,5,+,1,+,5
004918,30.04.26, 19:00,1,+,1,+,2,+,6,+,2,+,4
004917,30.04.26, 18:00,6,+,1,+,6,+,1,+,2,+,6
004916,30.04.26, 17:00,5,+,1,+,5,+,2,+,1,+,5
004915,30.04.26, 16:00,4,+,5,+,5,+,3,+,3,+,1
004914,30.04.26, 15:00,4,+,4,+,1,+,4,+,1,+,1
004913,30.04.26, 14:00,6,+,4,+,6,+,6,+,2,+,5
004912,30.04.26, 13:00,4,+,1,+,2,+,5,+,3,+,6
004911,30.04.26, 12:00,4,+,5,+,2,+,2,+,1,+,3
004910,30.04.26, 11:00,5,+,2,+,1,+,2,+,6,+,6
004909,30.04.26, 10:00,1,+,6,+,6,+,5,+,1,+,6
004908,30.04.26, 09:00,1,+,2,+,2,+,6,+,2,+,1
004907,30.04.26, 08:00,1,+,4,+,6,+,1,+,6,+,2
004906,30.04.26, 07:00,3,+,4,+,1,+,1,+,3,+,4
004905,30.04.26, 06:00,4,+,6,+,1,+,5,+,1,+,5
004904,30.04.26, 05:00,3,+,6,+,2,+,3,+,2,+,4
004903,30.04.26, 04:00,1,+,4,+,1,+,2,+,6,+,4
004902,30.04.26, 03:00,2,+,6,+,5,+,1,+,4,+,6
004901,30.04.26, 02:00,4,+,2,+,4,+,3,+,5,+,4
004900,30.04.26, 01:00,2,+,1,+,3,+,5,+,4,+,3
004899,30.04.26, 00:00,5,+,6,+,2,+,5,+,2,+,2
004898,29.04.26, 23:00,1,+,6,+,2,+,3,+,4,+,4
004897,29.04.26, 22:00,5,+,1,+,1,+,2,+,4,+,2
004896,29.04.26, 21:00,3,+,1,+,2,+,4,+,4,+,4
004895,29.04.26, 20:00,2,+,6,+,5,+,2,+,3,+,5
004894,29.04.26, 19:00,5,+,6,+,5,+,2,+,4,+,2
004893,29.04.26, 18:00,5,+,3,+,3,+,3,+,5,+,2
004892,29.04.26, 17:00,1,+,2,+,2,+,3,+,2,+,1
004891,29.04.26, 16:00,1,+,2,+,3,+,2,+,2,+,3
004890,29.04.26, 15:00,4,+,5,+,4,+,5,+,1,+,1
004889,29.04.26, 14:00,5,+,2,+,3,+,3,+,3,+,3
004888,29.04.26, 13:00,6,+,1,+,4,+,2,+,5,+,6
004887,29.04.26, 12:00,6,+,5,+,6,+,6,+,6,+,1
004886,29.04.26, 11:00,1,+,1,+,2,+,1,+,5,+,4
004885,29.04.26, 10:00,6,+,5,+,6,+,1,+,4,+,6
004884,29.04.26, 09:00,5,+,1,+,3,+,6,+,3,+,1
004883,29.04.26, 08:00,6,+,4,+,2,+,6,+,6,+,5
004882,29.04.26, 07:00,2,+,5,+,5,+,5,+,6,+,4
004881,29.04.26, 06:00,6,+,3,+,1,+,5,+,1,+,3
004880,29.04.26, 05:00,4,+,1,+,5,+,5,+,3,+,5
004879,29.04.26, 04:00,4,+,4,+,5,+,2,+,5,+,1
004878,29.04.26, 03:00,5,+,5,+,6,+,1,+,5,+,1
004877,29.04.26, 02:00,2,+,3,+,6,+,6,+,5,+,1
004876,29.04.26, 01:00,6,+,6,+,5,+,4,+,4,+,6
004875,29.04.26, 00:00,3,+,6,+,5,+,1,+,5,+,4
004874,28.04.26, 23:00,5,+,2,+,1,+,3,+,6,+,4
004873,28.04.26, 22:00,2,+,3,+,3,+,6,+,5,+,5
004872,28.04.26, 21:00,2,+,3,+,5,+,4,+,3,+,3
004871,28.04.26, 20:00,6,+,1,+,3,+,6,+,6,+,1
004870,28.04.26, 19:00,5,+,6,+,2,+,1,+,4,+,2
004869,28.04.26, 18:00,2,+,2,+,5,+,2,+,6,+,4
004868,28.04.26, 17:00,3,+,6,+,4,+,5,+,2,+,3
004867,28.04.26, 16:00,4,+,4,+,3,+,3,+,6,+,1
004866,28.04.26, 15:00,6,+,3,+,4,+,6,+,6,+,4
004865,28.04.26, 14:00,3,+,3,+,6,+,6,+,3,+,6
004864,28.04.26, 13:00,3,+,5,+,6,+,4,+,1,+,6
004863,28.04.26, 12:00,1,+,3,+,4,+,5,+,6,+,6
004862,28.04.26, 11:00,5,+,5,+,6,+,2,+,6,+,4
004861,28.04.26, 10:00,1,+,4,+,3,+,2,+,5,+,3
004860,28.04.26, 09:00,1,+,4,+,4,+,4,+,5,+,4
004859,28.04.26, 08:00,3,+,2,+,2,+,6,+,2,+,1
004858,28.04.26, 07:00,4,+,5,+,3,+,5,+,3,+,3
004857,28.04.26, 06:00,6,+,1,+,6,+,3,+,4,+,4
004856,28.04.26, 05:00,2,+,1,+,3,+,6,+,6,+,3
004855,28.04.26, 04:00,6,+,1,+,6,+,4,+,6,+,5
004854,28.04.26, 03:00,3,+,4,+,2,+,3,+,1,+,1
004853,28.04.26, 02:00,4,+,2,+,2,+,4,+,4,+,6
004852,28.04.26, 01:00,3,+,6,+,2,+,2,+,5,+,4
004851,28.04.26, 00:00,4,+,2,+,3,+,1,+,1,+,4
004850,27.04.26, 23:00,4,+,5,+,1,+,2,+,1,+,2
004849,27.04.26, 22:00,2,+,1,+,3,+,4,+,3,+,1
004848,27.04.26, 21:00,4,+,5,+,2,+,4,+,1,+,3
004847,27.04.26, 20:00,2,+,1,+,3,+,1,+,4,+,4
004846,27.04.26, 19:00,2,+,3,+,4,+,4,+,6,+,6
004845,27.04.26, 18:00,4,+,5,+,4,+,4,+,1,+,6
004844,27.04.26, 17:00,3,+,2,+,2,+,6,+,6,+,4
004843,27.04.26, 16:00,2,+,1,+,4,+,2,+,4,+,2
004842,27.04.26, 15:00,5,+,4,+,2,+,1,+,1,+,5
004841,27.04.26, 14:00,2,+,2,+,2,+,3,+,6,+,6
004840,27.04.26, 13:00,5,+,5,+,6,+,2,+,2,+,5
004839,27.04.26, 12:00,1,+,2,+,1,+,1,+,1,+,1
004838,27.04.26, 11:00,4,+,4,+,1,+,3,+,3,+,4
004837,27.04.26, 10:00,2,+,2,+,1,+,6,+,3,+,6
004836,27.04.26, 09:00,3,+,4,+,1,+,4,+,1,+,1
004835,27.04.26, 08:00,5,+,6,+,3,+,6,+,5,+,5
004834,27.04.26, 07:00,5,+,6,+,2,+,2,+,5,+,5
004833,27.04.26, 06:00,4,+,4,+,6,+,2,+,6,+,6
004832,27.04.26, 05:00,4,+,1,+,1,+,2,+,2,+,3
004831,27.04.26, 04:00,1,+,6,+,4,+,5,+,1,+,4
004830,27.04.26, 03:00,2,+,3,+,1,+,4,+,3,+,3
004829,27.04.26, 02:00,1,+,6,+,2,+,6,+,2,+,3
004828,27.04.26, 01:00,2,+,4,+,2,+,1,+,1,+,1
004827,27.04.26, 00:00,3,+,1,+,3,+,5,+,1,+,5
004826,26.04.26, 23:00,4,+,3,+,4,+,5,+,3,+,1
004825,26.04.26, 22:00,3,+,4,+,1,+,3,+,6,+,1
004824,26.04.26, 21:00,6,+,5,+,2,+,3,+,6,+,5
004823,26.04.26, 20:00,3,+,5,+,5,+,3,+,4,+,3
004822,26.04.26, 19:00,3,+,4,+,5,+,5,+,6,+,2
004821,26.04.26, 18:00,5,+,3,+,2,+,6,+,5,+,6
004820,26.04.26, 17:00,5,+,5,+,5,+,4,+,1,+,5
004819,26.04.26, 16:00,6,+,2,+,3,+,6,+,5,+,6
004818,26.04.26, 15:00,6,+,2,+,1,+,2,+,4,+,1
004817,26.04.26, 14:00,3,+,5,+,2,+,5,+,6,+,3
004816,26.04.26, 13:00,4,+,6,+,1,+,4,+,1,+,1
004815,26.04.26, 12:00,2,+,4,+,5,+,3,+,4,+,1
004814,26.04.26, 11:00,5,+,4,+,5,+,5,+,3,+,2
004813,26.04.26, 10:00,3,+,4,+,5,+,5,+,5,+,3
004812,26.04.26, 09:00,1,+,6,+,3,+,2,+,2,+,5
004811,26.04.26, 08:00,3,+,2,+,5,+,2,+,4,+,1
004810,26.04.26, 07:00,6,+,5,+,2,+,5,+,3,+,2
004809,26.04.26, 06:00,2,+,6,+,3,+,1,+,1,+,2
004808,26.04.26, 05:00,2,+,2,+,2,+,3,+,4,+,3
004807,26.04.26, 04:00,2,+,3,+,1,+,5,+,6,+,4
004806,26.04.26, 03:00,6,+,4,+,3,+,4,+,5,+,3
004805,26.04.26, 02:00,6,+,5,+,2,+,1,+,1,+,6
004804,26.04.26, 00:00,4,+,4,+,4,+,2,+,6,+,1
004803,25.04.26, 23:00,5,+,3,+,3,+,2,+,6,+,1
004802,25.04.26, 22:00,2,+,2,+,4,+,3,+,2,+,2
004801,25.04.26, 21:00,5,+,5,+,1,+,2,+,2,+,1
004800,25.04.26, 20:00,1,+,5,+,6,+,4,+,5,+,1
004799,25.04.26, 19:00,4,+,4,+,6,+,6,+,2,+,3
004798,25.04.26, 18:00,2,+,5,+,4,+,5,+,6,+,6
004797,25.04.26, 17:00,1,+,6,+,6,+,5,+,3,+,2
004796,25.04.26, 16:00,5,+,6,+,1,+,5,+,6,+,5
004795,25.04.26, 15:00,1,+,2,+,2,+,1,+,1,+,1
004794,25.04.26, 14:00,5,+,5,+,2,+,1,+,1,+,2
004793,25.04.26, 13:00,4,+,1,+,3,+,1,+,5,+,3
004792,25.04.26, 12:00,6,+,1,+,4,+,3,+,5,+,2
004791,25.04.26, 11:00,5,+,3,+,5,+,4,+,2,+,1
004790,25.04.26, 10:00,6,+,3,+,1,+,4,+,6,+,3
004789,25.04.26, 09:00,3,+,4,+,3,+,2,+,3,+,1
004788,25.04.26, 08:00,4,+,5,+,4,+,2,+,5,+,3
004787,25.04.26, 07:00,4,+,6,+,2,+,3,+,2,+,2
004786,25.04.26, 06:00,6,+,6,+,3,+,2,+,1,+,2
004785,25.04.26, 05:00,3,+,4,+,4,+,1,+,4,+,1
004784,25.04.26, 04:00,2,+,3,+,4,+,1,+,3,+,2
004783,25.04.26, 03:00,5,+,6,+,5,+,3,+,3,+,1
004782,25.04.26, 02:00,4,+,1,+,6,+,3,+,2,+,3
004781,25.04.26, 01:00,1,+,3,+,2,+,5,+,5,+,1
004780,25.04.26, 00:00,4,+,6,+,3,+,5,+,6,+,3
004779,24.04.26, 23:00,5,+,6,+,6,+,3,+,5,+,4
004778,24.04.26, 22:00,6,+,4,+,4,+,3,+,2,+,3
004777,24.04.26, 21:00,2,+,3,+,4,+,6,+,5,+,2
004776,24.04.26, 20:00,2,+,6,+,4,+,2,+,3,+,2
004775,24.04.26, 19:00,5,+,2,+,4,+,4,+,4,+,4
004774,24.04.26, 18:00,5,+,6,+,4,+,2,+,2,+,5
004773,24.04.26, 17:00,6,+,2,+,3,+,5,+,4,+,4
004772,24.04.26, 16:00,2,+,6,+,1,+,3,+,3,+,3
004771,24.04.26, 15:00,3,+,3,+,2,+,2,+,5,+,2
004770,24.04.26, 14:00,1,+,4,+,3,+,1,+,5,+,5
004769,24.04.26, 13:00,5,+,1,+,1,+,6,+,4,+,3
004768,24.04.26, 12:00,4,+,2,+,4,+,1,+,6,+,6
004767,24.04.26, 11:00,5,+,6,+,4,+,6,+,6,+,2
004766,24.04.26, 10:00,1,+,6,+,3,+,1,+,1,+,2
004765,24.04.26, 09:00,3,+,2,+,6,+,2,+,4,+,6
004764,24.04.26, 08:00,6,+,2,+,3,+,4,+,5,+,3
004763,24.04.26, 07:00,4,+,4,+,1,+,6,+,4,+,6
004762,24.04.26, 06:00,5,+,4,+,3,+,2,+,6,+,6
004761,24.04.26, 05:00,4,+,1,+,1,+,6,+,4,+,2
004760,24.04.26, 04:00,2,+,3,+,1,+,1,+,5,+,2
004759,24.04.26, 03:00,6,+,5,+,6,+,4,+,5,+,1
004758,24.04.26, 02:00,5,+,4,+,5,+,6,+,3,+,3
004757,24.04.26, 01:00,4,+,4,+,1,+,4,+,3,+,6
004756,24.04.26, 00:00,5,+,3,+,3,+,5,+,1,+,4
004755,23.04.26, 23:00,3,+,6,+,1,+,3,+,6,+,3
004754,23.04.26, 22:00,2,+,6,+,6,+,2,+,3,+,3
004753,23.04.26, 21:00,3,+,4,+,3,+,2,+,2,+,1
004752,23.04.26, 20:00,1,+,6,+,3,+,2,+,6,+,2
004751,23.04.26, 19:00,6,+,6,+,4,+,6,+,6,+,2
004750,23.04.26, 18:00,3,+,6,+,6,+,6,+,1,+,2
004749,23.04.26, 17:00,4,+,6,+,5,+,4,+,4,+,1
004748,23.04.26, 16:00,5,+,4,+,6,+,6,+,6,+,2
004747,23.04.26, 15:00,5,+,1,+,3,+,6,+,3,+,4
004746,23.04.26, 14:00,3,+,3,+,1,+,5,+,6,+,3
004745,23.04.26, 13:00,6,+,6,+,4,+,1,+,4,+,4
004744,23.04.26, 12:00,1,+,1,+,3,+,3,+,2,+,2
004743,23.04.26, 11:00,1,+,4,+,3,+,4,+,1,+,2
004742,23.04.26, 10:00,1,+,2,+,2,+,4,+,6,+,1
004741,23.04.26, 09:00,3,+,3,+,3,+,4,+,4,+,3
004740,23.04.26, 08:00,1,+,2,+,6,+,1,+,3,+,3
004739,23.04.26, 07:00,5,+,4,+,5,+,1,+,2,+,4
004738,23.04.26, 06:00,2,+,4,+,1,+,4,+,5,+,4
004737,23.04.26, 05:00,6,+,2,+,4,+,1,+,1,+,2
004736,23.04.26, 04:00,4,+,1,+,1,+,6,+,1,+,2
004735,23.04.26, 03:00,1,+,4,+,5,+,4,+,6,+,2
004734,23.04.26, 02:00,6,+,2,+,5,+,2,+,1,+,1
004733,23.04.26, 01:00,3,+,4,+,5,+,3,+,6,+,3
004732,23.04.26, 00:00,2,+,1,+,2,+,2,+,1,+,2
004731,22.04.26, 23:00,6,+,4,+,6,+,1,+,4,+,3
004730,22.04.26, 22:00,3,+,2,+,5,+,4,+,5,+,2
004729,22.04.26, 21:00,1,+,3,+,3,+,6,+,5,+,5
004728,22.04.26, 20:00,1,+,3,+,6,+,5,+,2,+,5
004727,22.04.26, 19:00,3,+,4,+,1,+,1,+,3,+,4
004726,22.04.26, 18:00,4,+,3,+,5,+,4,+,2,+,6
004725,22.04.26, 17:00,5,+,3,+,2,+,3,+,6,+,3
004724,22.04.26, 16:00,1,+,4,+,2,+,3,+,6,+,5
004723,22.04.26, 15:00,2,+,5,+,1,+,1,+,1,+,1
004722,22.04.26, 14:00,3,+,5,+,2,+,1,+,6,+,1
004721,22.04.26, 13:00,4,+,2,+,3,+,6,+,3,+,3
004720,22.04.26, 12:00,3,+,1,+,4,+,3,+,4,+,2
004719,22.04.26, 11:00,4,+,3,+,6,+,6,+,6,+,4
004718,22.04.26, 10:00,5,+,5,+,6,+,1,+,5,+,3
004717,22.04.26, 09:00,2,+,4,+,2,+,3,+,1,+,4
004716,22.04.26, 08:00,3,+,2,+,5,+,2,+,1,+,4
004715,22.04.26, 07:00,2,+,6,+,6,+,1,+,6,+,6
004714,22.04.26, 06:00,2,+,3,+,1,+,1,+,5,+,1
004713,22.04.26, 05:00,2,+,2,+,3,+,2,+,1,+,3
004712,22.04.26, 04:00,5,+,5,+,3,+,6,+,5,+,2
004711,22.04.26, 03:00,5,+,1,+,2,+,2,+,4,+,1
004710,22.04.26, 02:00,5,+,1,+,6,+,4,+,2,+,4
004709,22.04.26, 01:00,5,+,5,+,2,+,1,+,3,+,2
004708,22.04.26, 00:00,2,+,3,+,4,+,3,+,1,+,5
004707,21.04.26, 23:00,6,+,3,+,4,+,2,+,1,+,6
004706,21.04.26, 22:00,6,+,6,+,4,+,6,+,5,+,6
004705,21.04.26, 21:00,6,+,3,+,3,+,3,+,6,+,5
004704,21.04.26, 20:00,5,+,4,+,1,+,5,+,5,+,2
004703,21.04.26, 19:00,2,+,2,+,1,+,2,+,2,+,6
004702,21.04.26, 18:00,5,+,2,+,1,+,3,+,2,+,2
004701,21.04.26, 17:00,2,+,5,+,1,+,6,+,3,+,1
004700,21.04.26, 16:00,6,+,3,+,3,+,5,+,2,+,2
004699,21.04.26, 15:00,6,+,4,+,1,+,3,+,2,+,3
004698,21.04.26, 14:00,1,+,5,+,6,+,3,+,4,+,6
004697,21.04.26, 13:00,5,+,2,+,2,+,6,+,1,+,3
004696,21.04.26, 12:00,1,+,5,+,1,+,4,+,5,+,4
004695,21.04.26, 11:00,3,+,4,+,4,+,2,+,5,+,3
004694,21.04.26, 10:00,1,+,5,+,5,+,4,+,2,+,2
004693,21.04.26, 09:00,5,+,5,+,3,+,2,+,4,+,6
004692,21.04.26, 08:00,2,+,6,+,3,+,5,+,3,+,2
004691,21.04.26, 07:00,2,+,6,+,1,+,6,+,6,+,2
004690,21.04.26, 06:00,4,+,5,+,1,+,4,+,4,+,1
004689,21.04.26, 05:00,1,+,5,+,2,+,5,+,3,+,2
004688,21.04.26, 04:00,2,+,5,+,4,+,2,+,3,+,6
004687,21.04.26, 03:00,2,+,2,+,4,+,4,+,2,+,6
004686,21.04.26, 02:00,2,+,4,+,1,+,5,+,3,+,3
004685,21.04.26, 01:00,2,+,6,+,6,+,5,+,5,+,5
004684,21.04.26, 00:00,6,+,3,+,2,+,5,+,5,+,2
004683,20.04.26, 23:00,4,+,3,+,4,+,4,+,1,+,1
004682,20.04.26, 22:00,3,+,3,+,5,+,2,+,4,+,6
004681,20.04.26, 21:00,2,+,3,+,2,+,6,+,5,+,5
004680,20.04.26, 20:00,3,+,3,+,4,+,6,+,2,+,1
004679,20.04.26, 19:00,6,+,6,+,2,+,1,+,6,+,5
004678,20.04.26, 18:00,2,+,4,+,6,+,3,+,2,+,4
004677,20.04.26, 17:00,2,+,4,+,4,+,2,+,6,+,1
004676,20.04.26, 16:00,2,+,4,+,1,+,5,+,3,+,2
004675,20.04.26, 15:00,3,+,6,+,4,+,4,+,4,+,2
004674,20.04.26, 14:00,2,+,1,+,6,+,5,+,1,+,3
004673,20.04.26, 13:00,5,+,1,+,6,+,1,+,5,+,1
004672,20.04.26, 12:00,6,+,6,+,1,+,6,+,2,+,3
004671,20.04.26, 11:00,1,+,4,+,1,+,4,+,1,+,6
004670,20.04.26, 10:00,3,+,3,+,6,+,4,+,5,+,1
004669,20.04.26, 09:00,6,+,5,+,2,+,4,+,3,+,2
004668,20.04.26, 08:00,4,+,4,+,1,+,2,+,3,+,1
004667,20.04.26, 07:00,6,+,6,+,3,+,4,+,1,+,3
004666,20.04.26, 06:00,2,+,3,+,3,+,1,+,6,+,1
004665,20.04.26, 05:00,6,+,2,+,4,+,1,+,6,+,6
004664,20.04.26, 04:00,3,+,6,+,2,+,3,+,1,+,6
004663,20.04.26, 03:00,6,+,1,+,6,+,1,+,3,+,4
004662,20.04.26, 02:00,4,+,1,+,3,+,3,+,5,+,3
004661,20.04.26, 01:00,4,+,3,+,5,+,1,+,5,+,1
004660,20.04.26, 00:00,1,+,6,+,5,+,5,+,1,+,5
004659,19.04.26, 23:00,2,+,3,+,5,+,3,+,1,+,4
004658,19.04.26, 22:00,2,+,5,+,3,+,3,+,1,+,5
004657,19.04.26, 21:00,2,+,2,+,4,+,6,+,2,+,6
004656,19.04.26, 20:00,3,+,4,+,4,+,6,+,6,+,3
004655,19.04.26, 19:00,4,+,5,+,5,+,1,+,2,+,4
004654,19.04.26, 18:00,4,+,3,+,1,+,3,+,2,+,4
004653,19.04.26, 17:00,1,+,1,+,3,+,5,+,5,+,5
004652,19.04.26, 16:00,4,+,2,+,6,+,5,+,6,+,3
004651,19.04.26, 15:00,6,+,5,+,5,+,6,+,5,+,5
004650,19.04.26, 14:00,4,+,3,+,5,+,1,+,4,+,1
004649,19.04.26, 13:00,4,+,3,+,4,+,4,+,5,+,4
004648,19.04.26, 12:00,2,+,4,+,1,+,2,+,1,+,2
004647,19.04.26, 11:00,6,+,5,+,3,+,4,+,6,+,3
004646,19.04.26, 10:00,5,+,5,+,6,+,1,+,5,+,4
004645,19.04.26, 09:00,4,+,1,+,4,+,1,+,2,+,1
004644,19.04.26, 08:00,4,+,4,+,1,+,5,+,5,+,3
004643,19.04.26, 07:00,2,+,5,+,6,+,6,+,6,+,1
004642,19.04.26, 06:00,3,+,2,+,6,+,2,+,2,+,6
004641,19.04.26, 05:00,1,+,5,+,5,+,2,+,1,+,4
004640,19.04.26, 04:00,1,+,4,+,3,+,5,+,3,+,6
004639,19.04.26, 03:00,4,+,4,+,3,+,5,+,5,+,1
004638,19.04.26, 02:00,4,+,6,+,1,+,4,+,3,+,4
004637,19.04.26, 00:00,6,+,2,+,1,+,2,+,2,+,3
004636,18.04.26, 23:00,6,+,4,+,3,+,3,+,4,+,4
004635,18.04.26, 22:00,6,+,2,+,3,+,2,+,6,+,5
004634,18.04.26, 21:00,3,+,3,+,4,+,2,+,6,+,4
004633,18.04.26, 20:00,4,+,6,+,5,+,3,+,6,+,4
004632,18.04.26, 19:00,2,+,1,+,6,+,3,+,3,+,2
004631,18.04.26, 18:00,3,+,1,+,6,+,4,+,4,+,1
004630,18.04.26, 17:00,1,+,4,+,1,+,3,+,3,+,6
004629,18.04.26, 16:00,4,+,1,+,3,+,6,+,5,+,2
004628,18.04.26, 15:00,6,+,6,+,4,+,1,+,4,+,1
004627,18.04.26, 14:00,2,+,5,+,4,+,5,+,1,+,5
004626,18.04.26, 13:00,6,+,4,+,6,+,6,+,4,+,6
004625,18.04.26, 12:00,1,+,6,+,2,+,2,+,1,+,5
004624,18.04.26, 11:00,5,+,4,+,4,+,5,+,6,+,3
004623,18.04.26, 10:00,5,+,3,+,3,+,1,+,5,+,3
004622,18.04.26, 09:00,1,+,6,+,3,+,5,+,6,+,1
004621,18.04.26, 08:00,3,+,5,+,6,+,6,+,4,+,4
004620,18.04.26, 07:00,5,+,5,+,4,+,5,+,2,+,4
004619,18.04.26, 06:00,4,+,6,+,6,+,4,+,5,+,6
004618,18.04.26, 05:00,1,+,3,+,2,+,2,+,5,+,6
004617,18.04.26, 04:00,5,+,2,+,5,+,4,+,3,+,1
004616,18.04.26, 03:00,1,+,2,+,3,+,6,+,6,+,3
004615,18.04.26, 02:00,6,+,3,+,5,+,3,+,1,+,5
004614,18.04.26, 01:00,1,+,2,+,1,+,1,+,4,+,2
004613,18.04.26, 00:00,5,+,3,+,3,+,3,+,6,+,3
004612,17.04.26, 23:00,4,+,6,+,1,+,2,+,2,+,4
004611,17.04.26, 22:00,5,+,4,+,6,+,5,+,1,+,6
004610,17.04.26, 21:00,1,+,5,+,5,+,1,+,1,+,4
004609,17.04.26, 20:00,6,+,4,+,4,+,5,+,5,+,5
004608,17.04.26, 19:00,2,+,3,+,2,+,1,+,4,+,3
004607,17.04.26, 18:00,2,+,6,+,3,+,4,+,3,+,4
004606,17.04.26, 17:00,1,+,1,+,4,+,2,+,2,+,1
004605,17.04.26, 16:00,1,+,1,+,1,+,3,+,1,+,2
004604,17.04.26, 15:00,5,+,4,+,3,+,3,+,2,+,5
004603,17.04.26, 14:00,4,+,5,+,1,+,2,+,1,+,4
004602,17.04.26, 13:00,5,+,2,+,1,+,6,+,4,+,1
004601,17.04.26, 12:00,1,+,3,+,4,+,3,+,4,+,4
004600,17.04.26, 11:00,3,+,2,+,3,+,2,+,2,+,2
004599,17.04.26, 10:00,4,+,6,+,2,+,6,+,4,+,2
004598,17.04.26, 09:00,3,+,6,+,3,+,5,+,6,+,3
004597,17.04.26, 08:00,3,+,6,+,6,+,2,+,2,+,5
004596,17.04.26, 07:00,2,+,5,+,3,+,1,+,3,+,6
004595,17.04.26, 06:00,4,+,3,+,3,+,5,+,3,+,6
004594,17.04.26, 05:00,5,+,6,+,6,+,2,+,2,+,2
004593,17.04.26, 04:00,6,+,5,+,3,+,5,+,3,+,1
004592,17.04.26, 03:00,5,+,1,+,2,+,5,+,4,+,1
004591,17.04.26, 02:00,6,+,3,+,6,+,5,+,3,+,1
004590,17.04.26, 01:00,4,+,1,+,6,+,5,+,5,+,1
004589,17.04.26, 00:00,3,+,1,+,6,+,3,+,4,+,6
004588,16.04.26, 23:00,5,+,4,+,6,+,2,+,4,+,1
004587,16.04.26, 22:00,3,+,1,+,4,+,1,+,3,+,6
004586,16.04.26, 21:00,3,+,2,+,3,+,4,+,5,+,5
004585,16.04.26, 20:00,2,+,4,+,4,+,3,+,6,+,4
004584,16.04.26, 19:00,1,+,5,+,3,+,4,+,4,+,6
004583,16.04.26, 18:00,1,+,4,+,5,+,2,+,6,+,4
004582,16.04.26, 17:00,2,+,4,+,6,+,4,+,5,+,6
004581,16.04.26, 16:00,5,+,2,+,6,+,6,+,6,+,1
004580,16.04.26, 15:00,4,+,2,+,2,+,4,+,2,+,2
004579,16.04.26, 14:00,5,+,1,+,3,+,5,+,4,+,3
004578,16.04.26, 13:00,4,+,2,+,5,+,1,+,2,+,3
004577,16.04.26, 12:00,6,+,6,+,5,+,5,+,2,+,3
004576,16.04.26, 11:00,5,+,1,+,1,+,2,+,5,+,1
004575,16.04.26, 10:00,6,+,1,+,1,+,4,+,5,+,1
004574,16.04.26, 09:00,1,+,2,+,6,+,3,+,3,+,5
004573,16.04.26, 08:00,4,+,6,+,1,+,3,+,3,+,6
004572,16.04.26, 07:00,4,+,2,+,4,+,5,+,1,+,3
004571,16.04.26, 06:00,3,+,2,+,3,+,5,+,3,+,1
004570,16.04.26, 05:00,3,+,2,+,6,+,6,+,2,+,5
004569,16.04.26, 04:00,5,+,3,+,4,+,3,+,3,+,1
004568,16.04.26, 03:00,1,+,5,+,1,+,6,+,6,+,6
004567,16.04.26, 02:00,6,+,4,+,6,+,6,+,3,+,2
004566,16.04.26, 01:00,4,+,1,+,3,+,3,+,6,+,5
004565,16.04.26, 00:00,2,+,1,+,5,+,4,+,2,+,2
004564,15.04.26, 23:00,3,+,3,+,1,+,6,+,3,+,5
004563,15.04.26, 22:00,3,+,5,+,3,+,1,+,3,+,6
004562,15.04.26, 21:00,6,+,5,+,6,+,3,+,3,+,1
004561,15.04.26, 20:00,3,+,4,+,2,+,2,+,3,+,4
004560,15.04.26, 19:00,6,+,6,+,6,+,6,+,3,+,4
004559,15.04.26, 18:00,6,+,5,+,6,+,4,+,6,+,2
004558,15.04.26, 17:00,1,+,1,+,3,+,3,+,2,+,2
004557,15.04.26, 16:00,6,+,5,+,2,+,1,+,2,+,1
004556,15.04.26, 15:00,1,+,1,+,4,+,5,+,3,+,4
004555,15.04.26, 14:00,3,+,6,+,6,+,6,+,6,+,2
004554,15.04.26, 13:00,6,+,6,+,6,+,4,+,2,+,6
004553,15.04.26, 12:00,1,+,3,+,6,+,1,+,2,+,3
004552,15.04.26, 11:00,2,+,2,+,3,+,4,+,1,+,6
004551,15.04.26, 10:00,5,+,3,+,4,+,1,+,2,+,5
004550,15.04.26, 09:00,6,+,1,+,3,+,6,+,4,+,1
004549,15.04.26, 08:00,4,+,6,+,1,+,3,+,3,+,6
004548,15.04.26, 07:00,3,+,6,+,5,+,6,+,6,+,6
004547,15.04.26, 06:00,5,+,2,+,4,+,6,+,1,+,3
004546,15.04.26, 05:00,3,+,1,+,5,+,1,+,4,+,3
004545,15.04.26, 04:00,1,+,1,+,4,+,1,+,6,+,1
004544,15.04.26, 03:00,2,+,5,+,2,+,4,+,3,+,3
004543,15.04.26, 02:00,2,+,5,+,6,+,3,+,4,+,2
004542,15.04.26, 01:00,4,+,2,+,6,+,6,+,3,+,6
004541,15.04.26, 00:00,2,+,6,+,5,+,6,+,4,+,3
004540,14.04.26, 23:00,5,+,5,+,5,+,1,+,5,+,2
004539,14.04.26, 22:00,2,+,4,+,4,+,2,+,3,+,1
004538,14.04.26, 21:00,4,+,2,+,2,+,3,+,5,+,3
004537,14.04.26, 20:00,6,+,4,+,6,+,5,+,3,+,6
004536,14.04.26, 19:00,5,+,5,+,4,+,3,+,3,+,4
004535,14.04.26, 18:00,2,+,4,+,4,+,2,+,3,+,5
004534,14.04.26, 17:00,2,+,4,+,2,+,1,+,1,+,5
004533,14.04.26, 16:00,5,+,2,+,6,+,1,+,1,+,6
004532,14.04.26, 15:00,4,+,1,+,3,+,3,+,4,+,2
004531,14.04.26, 14:00,6,+,6,+,5,+,6,+,3,+,1
004530,14.04.26, 13:00,1,+,2,+,6,+,3,+,2,+,5
004529,14.04.26, 12:00,6,+,1,+,3,+,2,+,1,+,3
004528,14.04.26, 11:00,3,+,6,+,2,+,6,+,2,+,6
004527,14.04.26, 10:00,2,+,6,+,1,+,5,+,1,+,6
004526,14.04.26, 09:00,2,+,2,+,4,+,1,+,1,+,5
004525,14.04.26, 08:00,1,+,3,+,2,+,4,+,2,+,4
004524,14.04.26, 07:00,3,+,5,+,2,+,6,+,5,+,6
004523,14.04.26, 06:00,4,+,5,+,5,+,3,+,5,+,4
004522,14.04.26, 05:00,3,+,5,+,6,+,3,+,3,+,3
004521,14.04.26, 04:00,4,+,3,+,6,+,3,+,5,+,5
004520,14.04.26, 03:00,6,+,4,+,5,+,1,+,1,+,6
004519,14.04.26, 02:00,4,+,6,+,4,+,4,+,3,+,3
004518,14.04.26, 01:00,2,+,2,+,2,+,3,+,1,+,3
004517,14.04.26, 00:00,6,+,2,+,1,+,1,+,1,+,5
004516,13.04.26, 23:00,3,+,3,+,3,+,3,+,4,+,3
004515,13.04.26, 22:00,6,+,3,+,4,+,1,+,4,+,1
004514,13.04.26, 21:00,5,+,2,+,4,+,4,+,3,+,4
004513,13.04.26, 20:00,1,+,1,+,5,+,1,+,4,+,5
004512,13.04.26, 19:00,4,+,1,+,6,+,3,+,3,+,4
004511,13.04.26, 18:00,5,+,1,+,6,+,4,+,1,+,5
004510,13.04.26, 17:00,3,+,1,+,6,+,6,+,1,+,2
004509,13.04.26, 16:00,3,+,6,+,5,+,4,+,3,+,3
004508,13.04.26, 15:00,4,+,5,+,4,+,4,+,4,+,2
004507,13.04.26, 14:00,1,+,5,+,3,+,5,+,6,+,5
004506,13.04.26, 13:00,4,+,3,+,1,+,6,+,1,+,5
004505,13.04.26, 12:00,4,+,2,+,5,+,5,+,3,+,5
004504,13.04.26, 11:00,2,+,2,+,4,+,6,+,5,+,2
004503,13.04.26, 10:00,3,+,4,+,1,+,1,+,3,+,3
004502,13.04.26, 09:00,2,+,3,+,5,+,1,+,4,+,2
004501,13.04.26, 08:00,2,+,1,+,3,+,1,+,4,+,6
004500,13.04.26, 07:00,3,+,5,+,4,+,2,+,3,+,3
004499,13.04.26, 06:00,4,+,5,+,5,+,1,+,4,+,2
004498,13.04.26, 05:00,1,+,4,+,5,+,5,+,1,+,4
004497,13.04.26, 04:00,6,+,1,+,4,+,1,+,3,+,3
004496,13.04.26, 03:00,6,+,4,+,1,+,5,+,4,+,3
004495,13.04.26, 02:00,5,+,1,+,1,+,3,+,2,+,3
004494,13.04.26, 01:00,3,+,3,+,1,+,2,+,5,+,1
004493,13.04.26, 00:00,1,+,4,+,2,+,6,+,6,+,3
004492,12.04.26, 23:00,6,+,2,+,5,+,6,+,5,+,3
004491,12.04.26, 22:00,2,+,2,+,5,+,6,+,4,+,6
004490,12.04.26, 21:00,6,+,6,+,5,+,4,+,1,+,2
004489,12.04.26, 20:00,3,+,1,+,5,+,6,+,6,+,2
004488,12.04.26, 19:00,1,+,1,+,6,+,5,+,2,+,6
004487,12.04.26, 18:00,1,+,6,+,1,+,1,+,4,+,3
004486,12.04.26, 17:00,1,+,2,+,2,+,2,+,1,+,3
004485,12.04.26, 16:00,1,+,5,+,4,+,6,+,4,+,3
004484,12.04.26, 15:00,2,+,3,+,3,+,4,+,5,+,1
004483,12.04.26, 14:00,3,+,2,+,3,+,2,+,6,+,4
004482,12.04.26, 13:00,4,+,6,+,3,+,2,+,1,+,3
004481,12.04.26, 12:00,3,+,1,+,2,+,3,+,2,+,6
004480,12.04.26, 11:00,6,+,6,+,1,+,2,+,6,+,6
004479,12.04.26, 10:00,6,+,2,+,5,+,6,+,3,+,5
004478,12.04.26, 09:00,1,+,3,+,4,+,4,+,5,+,1
004477,12.04.26, 08:00,4,+,1,+,3,+,4,+,2,+,5
004476,12.04.26, 07:00,6,+,2,+,3,+,6,+,1,+,3
004475,12.04.26, 06:00,3,+,5,+,5,+,5,+,3,+,1
004474,12.04.26, 05:00,6,+,3,+,4,+,3,+,1,+,3
004473,12.04.26, 04:00,6,+,6,+,6,+,4,+,2,+,6
004472,12.04.26, 03:00,5,+,6,+,6,+,6,+,5,+,3
004471,12.04.26, 02:00,4,+,6,+,5,+,6,+,2,+,5
004470,12.04.26, 00:00,4,+,4,+,2,+,2,+,1,+,1
004469,11.04.26, 23:00,6,+,3,+,4,+,3,+,1,+,6
004468,11.04.26, 22:00,6,+,6,+,1,+,1,+,6,+,3
004467,11.04.26, 21:00,3,+,5,+,5,+,1,+,5,+,4
004466,11.04.26, 20:00,1,+,6,+,2,+,6,+,1,+,1
004465,11.04.26, 19:00,5,+,3,+,6,+,1,+,4,+,2
004464,11.04.26, 18:00,3,+,1,+,5,+,3,+,3,+,4
004463,11.04.26, 17:00,5,+,1,+,6,+,3,+,2,+,5
004462,11.04.26, 16:00,5,+,1,+,3,+,2,+,6,+,5
004461,11.04.26, 15:00,6,+,5,+,3,+,1,+,5,+,2
004460,11.04.26, 14:00,4,+,1,+,4,+,2,+,4,+,4
004459,11.04.26, 13:00,1,+,5,+,2,+,5,+,4,+,4
004458,11.04.26, 12:00,5,+,5,+,1,+,2,+,4,+,2
004457,11.04.26, 11:00,3,+,5,+,2,+,4,+,5,+,6
004456,11.04.26, 10:00,2,+,3,+,1,+,3,+,4,+,1
004455,11.04.26, 09:00,2,+,2,+,2,+,1,+,6,+,5
004454,11.04.26, 08:00,2,+,2,+,5,+,6,+,6,+,4
004453,11.04.26, 07:00,2,+,1,+,3,+,5,+,4,+,4
004452,11.04.26, 06:00,2,+,4,+,4,+,1,+,4,+,4
004451,11.04.26, 05:00,4,+,5,+,5,+,1,+,4,+,6
004450,11.04.26, 04:00,5,+,1,+,2,+,4,+,5,+,6
004449,11.04.26, 03:00,4,+,2,+,5,+,6,+,6,+,2
004448,11.04.26, 02:00,4,+,1,+,1,+,1,+,3,+,2
004447,11.04.26, 01:00,6,+,1,+,6,+,6,+,5,+,6
004446,11.04.26, 00:00,6,+,4,+,2,+,2,+,3,+,2
004445,10.04.26, 23:00,4,+,2,+,5,+,6,+,1,+,6
004444,10.04.26, 22:00,6,+,3,+,3,+,4,+,4,+,2
004443,10.04.26, 21:00,6,+,4,+,2,+,2,+,3,+,6
004442,10.04.26, 20:00,5,+,5,+,2,+,5,+,6,+,1
004441,10.04.26, 19:00,2,+,1,+,3,+,6,+,5,+,3
004440,10.04.26, 18:00,2,+,3,+,4,+,1,+,3,+,6
004439,10.04.26, 17:00,2,+,5,+,1,+,2,+,3,+,4
004438,10.04.26, 16:00,6,+,4,+,5,+,3,+,2,+,4
004437,10.04.26, 15:00,4,+,4,+,6,+,5,+,6,+,2
004436,10.04.26, 14:00,3,+,6,+,4,+,1,+,5,+,6
004435,10.04.26, 13:00,2,+,6,+,6,+,5,+,2,+,4
004434,10.04.26, 12:00,5,+,4,+,5,+,6,+,4,+,5
004433,10.04.26, 11:00,4,+,2,+,5,+,6,+,3,+,6
004432,10.04.26, 10:00,5,+,3,+,4,+,6,+,2,+,5
004431,10.04.26, 09:00,4,+,1,+,2,+,6,+,4,+,2
004430,10.04.26, 08:00,5,+,6,+,6,+,3,+,6,+,6
004429,10.04.26, 07:00,4,+,3,+,3,+,6,+,4,+,1
004428,10.04.26, 06:00,3,+,6,+,2,+,4,+,4,+,3
004427,10.04.26, 05:00,6,+,3,+,3,+,6,+,5,+,1
004426,10.04.26, 04:00,4,+,4,+,4,+,4,+,4,+,5
004425,10.04.26, 03:00,2,+,4,+,6,+,6,+,2,+,3
004424,10.04.26, 02:00,4,+,1,+,2,+,3,+,6,+,4
004423,10.04.26, 01:00,6,+,1,+,3,+,3,+,6,+,2
004422,10.04.26, 00:00,1,+,3,+,1,+,2,+,3,+,3
004421,09.04.26, 23:30,2,+,2,+,6,+,2,+,6,+,2
004420,09.04.26, 23:00,1,+,3,+,6,+,6,+,6,+,3
004419,09.04.26, 22:00,6,+,2,+,4,+,1,+,1,+,4
004418,09.04.26, 21:30,1,+,3,+,1,+,4,+,6,+,6
004417,09.04.26, 21:00,1,+,4,+,3,+,4,+,6,+,3
004416,09.04.26, 20:30,5,+,5,+,2,+,6,+,3,+,2
004415,09.04.26, 20:00,1,+,5,+,2,+,6,+,6,+,2
004414,09.04.26, 19:00,3,+,1,+,4,+,5,+,3,+,6
004413,09.04.26, 18:30,1,+,4,+,5,+,1,+,3,+,3
004412,09.04.26, 18:00,4,+,2,+,3,+,6,+,6,+,4
004411,09.04.26, 17:30,2,+,5,+,5,+,3,+,5,+,5
004410,09.04.26, 17:00,6,+,4,+,4,+,5,+,4,+,4
004409,09.04.26, 16:00,4,+,5,+,4,+,6,+,5,+,6
004408,09.04.26, 15:00,5,+,4,+,2,+,1,+,3,+,4
004407,09.04.26, 14:30,1,+,6,+,6,+,3,+,6,+,6
004406,09.04.26, 14:00,4,+,6,+,2,+,5,+,2,+,1
004405,09.04.26, 13:30,6,+,2,+,3,+,6,+,2,+,1
004404,09.04.26, 13:00,1,+,6,+,1,+,3,+,2,+,1
004403,09.04.26, 12:00,1,+,4,+,5,+,4,+,4,+,2
004402,09.04.26, 11:30,1,+,5,+,5,+,6,+,3,+,5
004401,09.04.26, 11:00,2,+,1,+,5,+,2,+,4,+,2
004400,09.04.26, 10:00,6,+,4,+,1,+,6,+,4,+,6
004399,09.04.26, 09:30,5,+,1,+,3,+,5,+,6,+,6
004398,09.04.26, 09:00,3,+,2,+,6,+,5,+,6,+,5
004397,09.04.26, 08:30,1,+,5,+,3,+,2,+,2,+,4
004396,09.04.26, 08:00,1,+,3,+,1,+,4,+,4,+,3
004395,09.04.26, 07:00,2,+,4,+,2,+,6,+,6,+,2
004394,09.04.26, 06:00,6,+,5,+,2,+,6,+,2,+,5
004393,09.04.26, 05:30,1,+,2,+,2,+,1,+,4,+,3
004392,09.04.26, 05:00,1,+,4,+,4,+,2,+,3,+,1
004391,09.04.26, 04:30,2,+,6,+,4,+,1,+,5,+,4
004390,09.04.26, 04:00,1,+,4,+,4,+,3,+,2,+,4
004389,09.04.26, 03:00,4,+,1,+,6,+,3,+,5,+,2
004388,09.04.26, 02:30,3,+,1,+,2,+,1,+,2,+,6
004387,09.04.26, 02:00,2,+,5,+,1,+,6,+,3,+,1
004386,09.04.26, 01:00,1,+,5,+,4,+,6,+,2,+,1
004385,09.04.26, 00:30,3,+,6,+,6,+,4,+,6,+,3
004384,09.04.26, 00:00,4,+,4,+,4,+,5,+,1,+,2
004383,08.04.26, 23:00,2,+,1,+,2,+,5,+,5,+,6
004382,08.04.26, 22:00,6,+,1,+,3,+,3,+,5,+,4
004381,08.04.26, 21:30,1,+,4,+,6,+,2,+,2,+,4
004380,08.04.26, 21:00,5,+,3,+,4,+,5,+,5,+,3
004379,08.04.26, 20:30,5,+,6,+,3,+,4,+,4,+,3
004378,08.04.26, 20:00,5,+,2,+,5,+,2,+,6,+,1
004377,08.04.26, 19:00,1,+,6,+,6,+,3,+,3,+,4
004376,08.04.26, 18:30,1,+,2,+,2,+,4,+,4,+,2
004375,08.04.26, 18:00,3,+,6,+,4,+,1,+,5,+,5
004374,08.04.26, 17:30,3,+,5,+,3,+,5,+,4,+,1
004373,08.04.26, 17:00,4,+,2,+,2,+,3,+,2,+,2
004372,08.04.26, 16:00,5,+,4,+,1,+,6,+,1,+,2
004371,08.04.26, 15:00,2,+,1,+,4,+,4,+,4,+,6
004370,08.04.26, 14:30,6,+,6,+,2,+,1,+,5,+,3
004369,08.04.26, 14:00,5,+,6,+,1,+,2,+,1,+,3
004368,08.04.26, 13:30,6,+,6,+,4,+,4,+,1,+,6
004367,08.04.26, 13:00,3,+,5,+,1,+,5,+,4,+,4
004366,08.04.26, 12:00,1,+,3,+,3,+,4,+,5,+,1
004365,08.04.26, 11:30,4,+,6,+,2,+,2,+,3,+,5
004364,08.04.26, 11:00,6,+,6,+,3,+,1,+,2,+,5
004363,08.04.26, 10:00,4,+,6,+,2,+,4,+,4,+,3
004362,08.04.26, 09:30,1,+,1,+,5,+,3,+,2,+,6
004361,08.04.26, 09:00,3,+,3,+,6,+,1,+,4,+,6
004360,08.04.26, 08:30,3,+,2,+,2,+,3,+,2,+,5
004359,08.04.26, 08:00,3,+,6,+,6,+,5,+,5,+,3
004358,08.04.26, 07:00,1,+,2,+,3,+,6,+,4,+,2
004357,08.04.26, 06:00,5,+,6,+,2,+,1,+,6,+,5
004356,08.04.26, 05:30,6,+,5,+,5,+,1,+,3,+,2
004355,08.04.26, 05:00,2,+,3,+,5,+,4,+,2,+,2
004354,08.04.26, 04:30,5,+,5,+,2,+,2,+,3,+,5
004353,08.04.26, 04:00,5,+,3,+,1,+,2,+,1,+,3
004352,08.04.26, 03:00,5,+,3,+,6,+,5,+,2,+,1
004351,08.04.26, 02:30,3,+,2,+,4,+,6,+,4,+,6
004350,08.04.26, 02:00,4,+,5,+,6,+,6,+,3,+,3
004349,08.04.26, 01:00,4,+,1,+,1,+,6,+,1,+,2
004348,08.04.26, 00:30,5,+,4,+,4,+,2,+,5,+,2
004347,08.04.26, 00:00,1,+,3,+,4,+,3,+,5,+,6
004346,07.04.26, 23:00,6,+,2,+,3,+,6,+,3,+,2
004345,07.04.26, 22:00,3,+,2,+,3,+,5,+,6,+,4
004344,07.04.26, 21:30,2,+,1,+,4,+,5,+,3,+,6
004343,07.04.26, 21:00,3,+,4,+,3,+,1,+,6,+,1
004342,07.04.26, 20:30,4,+,3,+,3,+,3,+,3,+,3
004341,07.04.26, 20:00,6,+,2,+,3,+,1,+,2,+,1
004340,07.04.26, 19:00,1,+,5,+,2,+,5,+,1,+,5
004339,07.04.26, 18:30,5,+,5,+,6,+,1,+,6,+,2
004338,07.04.26, 18:00,6,+,5,+,4,+,3,+,5,+,3
004337,07.04.26, 17:30,5,+,3,+,3,+,5,+,3,+,6
004336,07.04.26, 17:00,2,+,2,+,4,+,2,+,4,+,4
004335,07.04.26, 16:00,6,+,4,+,5,+,5,+,6,+,6
004334,07.04.26, 15:00,3,+,4,+,6,+,6,+,3,+,6
004333,07.04.26, 14:30,6,+,2,+,3,+,5,+,3,+,2
004332,07.04.26, 14:00,1,+,6,+,1,+,6,+,3,+,3
004331,07.04.26, 13:30,5,+,5,+,2,+,6,+,6,+,4
004330,07.04.26, 13:00,1,+,1,+,5,+,2,+,3,+,6
004329,07.04.26, 12:00,6,+,1,+,4,+,6,+,6,+,3
004328,07.04.26, 11:30,2,+,3,+,4,+,3,+,5,+,4
004327,07.04.26, 11:00,6,+,2,+,6,+,5,+,4,+,1
004326,07.04.26, 10:00,1,+,6,+,2,+,5,+,5,+,3
004325,07.04.26, 09:30,2,+,2,+,2,+,5,+,6,+,2
004324,07.04.26, 09:00,5,+,1,+,5,+,5,+,4,+,6
004323,07.04.26, 08:30,5,+,4,+,4,+,3,+,5,+,1
004322,07.04.26, 08:00,6,+,1,+,3,+,1,+,4,+,6
004321,07.04.26, 07:00,5,+,3,+,3,+,3,+,5,+,4
004320,07.04.26, 06:00,4,+,1,+,2,+,4,+,4,+,2
004319,07.04.26, 05:30,1,+,4,+,6,+,1,+,2,+,4
004318,07.04.26, 05:00,6,+,1,+,4,+,5,+,3,+,5
004317,07.04.26, 04:30,1,+,6,+,4,+,5,+,1,+,4
004316,07.04.26, 04:00,2,+,2,+,2,+,2,+,2,+,3
004315,07.04.26, 03:00,4,+,2,+,4,+,1,+,4,+,1
004314,07.04.26, 02:30,1,+,2,+,5,+,5,+,4,+,3
004313,07.04.26, 02:00,2,+,4,+,1,+,2,+,1,+,3
004312,07.04.26, 01:00,5,+,1,+,2,+,6,+,6,+,4
004311,07.04.26, 00:30,6,+,6,+,6,+,4,+,6,+,5
004310,07.04.26, 00:00,1,+,3,+,5,+,4,+,4,+,1
004309,06.04.26, 23:00,4,+,5,+,4,+,5,+,4,+,5
004308,06.04.26, 22:00,1,+,4,+,5,+,1,+,6,+,2
004307,06.04.26, 21:30,4,+,2,+,4,+,4,+,3,+,5
004306,06.04.26, 21:00,1,+,6,+,4,+,3,+,6,+,2
004305,06.04.26, 20:30,5,+,1,+,1,+,6,+,1,+,4
004304,06.04.26, 20:00,2,+,6,+,5,+,5,+,1,+,1
004303,06.04.26, 19:00,6,+,5,+,4,+,6,+,4,+,6
004302,06.04.26, 18:30,1,+,4,+,3,+,2,+,6,+,3
004301,06.04.26, 18:00,5,+,3,+,1,+,5,+,3,+,5
004300,06.04.26, 17:30,6,+,1,+,6,+,4,+,1,+,6
004299,06.04.26, 17:00,2,+,6,+,5,+,1,+,4,+,6
004298,06.04.26, 16:00,4,+,6,+,4,+,4,+,3,+,4
004297,06.04.26, 15:00,6,+,5,+,6,+,4,+,6,+,4
004296,06.04.26, 14:30,1,+,6,+,1,+,1,+,3,+,6
004295,06.04.26, 14:00,6,+,2,+,3,+,1,+,5,+,6
004294,06.04.26, 13:30,6,+,1,+,6,+,5,+,1,+,2
004293,06.04.26, 13:00,5,+,6,+,4,+,1,+,6,+,5
004292,06.04.26, 12:00,3,+,2,+,3,+,5,+,3,+,5
004291,06.04.26, 11:30,4,+,6,+,5,+,4,+,5,+,2
004290,06.04.26, 11:00,2,+,1,+,4,+,3,+,5,+,2
004289,06.04.26, 10:00,2,+,2,+,4,+,4,+,6,+,4
004288,06.04.26, 09:30,1,+,2,+,1,+,1,+,6,+,1
004287,06.04.26, 09:00,4,+,4,+,6,+,3,+,4,+,1
004286,06.04.26, 08:30,5,+,4,+,5,+,5,+,6,+,2
004285,06.04.26, 08:00,3,+,2,+,5,+,2,+,4,+,6
004284,06.04.26, 07:00,6,+,3,+,3,+,3,+,6,+,4
004283,06.04.26, 06:00,6,+,4,+,1,+,3,+,6,+,6
004282,06.04.26, 05:30,3,+,1,+,3,+,3,+,5,+,1
004281,06.04.26, 05:00,5,+,3,+,6,+,3,+,3,+,6
004280,06.04.26, 04:30,6,+,1,+,1,+,5,+,3,+,5
004279,06.04.26, 04:00,1,+,6,+,6,+,1,+,1,+,6
004278,06.04.26, 03:00,5,+,1,+,1,+,6,+,6,+,6
004277,06.04.26, 02:30,3,+,5,+,4,+,5,+,3,+,3
004276,06.04.26, 02:00,3,+,3,+,2,+,1,+,6,+,1
004275,06.04.26, 01:00,4,+,5,+,5,+,3,+,2,+,1
004274,06.04.26, 00:30,6,+,2,+,3,+,6,+,3,+,2
004273,06.04.26, 00:00,2,+,1,+,6,+,4,+,3,+,1
004272,05.04.26, 23:00,6,+,2,+,5,+,4,+,3,+,5
004271,05.04.26, 22:00,2,+,5,+,4,+,6,+,1,+,1
004270,05.04.26, 21:00,1,+,5,+,4,+,4,+,4,+,2
004269,05.04.26, 20:00,5,+,4,+,3,+,3,+,6,+,5
004268,05.04.26, 19:00,1,+,5,+,2,+,3,+,3,+,1
004267,05.04.26, 18:00,4,+,1,+,2,+,1,+,2,+,5
004266,05.04.26, 17:00,5,+,2,+,1,+,4,+,5,+,1
004265,05.04.26, 16:00,3,+,2,+,6,+,2,+,5,+,3
004264,05.04.26, 15:00,1,+,2,+,4,+,6,+,2,+,6
004263,05.04.26, 14:00,6,+,3,+,6,+,2,+,2,+,2
004262,05.04.26, 13:00,6,+,5,+,3,+,3,+,5,+,3
004261,05.04.26, 12:00,2,+,6,+,4,+,4,+,2,+,4
004260,05.04.26, 11:00,6,+,6,+,6,+,1,+,3,+,6
004259,05.04.26, 10:00,6,+,4,+,3,+,4,+,6,+,1
004258,05.04.26, 09:00,6,+,4,+,3,+,3,+,6,+,3
004257,05.04.26, 08:00,4,+,3,+,3,+,3,+,6,+,3
004256,05.04.26, 07:00,6,+,1,+,1,+,4,+,2,+,5
004255,05.04.26, 06:00,6,+,5,+,5,+,1,+,3,+,4
004254,05.04.26, 05:00,1,+,3,+,3,+,3,+,4,+,5
004253,05.04.26, 04:00,5,+,1,+,5,+,5,+,2,+,5
004252,05.04.26, 03:00,6,+,5,+,3,+,2,+,2,+,2
004251,05.04.26, 02:00,4,+,3,+,5,+,3,+,5,+,6
004250,05.04.26, 00:00,2,+,1,+,4,+,6,+,3,+,4
004249,04.04.26, 23:00,5,+,2,+,5,+,4,+,1,+,1
004248,04.04.26, 22:00,4,+,5,+,4,+,1,+,1,+,5
004247,04.04.26, 21:00,4,+,3,+,2,+,5,+,4,+,2
004246,04.04.26, 20:00,2,+,5,+,5,+,6,+,2,+,3
004245,04.04.26, 19:00,6,+,5,+,2,+,4,+,6,+,3
004244,04.04.26, 18:00,1,+,4,+,2,+,5,+,5,+,5
004243,04.04.26, 17:00,3,+,4,+,6,+,4,+,1,+,1
004242,04.04.26, 16:00,4,+,2,+,3,+,5,+,1,+,4
004241,04.04.26, 15:00,4,+,6,+,4,+,1,+,2,+,1
004240,04.04.26, 14:00,3,+,4,+,4,+,5,+,6,+,2
004239,04.04.26, 13:00,1,+,2,+,6,+,6,+,3,+,5
004238,04.04.26, 12:00,4,+,1,+,6,+,3,+,3,+,5
004237,04.04.26, 11:00,1,+,5,+,6,+,5,+,1,+,3
004236,04.04.26, 10:00,2,+,1,+,5,+,2,+,6,+,6
004235,04.04.26, 09:00,4,+,4,+,5,+,4,+,2,+,4
004234,04.04.26, 08:00,1,+,3,+,4,+,1,+,2,+,5
004233,04.04.26, 07:00,2,+,5,+,3,+,6,+,3,+,1
004232,04.04.26, 06:00,6,+,6,+,5,+,6,+,6,+,6
004231,04.04.26, 05:00,4,+,2,+,3,+,3,+,3,+,6
004230,04.04.26, 04:00,1,+,1,+,1,+,5,+,2,+,3
004229,04.04.26, 03:00,4,+,1,+,4,+,6,+,5,+,2
004228,04.04.26, 02:00,3,+,1,+,1,+,4,+,5,+,3
004227,04.04.26, 01:00,4,+,4,+,1,+,1,+,4,+,4
004226,04.04.26, 00:00,2,+,3,+,5,+,4,+,5,+,1
004225,03.04.26, 23:00,4,+,5,+,6,+,6,+,5,+,4
004224,03.04.26, 22:00,6,+,6,+,6,+,4,+,1,+,5
004223,03.04.26, 21:00,3,+,1,+,5,+,6,+,3,+,6
004222,03.04.26, 20:00,6,+,6,+,5,+,6,+,1,+,5
004221,03.04.26, 19:00,3,+,1,+,2,+,2,+,6,+,4
004220,03.04.26, 18:00,5,+,3,+,4,+,1,+,3,+,5
004219,03.04.26, 17:00,3,+,4,+,3,+,6,+,4,+,4
004218,03.04.26, 16:00,1,+,1,+,1,+,2,+,5,+,5
004217,03.04.26, 15:00,5,+,1,+,6,+,5,+,2,+,2
004216,03.04.26, 14:00,6,+,3,+,1,+,5,+,3,+,5
004215,03.04.26, 13:00,5,+,2,+,3,+,4,+,4,+,6
004214,03.04.26, 12:00,1,+,2,+,5,+,5,+,3,+,5
004213,03.04.26, 11:00,3,+,2,+,3,+,5,+,4,+,3
004212,03.04.26, 10:00,1,+,2,+,2,+,1,+,2,+,4
004211,03.04.26, 09:00,3,+,5,+,6,+,6,+,3,+,5
004210,03.04.26, 08:00,6,+,3,+,2,+,1,+,4,+,1
004209,03.04.26, 07:00,2,+,5,+,2,+,3,+,5,+,6
004208,03.04.26, 06:00,5,+,5,+,1,+,5,+,3,+,3
004207,03.04.26, 05:00,6,+,6,+,6,+,1,+,3,+,2
004206,03.04.26, 04:00,3,+,1,+,3,+,2,+,1,+,5
004205,03.04.26, 03:00,2,+,3,+,5,+,6,+,5,+,4
004204,03.04.26, 02:00,6,+,5,+,5,+,1,+,4,+,2
004203,03.04.26, 01:00,4,+,1,+,4,+,6,+,4,+,5
004202,03.04.26, 00:00,3,+,3,+,6,+,2,+,6,+,2
004201,02.04.26, 23:00,2,+,4,+,5,+,4,+,2,+,6
004200,02.04.26, 22:00,2,+,5,+,4,+,6,+,5,+,3
004199,02.04.26, 21:00,4,+,1,+,1,+,5,+,3,+,5
004198,02.04.26, 20:00,3,+,2,+,6,+,5,+,6,+,2
004197,02.04.26, 19:00,5,+,6,+,6,+,1,+,1,+,2
004196,02.04.26, 18:00,1,+,2,+,6,+,5,+,3,+,2
004195,02.04.26, 17:00,6,+,3,+,4,+,4,+,6,+,2
004194,02.04.26, 16:00,1,+,2,+,3,+,6,+,1,+,1
004193,02.04.26, 15:00,3,+,3,+,4,+,5,+,2,+,1
004192,02.04.26, 14:00,1,+,5,+,4,+,2,+,1,+,2
004191,02.04.26, 13:00,1,+,3,+,6,+,2,+,1,+,2
004190,02.04.26, 12:00,6,+,2,+,1,+,5,+,1,+,3
004189,02.04.26, 11:00,3,+,5,+,1,+,4,+,5,+,1
004188,02.04.26, 10:00,4,+,4,+,4,+,3,+,1,+,2
004187,02.04.26, 09:00,5,+,6,+,6,+,5,+,6,+,1
004186,02.04.26, 08:00,2,+,6,+,4,+,5,+,4,+,4
004185,02.04.26, 07:00,5,+,2,+,5,+,3,+,5,+,4
004184,02.04.26, 06:00,2,+,1,+,2,+,2,+,2,+,1
004183,02.04.26, 05:00,4,+,5,+,4,+,4,+,1,+,5
004182,02.04.26, 04:00,5,+,6,+,3,+,6,+,5,+,6
004181,02.04.26, 03:00,1,+,2,+,3,+,4,+,2,+,6
004180,02.04.26, 02:00,1,+,6,+,5,+,1,+,2,+,1
004179,02.04.26, 01:00,2,+,3,+,3,+,6,+,1,+,6
004178,02.04.26, 00:00,1,+,5,+,2,+,6,+,1,+,4
004177,01.04.26, 23:00,3,+,6,+,4,+,6,+,6,+,5
004176,01.04.26, 22:00,3,+,6,+,4,+,6,+,6,+,3
004175,01.04.26, 21:00,5,+,4,+,2,+,5,+,1,+,1
004174,01.04.26, 20:00,3,+,3,+,3,+,5,+,5,+,1
004173,01.04.26, 19:00,4,+,4,+,3,+,6,+,5,+,4
004172,01.04.26, 18:00,4,+,5,+,3,+,2,+,1,+,6
004171,01.04.26, 17:00,4,+,3,+,4,+,1,+,3,+,1
004170,01.04.26, 16:00,4,+,5,+,6,+,4,+,4,+,4
004169,01.04.26, 15:00,5,+,4,+,2,+,5,+,3,+,3
004168,01.04.26, 14:00,5,+,1,+,6,+,2,+,3,+,2
004167,01.04.26, 13:00,2,+,3,+,6,+,1,+,6,+,6
004166,01.04.26, 12:00,1,+,1,+,4,+,6,+,2,+,6
004165,01.04.26, 11:00,6,+,6,+,5,+,4,+,3,+,4
004164,01.04.26, 10:00,4,+,6,+,4,+,4,+,1,+,5
004163,01.04.26, 09:00,6,+,4,+,2,+,1,+,4,+,4
004162,01.04.26, 08:00,2,+,3,+,4,+,3,+,2,+,2
004161,01.04.26, 07:00,5,+,4,+,6,+,3,+,5,+,1
004160,01.04.26, 06:00,1,+,2,+,6,+,3,+,5,+,6
004159,01.04.26, 05:00,3,+,2,+,3,+,2,+,1,+,3
004158,01.04.26, 04:00,1,+,1,+,6,+,4,+,6,+,4
004157,01.04.26, 03:00,1,+,6,+,5,+,1,+,5,+,3
004156,01.04.26, 02:00,1,+,1,+,1,+,6,+,6,+,6
004155,01.04.26, 01:00,4,+,2,+,4,+,2,+,1,+,3
004154,01.04.26, 00:00,1,+,6,+,4,+,5,+,1,+,2
004153,31.03.26, 23:00,2,+,1,+,1,+,6,+,6,+,5
004152,31.03.26, 22:00,3,+,6,+,2,+,5,+,5,+,6
004151,31.03.26, 21:00,6,+,6,+,1,+,3,+,1,+,5
004150,31.03.26, 20:00,5,+,5,+,4,+,5,+,2,+,6
004149,31.03.26, 19:00,6,+,1,+,1,+,5,+,5,+,2
004148,31.03.26, 18:00,1,+,1,+,4,+,5,+,5,+,2
004147,31.03.26, 17:00,2,+,6,+,1,+,4,+,6,+,3
004146,31.03.26, 16:00,3,+,4,+,4,+,6,+,5,+,6
004145,31.03.26, 15:00,5,+,2,+,6,+,3,+,5,+,2
004144,31.03.26, 14:00,5,+,3,+,4,+,4,+,1,+,2
004143,31.03.26, 13:00,1,+,4,+,6,+,4,+,3,+,3
004142,31.03.26, 12:00,3,+,2,+,6,+,4,+,6,+,4
004141,31.03.26, 11:00,4,+,5,+,5,+,6,+,3,+,5
004140,31.03.26, 10:00,4,+,6,+,2,+,6,+,6,+,6
004139,31.03.26, 09:00,4,+,6,+,6,+,5,+,5,+,2
004138,31.03.26, 08:00,3,+,6,+,3,+,4,+,4,+,6
004137,31.03.26, 07:00,1,+,4,+,1,+,3,+,3,+,6
004136,31.03.26, 06:00,4,+,1,+,3,+,4,+,5,+,1
004135,31.03.26, 05:00,1,+,5,+,2,+,4,+,6,+,3
004134,31.03.26, 04:00,3,+,1,+,6,+,2,+,2,+,6
004133,31.03.26, 03:00,1,+,5,+,1,+,6,+,6,+,4
004132,31.03.26, 02:00,5,+,4,+,6,+,4,+,3,+,5
004131,31.03.26, 01:00,3,+,3,+,1,+,6,+,2,+,6
004130,31.03.26, 00:00,5,+,2,+,1,+,2,+,3,+,4
004129,30.03.26, 23:00,2,+,6,+,1,+,4,+,3,+,2
004128,30.03.26, 22:00,5,+,3,+,3,+,4,+,3,+,5
004127,30.03.26, 21:00,3,+,1,+,2,+,6,+,5,+,2
004126,30.03.26, 20:00,1,+,4,+,4,+,1,+,6,+,5
004125,30.03.26, 19:00,1,+,1,+,6,+,5,+,4,+,2
004124,30.03.26, 18:00,1,+,2,+,5,+,2,+,1,+,3
004123,30.03.26, 17:00,3,+,1,+,4,+,4,+,6,+,4
004122,30.03.26, 16:00,6,+,6,+,4,+,5,+,4,+,2
004121,30.03.26, 15:00,6,+,6,+,2,+,6,+,5,+,6
004120,30.03.26, 14:00,1,+,6,+,6,+,5,+,1,+,4
004119,30.03.26, 13:00,3,+,1,+,3,+,2,+,2,+,3
004118,30.03.26, 12:00,5,+,1,+,5,+,5,+,1,+,4
004117,30.03.26, 11:00,1,+,6,+,4,+,2,+,1,+,3
004116,30.03.26, 10:00,3,+,2,+,6,+,1,+,3,+,5
004115,30.03.26, 09:00,5,+,2,+,6,+,6,+,2,+,3
004114,30.03.26, 08:00,6,+,1,+,4,+,5,+,1,+,6
004113,30.03.26, 07:00,1,+,4,+,5,+,2,+,4,+,1
004112,30.03.26, 06:00,3,+,5,+,2,+,3,+,5,+,1
004111,30.03.26, 05:00,3,+,4,+,2,+,4,+,5,+,6
004110,30.03.26, 04:00,5,+,4,+,5,+,5,+,5,+,1
004109,30.03.26, 03:00,2,+,4,+,1,+,3,+,6,+,4
004108,30.03.26, 02:00,3,+,5,+,3,+,1,+,1,+,5
004107,30.03.26, 01:00,1,+,6,+,3,+,5,+,5,+,4
004106,30.03.26, 00:00,3,+,3,+,2,+,5,+,6,+,4
004105,29.03.26, 23:00,2,+,6,+,6,+,5,+,5,+,2
004104,29.03.26, 22:00,1,+,2,+,3,+,3,+,4,+,1
004103,29.03.26, 21:00,6,+,3,+,2,+,2,+,2,+,3
004102,29.03.26, 20:00,4,+,3,+,1,+,3,+,1,+,6
004101,29.03.26, 19:00,1,+,6,+,4,+,3,+,4,+,4
004100,29.03.26, 18:00,4,+,4,+,6,+,3,+,2,+,3
004099,29.03.26, 17:00,5,+,6,+,2,+,6,+,3,+,4
004098,29.03.26, 16:00,2,+,2,+,2,+,3,+,5,+,5
004097,29.03.26, 15:00,6,+,1,+,5,+,6,+,1,+,4
004096,29.03.26, 14:00,6,+,1,+,1,+,1,+,1,+,6
004095,29.03.26, 13:00,2,+,1,+,4,+,1,+,2,+,6
004094,29.03.26, 12:00,6,+,6,+,1,+,3,+,4,+,2
004093,29.03.26, 11:00,3,+,4,+,2,+,5,+,2,+,5
004092,29.03.26, 10:00,4,+,2,+,5,+,5,+,5,+,2
004091,29.03.26, 09:00,6,+,3,+,3,+,3,+,5,+,1
004090,29.03.26, 08:00,2,+,6,+,6,+,6,+,1,+,3
004089,29.03.26, 07:00,1,+,4,+,2,+,4,+,6,+,5
004088,29.03.26, 06:00,1,+,2,+,1,+,5,+,4,+,5
004087,29.03.26, 05:00,2,+,5,+,6,+,5,+,3,+,2
004086,29.03.26, 04:00,3,+,2,+,4,+,6,+,6,+,5
004085,29.03.26, 03:00,4,+,3,+,1,+,1,+,4,+,4
004084,29.03.26, 02:00,1,+,2,+,6,+,1,+,2,+,5
004083,29.03.26, 00:00,6,+,3,+,2,+,2,+,5,+,1
004082,28.03.26, 23:00,5,+,3,+,1,+,6,+,4,+,4
004081,28.03.26, 22:00,1,+,5,+,1,+,1,+,6,+,4
004080,28.03.26, 21:00,4,+,3,+,1,+,3,+,1,+,5
004079,28.03.26, 20:00,6,+,1,+,2,+,4,+,4,+,1
004078,28.03.26, 19:00,3,+,4,+,5,+,4,+,2,+,1
004077,28.03.26, 18:00,3,+,3,+,2,+,2,+,3,+,5
004076,28.03.26, 17:00,4,+,6,+,1,+,4,+,4,+,3
004075,28.03.26, 16:00,3,+,3,+,5,+,3,+,6,+,1
004074,28.03.26, 15:00,1,+,6,+,1,+,1,+,1,+,1
004073,28.03.26, 14:00,6,+,2,+,6,+,5,+,2,+,4
004072,28.03.26, 13:00,2,+,1,+,4,+,6,+,5,+,3
004071,28.03.26, 12:00,5,+,5,+,4,+,5,+,1,+,6
004070,28.03.26, 11:00,6,+,1,+,6,+,1,+,4,+,2
004069,28.03.26, 10:00,1,+,4,+,2,+,2,+,5,+,3
004068,28.03.26, 09:00,5,+,2,+,3,+,2,+,3,+,1
004067,28.03.26, 08:00,2,+,1,+,5,+,2,+,6,+,4
004066,28.03.26, 07:00,6,+,5,+,5,+,1,+,2,+,3
004065,28.03.26, 06:00,5,+,2,+,3,+,4,+,5,+,3
004064,28.03.26, 05:00,2,+,2,+,1,+,5,+,2,+,1
004063,28.03.26, 04:00,4,+,3,+,4,+,4,+,4,+,1
004062,28.03.26, 03:00,2,+,1,+,3,+,5,+,2,+,2
004061,28.03.26, 02:00,4,+,3,+,4,+,2,+,4,+,5
004060,28.03.26, 01:00,3,+,4,+,1,+,5,+,1,+,6
004059,28.03.26, 00:00,6,+,1,+,6,+,5,+,4,+,3
004058,27.03.26, 23:00,4,+,4,+,6,+,2,+,2,+,4
004057,27.03.26, 22:00,1,+,2,+,5,+,1,+,5,+,5
004056,27.03.26, 21:00,2,+,1,+,2,+,4,+,4,+,3
004055,27.03.26, 20:00,1,+,5,+,2,+,5,+,4,+,1
004054,27.03.26, 19:00,3,+,1,+,4,+,3,+,4,+,2
004053,27.03.26, 18:00,5,+,3,+,3,+,4,+,1,+,3
004052,27.03.26, 17:00,3,+,1,+,5,+,5,+,2,+,6
004051,27.03.26, 16:00,2,+,5,+,1,+,6,+,3,+,6
004050,27.03.26, 15:00,3,+,6,+,1,+,6,+,6,+,3
004049,27.03.26, 14:00,5,+,6,+,6,+,6,+,3,+,5
004048,27.03.26, 13:00,1,+,4,+,4,+,4,+,1,+,4
004047,27.03.26, 12:00,4,+,3,+,1,+,2,+,6,+,3
004046,27.03.26, 11:00,3,+,3,+,3,+,5,+,1,+,2
004045,27.03.26, 10:00,1,+,1,+,2,+,3,+,5,+,2
004044,27.03.26, 09:00,2,+,4,+,6,+,5,+,1,+,5
004043,27.03.26, 08:00,4,+,2,+,2,+,1,+,6,+,3
004042,27.03.26, 07:00,2,+,4,+,2,+,1,+,1,+,2
004041,27.03.26, 06:00,6,+,6,+,5,+,4,+,6,+,3
004040,27.03.26, 05:00,1,+,2,+,3,+,4,+,3,+,2
004039,27.03.26, 04:00,1,+,3,+,6,+,3,+,4,+,2
004038,27.03.26, 03:00,5,+,1,+,1,+,1,+,6,+,2
004037,27.03.26, 02:00,4,+,4,+,2,+,5,+,4,+,5
004036,27.03.26, 01:00,3,+,1,+,3,+,4,+,1,+,2
004035,27.03.26, 00:00,4,+,6,+,4,+,6,+,5,+,2
004034,26.03.26, 23:00,4,+,6,+,2,+,3,+,3,+,3
004033,26.03.26, 22:00,1,+,4,+,4,+,3,+,1,+,6
004032,26.03.26, 21:00,3,+,5,+,2,+,5,+,5,+,5
004031,26.03.26, 20:00,4,+,5,+,4,+,6,+,5,+,6
004030,26.03.26, 19:00,2,+,2,+,5,+,4,+,1,+,6
004029,26.03.26, 18:00,1,+,5,+,5,+,5,+,5,+,6
004028,26.03.26, 17:00,6,+,1,+,4,+,1,+,2,+,2
004027,26.03.26, 16:00,1,+,6,+,5,+,1,+,2,+,3
004026,26.03.26, 15:00,6,+,1,+,3,+,2,+,3,+,3
004025,26.03.26, 14:00,2,+,3,+,4,+,1,+,3,+,4
004024,26.03.26, 13:00,2,+,1,+,3,+,5,+,3,+,4
004023,26.03.26, 12:00,5,+,2,+,1,+,2,+,6,+,3
004022,26.03.26, 11:00,1,+,6,+,5,+,2,+,2,+,6
004021,26.03.26, 10:00,2,+,1,+,1,+,6,+,5,+,2
004020,26.03.26, 09:00,5,+,2,+,4,+,2,+,3,+,3
004019,26.03.26, 08:00,1,+,6,+,6,+,1,+,2,+,5
004018,26.03.26, 07:00,6,+,1,+,3,+,2,+,1,+,5
004017,26.03.26, 06:00,6,+,6,+,1,+,5,+,2,+,1
004016,26.03.26, 05:00,5,+,5,+,2,+,6,+,4,+,5
004015,26.03.26, 04:00,4,+,5,+,3,+,4,+,2,+,5
004014,26.03.26, 03:00,1,+,6,+,6,+,1,+,4,+,5
004013,26.03.26, 02:00,1,+,4,+,1,+,3,+,4,+,3
004012,26.03.26, 01:00,3,+,1,+,4,+,2,+,1,+,2
004011,26.03.26, 00:00,1,+,1,+,2,+,5,+,2,+,2
004010,25.03.26, 23:00,3,+,3,+,3,+,6,+,3,+,2
004009,25.03.26, 22:00,3,+,2,+,5,+,2,+,6,+,2
004008,25.03.26, 21:00,5,+,2,+,5,+,6,+,3,+,4
004007,25.03.26, 20:00,3,+,4,+,2,+,5,+,1,+,4
004006,25.03.26, 19:00,2,+,6,+,5,+,5,+,2,+,4
004005,25.03.26, 18:00,4,+,4,+,4,+,2,+,6,+,4
004004,25.03.26, 17:00,1,+,4,+,6,+,2,+,4,+,3
004003,25.03.26, 16:00,4,+,4,+,1,+,6,+,4,+,4
004002,25.03.26, 15:00,5,+,3,+,2,+,5,+,2,+,2
004001,25.03.26, 14:00,3,+,1,+,6,+,3,+,1,+,4
004000,25.03.26, 13:00,6,+,3,+,2,+,6,+,5,+,4
003999,25.03.26, 12:00,6,+,2,+,6,+,5,+,2,+,1
003998,25.03.26, 11:00,5,+,5,+,4,+,3,+,3,+,3
003997,25.03.26, 10:00,6,+,6,+,2,+,3,+,5,+,1
003996,25.03.26, 09:00,3,+,5,+,5,+,4,+,1,+,1
003995,25.03.26, 08:00,2,+,1,+,6,+,1,+,3,+,1
003994,25.03.26, 07:00,1,+,2,+,5,+,4,+,5,+,5
003993,25.03.26, 06:00,3,+,5,+,1,+,5,+,2,+,3
003992,25.03.26, 05:00,6,+,3,+,3,+,6,+,2,+,6
003991,25.03.26, 04:00,6,+,1,+,2,+,5,+,1,+,4
003990,25.03.26, 03:00,3,+,5,+,2,+,6,+,1,+,6
003989,25.03.26, 02:00,3,+,6,+,5,+,1,+,4,+,3
003988,25.03.26, 01:00,1,+,1,+,5,+,4,+,6,+,5
003987,25.03.26, 00:00,1,+,5,+,3,+,4,+,5,+,2
003986,24.03.26, 23:00,3,+,1,+,3,+,1,+,6,+,4
003985,24.03.26, 22:00,2,+,6,+,4,+,6,+,2,+,6
003984,24.03.26, 21:00,3,+,6,+,6,+,2,+,1,+,5
003983,24.03.26, 20:00,3,+,5,+,6,+,6,+,6,+,2
003982,24.03.26, 19:00,1,+,4,+,4,+,4,+,6,+,2
003981,24.03.26, 18:00,2,+,4,+,1,+,3,+,3,+,3
003980,24.03.26, 17:00,5,+,1,+,3,+,5,+,1,+,1
003979,24.03.26, 16:00,6,+,3,+,4,+,5,+,1,+,5
003978,24.03.26, 15:00,4,+,2,+,4,+,2,+,1,+,6
003977,24.03.26, 14:00,4,+,4,+,3,+,2,+,1,+,6
003976,24.03.26, 13:00,3,+,1,+,2,+,3,+,5,+,2
003975,24.03.26, 12:00,3,+,1,+,4,+,3,+,3,+,4
003974,24.03.26, 11:00,5,+,2,+,4,+,2,+,6,+,6
003973,24.03.26, 10:00,5,+,3,+,4,+,2,+,2,+,1
003972,24.03.26, 09:00,4,+,3,+,3,+,6,+,3,+,6
003971,24.03.26, 08:00,1,+,3,+,1,+,4,+,6,+,1
003970,24.03.26, 07:00,4,+,5,+,2,+,5,+,6,+,3
003969,24.03.26, 06:00,6,+,2,+,4,+,6,+,5,+,1
003968,24.03.26, 05:00,1,+,5,+,2,+,2,+,5,+,1
003967,24.03.26, 04:00,3,+,2,+,4,+,2,+,4,+,5
003966,24.03.26, 03:00,3,+,4,+,5,+,3,+,4,+,2
003965,24.03.26, 02:00,1,+,5,+,2,+,6,+,2,+,6
003964,24.03.26, 01:00,4,+,2,+,3,+,3,+,6,+,2
003963,24.03.26, 00:00,1,+,1,+,6,+,6,+,6,+,3
003962,23.03.26, 23:00,4,+,2,+,4,+,1,+,6,+,6
003961,23.03.26, 22:00,5,+,4,+,5,+,1,+,5,+,2
003960,23.03.26, 21:00,3,+,2,+,4,+,5,+,6,+,4
003959,23.03.26, 20:00,4,+,4,+,6,+,4,+,4,+,1
003958,23.03.26, 19:00,6,+,2,+,6,+,1,+,2,+,3
003957,23.03.26, 18:00,4,+,2,+,1,+,3,+,3,+,4
003956,23.03.26, 17:00,6,+,1,+,4,+,3,+,6,+,6
003955,23.03.26, 16:00,1,+,6,+,4,+,2,+,1,+,1
003954,23.03.26, 15:00,1,+,5,+,3,+,3,+,6,+,6
003953,23.03.26, 14:00,5,+,2,+,3,+,5,+,5,+,2
003952,23.03.26, 13:00,3,+,2,+,5,+,6,+,5,+,3
003951,23.03.26, 12:00,6,+,6,+,2,+,4,+,4,+,2
003950,23.03.26, 11:00,1,+,2,+,4,+,5,+,3,+,5
003949,23.03.26, 10:00,2,+,4,+,3,+,2,+,2,+,5
003948,23.03.26, 09:00,3,+,1,+,5,+,4,+,1,+,2
003947,23.03.26, 08:00,1,+,6,+,4,+,6,+,5,+,5
003946,23.03.26, 07:00,6,+,1,+,6,+,6,+,1,+,2
003945,23.03.26, 06:00,4,+,4,+,1,+,2,+,1,+,3
003944,23.03.26, 05:00,4,+,4,+,1,+,3,+,1,+,6
003943,23.03.26, 04:00,4,+,5,+,4,+,6,+,1,+,6
003942,23.03.26, 03:00,6,+,5,+,4,+,2,+,1,+,4
003941,23.03.26, 02:00,2,+,6,+,1,+,1,+,4,+,1
003940,23.03.26, 01:00,5,+,5,+,5,+,6,+,4,+,2
003939,23.03.26, 00:00,4,+,2,+,3,+,1,+,2,+,4
003938,22.03.26, 23:00,1,+,5,+,4,+,1,+,6,+,1
003937,22.03.26, 22:00,6,+,1,+,4,+,3,+,3,+,3
003936,22.03.26, 21:00,3,+,3,+,2,+,6,+,6,+,3
003935,22.03.26, 20:00,3,+,4,+,5,+,6,+,6,+,1
003934,22.03.26, 19:00,2,+,6,+,4,+,5,+,1,+,6
003933,22.03.26, 18:00,2,+,6,+,5,+,6,+,2,+,5
003932,22.03.26, 17:00,1,+,2,+,1,+,6,+,5,+,4
003931,22.03.26, 16:00,4,+,1,+,4,+,6,+,4,+,5
003930,22.03.26, 15:00,3,+,6,+,2,+,2,+,3,+,2
003929,22.03.26, 14:00,4,+,4,+,1,+,5,+,4,+,4
003928,22.03.26, 13:00,6,+,3,+,2,+,6,+,6,+,6
003927,22.03.26, 12:00,1,+,6,+,5,+,3,+,3,+,5
003926,22.03.26, 11:00,2,+,5,+,2,+,2,+,6,+,2
003925,22.03.26, 10:00,5,+,3,+,6,+,2,+,3,+,4
003924,22.03.26, 09:00,2,+,3,+,3,+,5,+,2,+,5
003923,22.03.26, 08:00,2,+,5,+,1,+,4,+,5,+,1
003922,22.03.26, 07:00,5,+,4,+,1,+,2,+,3,+,2
003921,22.03.26, 06:00,5,+,3,+,1,+,5,+,6,+,5
003920,22.03.26, 05:00,1,+,1,+,5,+,6,+,6,+,2
003919,22.03.26, 04:00,2,+,6,+,2,+,3,+,5,+,1
003918,22.03.26, 03:00,2,+,3,+,5,+,4,+,4,+,2
003917,22.03.26, 02:00,1,+,1,+,2,+,1,+,6,+,1
003916,22.03.26, 00:00,1,+,5,+,6,+,4,+,4,+,6
003915,21.03.26, 23:00,4,+,6,+,1,+,5,+,3,+,5
003914,21.03.26, 22:00,6,+,2,+,3,+,4,+,3,+,3
003913,21.03.26, 21:00,4,+,5,+,5,+,2,+,3,+,5
003912,21.03.26, 20:00,1,+,5,+,1,+,1,+,3,+,4
003911,21.03.26, 19:00,5,+,5,+,5,+,2,+,4,+,5
003910,21.03.26, 18:00,3,+,1,+,1,+,3,+,3,+,1
003909,21.03.26, 17:00,4,+,5,+,2,+,4,+,4,+,4
003908,21.03.26, 16:00,6,+,6,+,5,+,3,+,5,+,3
003907,21.03.26, 15:00,2,+,1,+,3,+,3,+,6,+,2
003906,21.03.26, 14:00,2,+,6,+,6,+,3,+,4,+,4
003905,21.03.26, 13:00,2,+,6,+,2,+,4,+,1,+,2
003904,21.03.26, 12:00,3,+,4,+,2,+,4,+,3,+,4
003903,21.03.26, 11:00,2,+,1,+,1,+,2,+,6,+,2
003902,21.03.26, 10:00,2,+,5,+,4,+,6,+,1,+,2
003901,21.03.26, 09:00,6,+,6,+,5,+,4,+,5,+,5
003900,21.03.26, 08:00,4,+,1,+,2,+,5,+,6,+,3
003899,21.03.26, 07:00,3,+,3,+,2,+,5,+,2,+,5
003898,21.03.26, 06:00,2,+,3,+,3,+,3,+,4,+,2
003897,21.03.26, 05:00,6,+,5,+,3,+,3,+,1,+,3
003896,21.03.26, 04:00,4,+,1,+,5,+,6,+,6,+,4
003895,21.03.26, 03:00,5,+,6,+,6,+,5,+,5,+,3
003894,21.03.26, 02:00,5,+,6,+,4,+,5,+,4,+,5
003893,21.03.26, 01:00,2,+,6,+,6,+,4,+,1,+,1
003892,21.03.26, 00:00,2,+,4,+,4,+,6,+,6,+,5
003891,20.03.26, 23:00,1,+,5,+,5,+,5,+,2,+,1
003890,20.03.26, 22:00,4,+,3,+,4,+,2,+,2,+,1
003889,20.03.26, 21:00,1,+,6,+,4,+,6,+,1,+,3
003888,20.03.26, 20:00,5,+,6,+,6,+,2,+,1,+,6
003887,20.03.26, 19:00,3,+,1,+,3,+,1,+,6,+,2
003886,20.03.26, 18:00,6,+,3,+,2,+,6,+,5,+,2
003885,20.03.26, 17:00,2,+,2,+,4,+,3,+,1,+,4
003884,20.03.26, 16:00,6,+,5,+,6,+,6,+,2,+,1
003883,20.03.26, 15:00,4,+,6,+,6,+,6,+,5,+,5
003882,20.03.26, 14:00,1,+,2,+,4,+,1,+,1,+,1
003881,20.03.26, 13:00,6,+,5,+,4,+,6,+,4,+,5
003880,20.03.26, 12:00,4,+,4,+,5,+,6,+,1,+,6
003879,20.03.26, 11:00,3,+,5,+,3,+,6,+,1,+,4
003878,20.03.26, 10:00,6,+,5,+,4,+,6,+,1,+,6
003877,20.03.26, 09:00,2,+,4,+,2,+,1,+,5,+,5
003876,20.03.26, 08:00,3,+,4,+,6,+,4,+,6,+,1
003875,20.03.26, 07:00,1,+,5,+,4,+,6,+,6,+,2
003874,20.03.26, 06:00,1,+,1,+,4,+,2,+,5,+,1
003873,20.03.26, 05:00,3,+,5,+,3,+,4,+,1,+,3
003872,20.03.26, 04:00,1,+,5,+,6,+,6,+,5,+,3
003871,20.03.26, 03:00,3,+,4,+,5,+,4,+,6,+,4
003870,20.03.26, 02:00,3,+,6,+,5,+,4,+,1,+,3
003869,20.03.26, 01:00,1,+,4,+,5,+,1,+,4,+,3
003868,20.03.26, 00:00,3,+,2,+,1,+,1,+,1,+,2
003867,19.03.26, 23:00,2,+,3,+,4,+,2,+,6,+,5
003866,19.03.26, 22:00,6,+,1,+,6,+,2,+,3,+,6
003865,19.03.26, 21:00,2,+,3,+,6,+,2,+,5,+,6
003864,19.03.26, 20:00,2,+,3,+,2,+,2,+,1,+,5
003863,19.03.26, 19:00,3,+,1,+,1,+,5,+,1,+,5
003862,19.03.26, 18:00,2,+,6,+,4,+,1,+,2,+,3
003861,19.03.26, 17:00,1,+,1,+,3,+,2,+,6,+,3
003860,19.03.26, 16:00,2,+,2,+,5,+,4,+,5,+,1
003859,19.03.26, 15:00,2,+,5,+,5,+,1,+,5,+,2
003858,19.03.26, 14:00,6,+,2,+,5,+,6,+,1,+,6
003857,19.03.26, 13:00,4,+,1,+,3,+,2,+,3,+,3
003856,19.03.26, 12:00,3,+,5,+,2,+,3,+,5,+,3
003855,19.03.26, 11:00,5,+,4,+,1,+,6,+,1,+,4
003854,19.03.26, 10:00,5,+,2,+,5,+,5,+,6,+,5
003853,19.03.26, 09:00,4,+,6,+,2,+,5,+,5,+,1
003852,19.03.26, 08:00,6,+,1,+,6,+,5,+,5,+,1
003851,19.03.26, 07:00,2,+,6,+,1,+,6,+,4,+,3
003850,19.03.26, 06:00,5,+,1,+,1,+,1,+,4,+,6
003849,19.03.26, 05:00,2,+,2,+,2,+,3,+,1,+,1
003848,19.03.26, 04:00,2,+,2,+,4,+,6,+,6,+,4
003847,19.03.26, 03:00,5,+,3,+,6,+,3,+,4,+,6
003846,19.03.26, 02:00,1,+,6,+,4,+,6,+,6,+,1
003845,19.03.26, 01:00,6,+,3,+,5,+,1,+,4,+,3
003844,19.03.26, 00:00,5,+,4,+,6,+,5,+,1,+,6
003843,18.03.26, 23:00,6,+,3,+,6,+,5,+,6,+,1
003842,18.03.26, 22:00,1,+,3,+,3,+,4,+,6,+,1
003841,18.03.26, 21:00,6,+,3,+,2,+,3,+,5,+,3
003840,18.03.26, 20:00,2,+,3,+,4,+,5,+,2,+,6
003839,18.03.26, 19:00,5,+,6,+,6,+,3,+,5,+,1
003838,18.03.26, 18:00,1,+,6,+,5,+,2,+,4,+,6
003837,18.03.26, 17:00,4,+,1,+,3,+,4,+,5,+,1
003836,18.03.26, 16:00,2,+,1,+,2,+,6,+,6,+,1
003835,18.03.26, 15:00,4,+,2,+,3,+,1,+,3,+,3
003834,18.03.26, 14:00,6,+,4,+,4,+,3,+,6,+,4
003833,18.03.26, 13:00,1,+,6,+,1,+,5,+,5,+,4
003832,18.03.26, 12:00,3,+,5,+,4,+,3,+,2,+,4
003831,18.03.26, 11:00,1,+,3,+,3,+,4,+,6,+,2
003830,18.03.26, 10:00,6,+,2,+,3,+,6,+,4,+,1
003829,18.03.26, 09:00,3,+,4,+,4,+,1,+,4,+,6
003828,18.03.26, 08:00,5,+,3,+,1,+,4,+,5,+,5
003827,18.03.26, 07:00,1,+,6,+,5,+,1,+,1,+,1
003826,18.03.26, 06:00,3,+,3,+,6,+,3,+,3,+,3
003825,18.03.26, 05:00,3,+,3,+,3,+,2,+,6,+,3
003824,18.03.26, 04:00,1,+,4,+,3,+,6,+,3,+,4
003823,18.03.26, 03:00,4,+,3,+,6,+,1,+,2,+,2
003822,18.03.26, 02:00,1,+,4,+,2,+,4,+,3,+,1
003821,18.03.26, 01:00,3,+,1,+,5,+,2,+,4,+,6
003820,18.03.26, 00:00,6,+,1,+,3,+,1,+,5,+,1
003819,17.03.26, 23:00,3,+,5,+,6,+,1,+,4,+,1
003818,17.03.26, 22:00,4,+,4,+,3,+,1,+,5,+,1
003817,17.03.26, 21:00,4,+,2,+,2,+,4,+,5,+,3
003816,17.03.26, 20:00,1,+,1,+,3,+,4,+,5,+,6
003815,17.03.26, 19:00,1,+,3,+,3,+,4,+,6,+,5
003814,17.03.26, 18:00,1,+,4,+,5,+,1,+,6,+,3
003813,17.03.26, 17:00,3,+,3,+,1,+,1,+,5,+,3
003812,17.03.26, 16:00,3,+,6,+,3,+,1,+,3,+,1
003811,17.03.26, 15:00,2,+,2,+,2,+,4,+,4,+,6
003810,17.03.26, 14:00,1,+,2,+,1,+,1,+,2,+,2
003809,17.03.26, 13:00,2,+,2,+,4,+,6,+,5,+,4
003808,17.03.26, 12:00,6,+,4,+,5,+,2,+,2,+,5
003807,17.03.26, 11:00,6,+,2,+,5,+,1,+,2,+,2
003806,17.03.26, 10:00,6,+,6,+,6,+,4,+,4,+,1
003805,17.03.26, 09:00,2,+,1,+,3,+,4,+,5,+,4
003804,17.03.26, 08:00,4,+,4,+,5,+,1,+,6,+,3
003803,17.03.26, 07:00,6,+,1,+,6,+,6,+,1,+,6
003802,17.03.26, 06:00,4,+,6,+,5,+,6,+,6,+,4
003801,17.03.26, 05:00,5,+,3,+,3,+,2,+,4,+,1
003800,17.03.26, 04:00,2,+,1,+,6,+,3,+,4,+,1
003799,17.03.26, 03:00,6,+,1,+,2,+,3,+,3,+,5
003798,17.03.26, 02:00,6,+,4,+,5,+,5,+,2,+,5
003797,17.03.26, 01:00,5,+,5,+,4,+,6,+,1,+,5
003796,17.03.26, 00:00,1,+,5,+,4,+,3,+,1,+,4
003795,16.03.26, 23:00,4,+,5,+,1,+,3,+,6,+,2
003794,16.03.26, 22:00,6,+,1,+,1,+,4,+,1,+,2
003793,16.03.26, 21:00,1,+,6,+,5,+,3,+,1,+,6
003792,16.03.26, 20:00,1,+,3,+,4,+,1,+,2,+,3
003791,16.03.26, 19:00,2,+,3,+,5,+,2,+,5,+,1
003790,16.03.26, 18:00,6,+,4,+,4,+,2,+,2,+,5
003789,16.03.26, 17:00,2,+,6,+,5,+,6,+,6,+,5
003788,16.03.26, 16:00,2,+,4,+,6,+,4,+,3,+,6
003787,16.03.26, 15:00,3,+,4,+,6,+,4,+,5,+,5
003786,16.03.26, 14:00,1,+,2,+,6,+,2,+,4,+,4
003785,16.03.26, 13:00,5,+,1,+,3,+,1,+,4,+,4
003784,16.03.26, 12:00,4,+,3,+,5,+,1,+,4,+,6
003783,16.03.26, 11:00,2,+,2,+,5,+,6,+,6,+,4
003782,16.03.26, 10:00,5,+,1,+,5,+,2,+,5,+,2
003781,16.03.26, 09:00,2,+,2,+,6,+,1,+,5,+,2
003780,16.03.26, 08:00,4,+,4,+,3,+,4,+,2,+,2
003779,16.03.26, 07:00,3,+,6,+,6,+,3,+,1,+,2
003778,16.03.26, 06:00,2,+,1,+,2,+,1,+,2,+,4
003777,16.03.26, 05:00,2,+,2,+,6,+,2,+,2,+,6
003776,16.03.26, 04:00,5,+,1,+,1,+,3,+,1,+,4
003775,16.03.26, 03:00,4,+,1,+,4,+,6,+,4,+,3
003774,16.03.26, 02:00,5,+,2,+,5,+,2,+,2,+,6
003773,16.03.26, 01:00,6,+,3,+,4,+,2,+,3,+,3
003772,16.03.26, 00:00,3,+,5,+,6,+,4,+,4,+,1
003771,15.03.26, 23:00,4,+,5,+,6,+,6,+,3,+,1
003770,15.03.26, 22:00,3,+,4,+,6,+,5,+,1,+,1
003769,15.03.26, 21:00,1,+,5,+,2,+,6,+,2,+,1
003768,15.03.26, 20:00,5,+,3,+,3,+,1,+,5,+,4
003767,15.03.26, 19:00,2,+,2,+,5,+,5,+,5,+,1
003766,15.03.26, 18:00,6,+,2,+,5,+,6,+,2,+,4
003765,15.03.26, 17:00,3,+,2,+,5,+,6,+,5,+,6
003764,15.03.26, 16:00,1,+,1,+,5,+,4,+,4,+,3
003763,15.03.26, 15:00,1,+,5,+,2,+,5,+,2,+,2
003762,15.03.26, 14:00,5,+,4,+,1,+,6,+,4,+,3
003761,15.03.26, 13:00,5,+,5,+,3,+,2,+,4,+,6
003760,15.03.26, 12:00,5,+,1,+,1,+,6,+,4,+,5
003759,15.03.26, 11:00,3,+,4,+,5,+,4,+,1,+,5
003758,15.03.26, 10:00,3,+,5,+,3,+,2,+,1,+,1
003757,15.03.26, 09:00,3,+,6,+,4,+,2,+,3,+,2
003756,15.03.26, 08:00,6,+,3,+,2,+,3,+,2,+,1
003755,15.03.26, 07:00,4,+,2,+,6,+,3,+,5,+,6
003754,15.03.26, 06:00,1,+,3,+,3,+,5,+,6,+,2
003753,15.03.26, 05:00,1,+,3,+,1,+,6,+,3,+,1
003752,15.03.26, 04:00,3,+,3,+,6,+,5,+,5,+,6
003751,15.03.26, 03:00,5,+,5,+,6,+,3,+,5,+,1
003750,15.03.26, 02:00,1,+,5,+,2,+,6,+,3,+,6
003749,15.03.26, 00:00,5,+,2,+,3,+,1,+,4,+,3
003748,14.03.26, 23:00,5,+,6,+,4,+,4,+,4,+,5
003747,14.03.26, 22:00,1,+,5,+,4,+,4,+,1,+,4
003746,14.03.26, 21:00,1,+,6,+,1,+,2,+,1,+,6
003745,14.03.26, 20:00,4,+,4,+,5,+,1,+,5,+,5
003744,14.03.26, 19:00,3,+,6,+,3,+,3,+,5,+,2
003743,14.03.26, 18:00,4,+,5,+,6,+,4,+,6,+,3
003742,14.03.26, 17:00,6,+,6,+,2,+,3,+,1,+,4
003741,14.03.26, 16:00,3,+,1,+,6,+,5,+,1,+,5
003740,14.03.26, 15:00,2,+,2,+,2,+,6,+,5,+,1
003739,14.03.26, 14:00,5,+,4,+,2,+,3,+,3,+,6
003738,14.03.26, 13:00,1,+,4,+,4,+,6,+,5,+,3
003737,14.03.26, 12:00,5,+,1,+,4,+,2,+,6,+,6
003736,14.03.26, 11:00,4,+,3,+,4,+,4,+,5,+,2
003735,14.03.26, 10:00,5,+,6,+,1,+,3,+,2,+,1
003734,14.03.26, 09:00,6,+,5,+,4,+,4,+,5,+,5
003733,14.03.26, 08:00,2,+,2,+,4,+,3,+,5,+,1
003732,14.03.26, 07:00,2,+,6,+,3,+,4,+,5,+,5
003731,14.03.26, 06:00,2,+,4,+,2,+,3,+,2,+,2
003730,14.03.26, 05:00,3,+,2,+,4,+,6,+,3,+,6
003729,14.03.26, 04:00,4,+,3,+,3,+,4,+,6,+,6
003728,14.03.26, 03:00,3,+,6,+,5,+,2,+,2,+,1
003727,14.03.26, 02:00,3,+,4,+,5,+,5,+,2,+,3
003726,14.03.26, 01:00,1,+,5,+,3,+,1,+,4,+,6
003725,14.03.26, 00:00,6,+,2,+,6,+,5,+,3,+,4
003724,13.03.26, 23:00,1,+,6,+,1,+,4,+,4,+,4
003723,13.03.26, 22:00,2,+,2,+,6,+,2,+,5,+,1
003722,13.03.26, 21:00,6,+,1,+,1,+,1,+,1,+,2
003721,13.03.26, 20:00,6,+,4,+,1,+,1,+,3,+,6
003720,13.03.26, 19:00,4,+,2,+,6,+,2,+,4,+,6
003719,13.03.26, 18:00,1,+,3,+,4,+,2,+,1,+,6
003718,13.03.26, 17:00,6,+,6,+,4,+,4,+,4,+,6
003717,13.03.26, 16:00,6,+,6,+,2,+,6,+,4,+,6
003716,13.03.26, 15:00,2,+,1,+,5,+,2,+,4,+,6
003715,13.03.26, 14:00,2,+,2,+,2,+,6,+,1,+,6
003714,13.03.26, 13:00,5,+,2,+,2,+,4,+,5,+,5
003713,13.03.26, 12:00,4,+,6,+,5,+,3,+,2,+,5
003712,13.03.26, 11:00,3,+,1,+,5,+,6,+,3,+,3
003711,13.03.26, 10:00,5,+,5,+,1,+,6,+,1,+,4
003710,13.03.26, 09:00,6,+,4,+,6,+,1,+,4,+,2
003709,13.03.26, 08:00,1,+,5,+,3,+,5,+,6,+,4
003708,13.03.26, 07:00,1,+,2,+,1,+,2,+,6,+,4
003707,13.03.26, 06:00,2,+,2,+,6,+,6,+,1,+,2
003706,13.03.26, 05:00,2,+,3,+,5,+,2,+,5,+,1
003705,13.03.26, 04:00,4,+,1,+,2,+,6,+,2,+,1
003704,13.03.26, 03:00,6,+,1,+,2,+,3,+,1,+,6
003703,13.03.26, 02:00,4,+,2,+,3,+,6,+,2,+,5
003702,13.03.26, 01:00,5,+,4,+,3,+,6,+,2,+,4
003701,13.03.26, 00:00,5,+,4,+,4,+,1,+,3,+,2
003700,12.03.26, 23:00,5,+,3,+,2,+,1,+,5,+,6
003699,12.03.26, 22:00,1,+,5,+,6,+,1,+,1,+,4
003698,12.03.26, 21:00,3,+,3,+,3,+,1,+,3,+,5
003697,12.03.26, 20:00,4,+,4,+,2,+,5,+,4,+,1
003696,12.03.26, 19:00,2,+,5,+,5,+,6,+,3,+,1
003695,12.03.26, 18:00,1,+,1,+,1,+,1,+,2,+,1
003694,12.03.26, 17:00,6,+,5,+,4,+,1,+,4,+,1
003693,12.03.26, 16:00,6,+,1,+,1,+,4,+,2,+,1
003692,12.03.26, 15:00,6,+,6,+,1,+,6,+,3,+,1
003691,12.03.26, 14:00,5,+,2,+,3,+,3,+,6,+,4
003690,12.03.26, 13:00,6,+,1,+,2,+,5,+,4,+,2
003689,12.03.26, 12:00,2,+,2,+,3,+,1,+,6,+,5
003688,12.03.26, 11:00,2,+,2,+,5,+,2,+,6,+,2
003687,12.03.26, 10:00,2,+,3,+,3,+,6,+,2,+,1
003686,12.03.26, 09:00,3,+,5,+,1,+,2,+,2,+,3
003685,12.03.26, 08:00,4,+,1,+,1,+,3,+,2,+,1
003684,12.03.26, 07:00,1,+,4,+,6,+,5,+,2,+,4
003683,12.03.26, 06:00,4,+,3,+,4,+,5,+,4,+,3
003682,12.03.26, 05:00,2,+,4,+,5,+,1,+,1,+,2
003681,12.03.26, 04:00,1,+,4,+,6,+,2,+,6,+,4
003680,12.03.26, 03:00,5,+,1,+,3,+,5,+,5,+,5
003679,12.03.26, 02:00,1,+,6,+,6,+,3,+,3,+,6
003678,12.03.26, 01:00,3,+,2,+,4,+,3,+,3,+,4
003677,12.03.26, 00:00,4,+,3,+,3,+,3,+,1,+,3
003676,11.03.26, 23:00,4,+,6,+,6,+,1,+,5,+,5
003675,11.03.26, 22:00,5,+,5,+,5,+,6,+,1,+,2
003674,11.03.26, 21:00,1,+,3,+,2,+,5,+,6,+,4
003673,11.03.26, 20:00,1,+,4,+,6,+,2,+,5,+,6
003672,11.03.26, 19:00,3,+,1,+,5,+,4,+,6,+,5
003671,11.03.26, 18:00,6,+,3,+,1,+,3,+,3,+,4
003670,11.03.26, 17:00,5,+,4,+,2,+,3,+,2,+,3
003669,11.03.26, 16:00,2,+,1,+,3,+,5,+,1,+,6
003668,11.03.26, 15:00,3,+,2,+,6,+,5,+,4,+,3
003667,11.03.26, 14:00,3,+,4,+,1,+,6,+,5,+,3
003666,11.03.26, 13:00,1,+,1,+,3,+,1,+,4,+,3
003665,11.03.26, 12:00,3,+,5,+,1,+,2,+,2,+,1
003664,11.03.26, 11:00,2,+,3,+,1,+,4,+,1,+,3
003663,11.03.26, 10:00,1,+,5,+,4,+,5,+,4,+,4
003662,11.03.26, 09:00,2,+,5,+,1,+,3,+,2,+,6
003661,11.03.26, 08:00,2,+,6,+,6,+,3,+,2,+,4
003660,11.03.26, 07:00,3,+,4,+,5,+,6,+,1,+,1
003659,11.03.26, 06:00,3,+,2,+,6,+,3,+,3,+,1
003658,11.03.26, 05:00,6,+,6,+,2,+,6,+,4,+,6
003657,11.03.26, 04:00,6,+,5,+,1,+,6,+,6,+,5
003656,11.03.26, 03:00,4,+,4,+,2,+,2,+,2,+,4
003655,11.03.26, 02:00,1,+,3,+,3,+,1,+,4,+,2
003654,11.03.26, 01:00,3,+,2,+,3,+,6,+,4,+,6
003653,11.03.26, 00:00,1,+,2,+,3,+,1,+,6,+,2
003652,10.03.26, 23:00,3,+,1,+,1,+,3,+,4,+,6
003651,10.03.26, 22:00,2,+,6,+,6,+,2,+,5,+,4
003650,10.03.26, 21:00,1,+,5,+,1,+,6,+,1,+,5
003649,10.03.26, 20:00,1,+,6,+,3,+,2,+,3,+,1
003648,10.03.26, 19:00,6,+,3,+,5,+,1,+,1,+,5
003647,10.03.26, 18:00,2,+,2,+,3,+,5,+,4,+,6
003646,10.03.26, 17:00,4,+,6,+,2,+,4,+,6,+,5
003645,10.03.26, 16:00,6,+,1,+,4,+,5,+,5,+,3
003644,10.03.26, 15:00,2,+,3,+,5,+,6,+,4,+,1
003643,10.03.26, 14:00,5,+,3,+,6,+,6,+,5,+,4
003642,10.03.26, 13:00,5,+,1,+,6,+,1,+,4,+,4
003641,10.03.26, 12:00,4,+,2,+,6,+,3,+,5,+,5
003640,10.03.26, 11:00,3,+,3,+,3,+,2,+,6,+,1
003639,10.03.26, 10:00,3,+,6,+,1,+,3,+,5,+,5
003638,10.03.26, 09:00,2,+,5,+,4,+,1,+,6,+,1
003637,10.03.26, 08:00,6,+,6,+,2,+,1,+,6,+,3
003636,10.03.26, 07:00,2,+,6,+,2,+,5,+,6,+,5
003635,10.03.26, 06:00,2,+,6,+,2,+,6,+,6,+,6
003634,10.03.26, 05:00,3,+,5,+,6,+,4,+,5,+,3
003633,10.03.26, 04:00,3,+,5,+,6,+,1,+,1,+,6
003632,10.03.26, 03:00,3,+,3,+,2,+,1,+,3,+,3
003631,10.03.26, 02:00,4,+,3,+,2,+,1,+,1,+,5
003630,10.03.26, 01:00,2,+,4,+,2,+,3,+,4,+,2
003629,10.03.26, 00:00,5,+,4,+,1,+,2,+,1,+,1
003628,09.03.26, 23:00,2,+,2,+,1,+,4,+,3,+,4
003627,09.03.26, 22:00,5,+,6,+,5,+,4,+,5,+,1
003626,09.03.26, 21:00,4,+,3,+,6,+,3,+,1,+,4
003625,09.03.26, 20:00,6,+,3,+,3,+,5,+,3,+,4
003624,09.03.26, 19:00,6,+,1,+,2,+,1,+,4,+,6
003623,09.03.26, 18:00,5,+,1,+,4,+,2,+,3,+,4
003622,09.03.26, 17:00,1,+,3,+,3,+,4,+,6,+,4
003621,09.03.26, 16:00,2,+,6,+,6,+,4,+,1,+,6
003620,09.03.26, 15:00,3,+,4,+,2,+,6,+,4,+,1
003619,09.03.26, 14:00,3,+,3,+,5,+,4,+,2,+,1
003618,09.03.26, 13:00,2,+,4,+,2,+,5,+,3,+,2
003617,09.03.26, 12:00,1,+,6,+,3,+,6,+,6,+,2
003616,09.03.26, 11:00,5,+,2,+,2,+,1,+,4,+,5
003615,09.03.26, 10:00,4,+,6,+,1,+,5,+,3,+,4
003614,09.03.26, 09:00,6,+,1,+,3,+,4,+,5,+,4
003613,09.03.26, 08:00,2,+,1,+,1,+,1,+,4,+,6
003612,09.03.26, 07:00,5,+,2,+,1,+,6,+,4,+,3
003611,09.03.26, 06:00,1,+,3,+,2,+,6,+,6,+,1
003610,09.03.26, 05:00,6,+,2,+,1,+,2,+,2,+,4
003609,09.03.26, 04:00,4,+,5,+,5,+,3,+,1,+,5
003608,09.03.26, 03:00,6,+,6,+,2,+,2,+,6,+,1
003607,09.03.26, 02:00,4,+,1,+,5,+,3,+,4,+,1
003606,09.03.26, 01:00,5,+,6,+,3,+,3,+,4,+,5
003605,09.03.26, 00:00,5,+,4,+,5,+,2,+,3,+,4
003604,08.03.26, 23:00,3,+,2,+,3,+,2,+,3,+,6
003603,08.03.26, 22:00,3,+,3,+,1,+,5,+,4,+,6
003602,08.03.26, 21:00,5,+,2,+,6,+,5,+,2,+,6
003601,08.03.26, 20:00,5,+,2,+,2,+,4,+,5,+,3
003600,08.03.26, 19:00,5,+,4,+,2,+,4,+,6,+,3
003599,08.03.26, 18:00,6,+,3,+,3,+,2,+,6,+,2
003598,08.03.26, 17:00,4,+,2,+,1,+,3,+,2,+,1
003597,08.03.26, 16:00,4,+,6,+,3,+,2,+,5,+,2
003596,08.03.26, 15:00,5,+,2,+,3,+,3,+,1,+,5
003595,08.03.26, 14:00,1,+,2,+,1,+,5,+,6,+,5
003594,08.03.26, 13:00,6,+,2,+,4,+,3,+,1,+,1
003593,08.03.26, 12:00,3,+,1,+,1,+,4,+,3,+,5
003592,08.03.26, 11:00,3,+,4,+,2,+,3,+,1,+,1
003591,08.03.26, 10:00,1,+,4,+,4,+,1,+,3,+,4
003590,08.03.26, 09:00,5,+,4,+,4,+,3,+,3,+,1
003589,08.03.26, 08:00,3,+,4,+,1,+,4,+,2,+,3
003588,08.03.26, 07:00,1,+,5,+,6,+,4,+,1,+,5
003587,08.03.26, 06:00,2,+,2,+,4,+,5,+,3,+,2
003586,08.03.26, 05:00,5,+,4,+,1,+,1,+,5,+,3
003585,08.03.26, 04:00,1,+,1,+,5,+,6,+,2,+,5
003584,08.03.26, 03:00,6,+,5,+,3,+,4,+,3,+,6
003583,08.03.26, 02:00,4,+,5,+,5,+,2,+,5,+,2
003582,08.03.26, 00:00,4,+,3,+,3,+,1,+,2,+,6
003581,07.03.26, 23:00,6,+,5,+,4,+,2,+,5,+,3
003580,07.03.26, 22:00,5,+,4,+,4,+,5,+,2,+,1
003579,07.03.26, 21:00,6,+,3,+,1,+,4,+,2,+,2
003578,07.03.26, 20:00,5,+,5,+,3,+,2,+,6,+,1
003577,07.03.26, 19:00,1,+,4,+,3,+,6,+,2,+,1
003576,07.03.26, 18:00,4,+,3,+,3,+,6,+,3,+,2
003575,07.03.26, 17:00,4,+,4,+,4,+,6,+,1,+,6
003574,07.03.26, 16:00,3,+,1,+,5,+,1,+,5,+,5
003573,07.03.26, 15:00,1,+,4,+,2,+,3,+,5,+,3
003572,07.03.26, 14:00,1,+,1,+,6,+,3,+,4,+,3
003571,07.03.26, 13:00,3,+,2,+,1,+,5,+,6,+,2
003570,07.03.26, 12:00,4,+,2,+,6,+,6,+,5,+,6
003569,07.03.26, 11:00,6,+,6,+,3,+,2,+,6,+,1
003568,07.03.26, 10:00,1,+,4,+,1,+,5,+,1,+,6
003567,07.03.26, 09:00,4,+,5,+,1,+,3,+,5,+,1
003566,07.03.26, 08:00,3,+,1,+,5,+,4,+,2,+,1
003565,07.03.26, 07:00,4,+,4,+,2,+,2,+,1,+,5
003564,07.03.26, 06:00,1,+,6,+,4,+,2,+,3,+,6
003563,07.03.26, 05:00,4,+,6,+,6,+,1,+,5,+,4
003562,07.03.26, 04:00,5,+,3,+,1,+,5,+,4,+,3
003561,07.03.26, 03:00,5,+,1,+,5,+,6,+,4,+,6
003560,07.03.26, 02:00,1,+,4,+,4,+,1,+,4,+,5
003559,07.03.26, 01:00,2,+,4,+,4,+,1,+,6,+,3
003558,07.03.26, 00:00,3,+,6,+,3,+,4,+,6,+,5
003557,06.03.26, 23:00,4,+,5,+,3,+,3,+,4,+,2
003556,06.03.26, 22:00,5,+,4,+,5,+,1,+,5,+,6
003555,06.03.26, 21:00,2,+,1,+,4,+,1,+,3,+,3
003554,06.03.26, 20:00,5,+,6,+,3,+,4,+,2,+,2
003553,06.03.26, 19:00,4,+,3,+,3,+,2,+,3,+,1
003552,06.03.26, 18:00,3,+,6,+,3,+,4,+,4,+,6
003551,06.03.26, 17:00,3,+,5,+,6,+,1,+,1,+,4
003550,06.03.26, 16:00,6,+,6,+,5,+,1,+,1,+,4
003549,06.03.26, 15:00,1,+,1,+,2,+,6,+,1,+,5
003548,06.03.26, 14:00,2,+,4,+,6,+,5,+,6,+,6
003547,06.03.26, 13:00,2,+,3,+,5,+,4,+,2,+,5
003546,06.03.26, 12:00,2,+,6,+,3,+,3,+,4,+,6
003545,06.03.26, 11:00,4,+,3,+,5,+,5,+,2,+,6
003544,06.03.26, 10:00,1,+,4,+,4,+,4,+,3,+,3
003543,06.03.26, 09:00,3,+,2,+,2,+,2,+,3,+,4
003542,06.03.26, 08:00,4,+,3,+,1,+,3,+,5,+,6
003541,06.03.26, 07:00,3,+,3,+,1,+,3,+,1,+,5
003540,06.03.26, 06:00,5,+,5,+,3,+,5,+,5,+,4
003539,06.03.26, 05:00,5,+,6,+,1,+,1,+,6,+,4
003538,06.03.26, 04:00,6,+,3,+,2,+,1,+,5,+,1
003537,06.03.26, 03:00,3,+,2,+,2,+,2,+,1,+,4
003536,06.03.26, 02:00,4,+,5,+,2,+,5,+,1,+,1
003535,06.03.26, 01:00,3,+,4,+,2,+,6,+,6,+,4
003534,06.03.26, 00:00,5,+,4,+,4,+,1,+,5,+,4
003533,05.03.26, 23:00,3,+,5,+,1,+,4,+,1,+,6
003532,05.03.26, 22:00,6,+,6,+,2,+,5,+,5,+,5
003531,05.03.26, 21:00,5,+,2,+,3,+,2,+,4,+,1
003530,05.03.26, 20:00,1,+,1,+,3,+,4,+,2,+,1
003529,05.03.26, 19:00,6,+,5,+,2,+,6,+,5,+,1
003528,05.03.26, 18:00,1,+,6,+,4,+,4,+,2,+,6
003527,05.03.26, 17:00,6,+,4,+,2,+,6,+,4,+,1
003526,05.03.26, 16:00,1,+,1,+,1,+,5,+,3,+,1
003525,05.03.26, 15:00,3,+,6,+,5,+,2,+,6,+,1
003524,05.03.26, 14:00,2,+,5,+,6,+,5,+,5,+,4
003523,05.03.26, 13:00,4,+,4,+,5,+,1,+,2,+,2
003522,05.03.26, 12:00,3,+,2,+,4,+,6,+,3,+,6
003521,05.03.26, 11:00,3,+,4,+,3,+,2,+,5,+,6
003520,05.03.26, 10:00,6,+,3,+,1,+,6,+,3,+,6
003519,05.03.26, 09:00,4,+,4,+,3,+,2,+,2,+,1
003518,05.03.26, 08:00,2,+,1,+,2,+,4,+,1,+,6
003517,05.03.26, 07:00,5,+,6,+,4,+,4,+,5,+,5
003516,05.03.26, 06:00,6,+,6,+,2,+,2,+,4,+,5
003515,05.03.26, 05:00,2,+,6,+,6,+,3,+,2,+,3
003514,05.03.26, 04:00,3,+,3,+,3,+,2,+,1,+,1
003513,05.03.26, 03:00,3,+,5,+,2,+,3,+,5,+,3
003512,05.03.26, 02:00,2,+,6,+,3,+,1,+,2,+,3
003511,05.03.26, 01:00,4,+,3,+,6,+,6,+,4,+,1
003510,05.03.26, 00:00,1,+,1,+,3,+,2,+,5,+,6
003509,04.03.26, 23:00,4,+,4,+,3,+,1,+,6,+,6
003508,04.03.26, 22:00,2,+,1,+,2,+,4,+,1,+,2
003507,04.03.26, 21:00,4,+,3,+,4,+,3,+,5,+,2
003506,04.03.26, 20:00,6,+,5,+,1,+,4,+,2,+,3
003505,04.03.26, 19:00,4,+,4,+,1,+,3,+,2,+,4
003504,04.03.26, 18:00,5,+,4,+,5,+,6,+,4,+,5
003503,04.03.26, 17:00,4,+,4,+,6,+,2,+,5,+,3
003502,04.03.26, 16:00,4,+,5,+,3,+,3,+,3,+,4
003501,04.03.26, 15:00,5,+,5,+,4,+,1,+,5,+,4
003500,04.03.26, 14:00,2,+,2,+,4,+,2,+,6,+,6
003499,04.03.26, 13:00,4,+,5,+,5,+,5,+,3,+,1
003498,04.03.26, 12:00,2,+,4,+,6,+,4,+,5,+,1
003497,04.03.26, 11:00,1,+,4,+,5,+,4,+,2,+,5
003496,04.03.26, 10:00,4,+,3,+,6,+,5,+,3,+,2
003495,04.03.26, 09:00,6,+,3,+,4,+,1,+,2,+,3
003494,04.03.26, 08:00,1,+,3,+,2,+,1,+,4,+,3
003493,04.03.26, 07:00,3,+,3,+,3,+,1,+,6,+,4
003492,04.03.26, 06:00,4,+,4,+,3,+,5,+,2,+,6
003491,04.03.26, 05:00,4,+,4,+,5,+,4,+,3,+,4
003490,04.03.26, 04:00,3,+,5,+,4,+,2,+,3,+,5
003489,04.03.26, 03:00,3,+,2,+,6,+,6,+,4,+,6
003488,04.03.26, 02:00,5,+,4,+,2,+,3,+,2,+,6
003487,04.03.26, 01:00,6,+,3,+,1,+,2,+,5,+,6
003486,04.03.26, 00:00,1,+,5,+,5,+,3,+,1,+,4
003485,03.03.26, 23:00,3,+,6,+,2,+,3,+,1,+,1
003484,03.03.26, 22:00,5,+,4,+,2,+,3,+,1,+,1
003483,03.03.26, 21:00,4,+,3,+,1,+,6,+,2,+,1
003482,03.03.26, 20:00,5,+,5,+,5,+,3,+,3,+,4
003481,03.03.26, 19:00,4,+,2,+,5,+,4,+,5,+,4
003480,03.03.26, 18:00,2,+,2,+,5,+,3,+,4,+,4
003479,03.03.26, 17:00,2,+,5,+,3,+,6,+,2,+,5
003478,03.03.26, 16:00,4,+,1,+,6,+,4,+,4,+,5
003477,03.03.26, 15:00,1,+,1,+,6,+,2,+,1,+,4
003476,03.03.26, 14:00,5,+,4,+,4,+,4,+,2,+,2
003475,03.03.26, 13:00,5,+,4,+,2,+,1,+,6,+,4
003474,03.03.26, 12:00,5,+,6,+,5,+,5,+,2,+,2
003473,03.03.26, 11:00,5,+,2,+,3,+,6,+,6,+,1
003472,03.03.26, 10:00,1,+,2,+,6,+,4,+,1,+,1
003471,03.03.26, 09:00,5,+,4,+,5,+,5,+,1,+,4
003470,03.03.26, 08:00,4,+,5,+,1,+,2,+,4,+,2
003469,03.03.26, 07:00,6,+,1,+,1,+,5,+,1,+,5
003468,03.03.26, 06:00,4,+,4,+,2,+,4,+,6,+,5
003467,03.03.26, 05:00,1,+,5,+,3,+,1,+,1,+,1
003466,03.03.26, 04:00,6,+,2,+,6,+,4,+,4,+,2
003465,03.03.26, 03:00,2,+,6,+,6,+,5,+,6,+,5
003464,03.03.26, 02:00,5,+,2,+,5,+,4,+,5,+,5
003463,03.03.26, 01:00,3,+,5,+,1,+,2,+,1,+,4
003462,03.03.26, 00:00,2,+,3,+,5,+,2,+,1,+,4
003461,02.03.26, 23:00,4,+,4,+,5,+,1,+,4,+,2
003460,02.03.26, 22:00,2,+,5,+,5,+,1,+,1,+,6
003459,02.03.26, 21:00,2,+,5,+,5,+,1,+,4,+,5
003458,02.03.26, 20:00,2,+,5,+,2,+,5,+,6,+,3
003457,02.03.26, 19:00,5,+,5,+,1,+,3,+,3,+,3
003456,02.03.26, 18:00,6,+,2,+,1,+,2,+,2,+,4
003455,02.03.26, 17:00,2,+,5,+,4,+,3,+,3,+,5
003454,02.03.26, 16:00,1,+,3,+,4,+,3,+,2,+,5
003453,02.03.26, 15:00,6,+,3,+,3,+,3,+,6,+,1
003452,02.03.26, 14:00,2,+,4,+,6,+,3,+,4,+,5
003451,02.03.26, 13:00,3,+,6,+,5,+,3,+,3,+,6
003450,02.03.26, 12:00,6,+,2,+,5,+,2,+,6,+,3
003449,02.03.26, 11:00,2,+,6,+,4,+,1,+,3,+,4
003448,02.03.26, 10:00,2,+,1,+,2,+,6,+,6,+,4
003447,02.03.26, 09:00,2,+,2,+,3,+,6,+,3,+,3
003446,02.03.26, 08:00,6,+,4,+,2,+,4,+,6,+,1
003445,02.03.26, 07:00,4,+,4,+,5,+,2,+,3,+,3
003444,02.03.26, 06:00,2,+,4,+,3,+,1,+,1,+,4
003443,02.03.26, 05:00,4,+,5,+,2,+,3,+,6,+,4
003442,02.03.26, 04:00,1,+,3,+,1,+,3,+,6,+,5
003441,02.03.26, 03:00,6,+,2,+,5,+,6,+,5,+,1
003440,02.03.26, 02:00,5,+,5,+,5,+,4,+,5,+,3
003439,02.03.26, 01:00,3,+,6,+,2,+,5,+,6,+,2
003438,02.03.26, 00:00,3,+,6,+,3,+,1,+,3,+,1
003437,01.03.26, 23:00,2,+,2,+,6,+,3,+,5,+,3
003436,01.03.26, 21:00,6,+,5,+,3,+,6,+,6,+,2
003435,01.03.26, 20:00,2,+,3,+,6,+,2,+,5,+,6
003434,01.03.26, 17:00,5,+,6,+,5,+,3,+,3,+,5
003433,01.03.26, 14:00,3,+,5,+,6,+,5,+,4,+,2
003432,01.03.26, 12:00,6,+,6,+,1,+,4,+,4,+,4
003431,01.03.26, 09:00,5,+,3,+,3,+,3,+,2,+,2
003430,01.03.26, 08:00,3,+,3,+,3,+,6,+,1,+,4
003429,01.03.26, 05:00,5,+,4,+,2,+,6,+,5,+,5
003428,01.03.26, 04:00,6,+,6,+,5,+,4,+,3,+,5
003427,01.03.26, 03:00,5,+,1,+,2,+,5,+,5,+,6
003426,01.03.26, 02:00,3,+,3,+,4,+,2,+,1,+,6
003425,28.02.26, 23:00,5,+,5,+,4,+,1,+,1,+,6
003424,28.02.26, 22:00,5,+,4,+,1,+,3,+,5,+,5
003423,28.02.26, 21:00,1,+,4,+,3,+,3,+,6,+,4
003422,28.02.26, 20:00,5,+,1,+,4,+,4,+,3,+,1
003421,28.02.26, 19:00,5,+,3,+,1,+,1,+,2,+,5
003420,28.02.26, 18:00,2,+,1,+,6,+,6,+,5,+,6
003419,28.02.26, 17:00,1,+,5,+,4,+,3,+,1,+,2
003418,28.02.26, 16:00,1,+,3,+,5,+,3,+,4,+,4
003417,28.02.26, 15:00,3,+,5,+,1,+,4,+,6,+,1
003416,28.02.26, 14:00,5,+,3,+,5,+,1,+,2,+,6
003415,28.02.26, 13:00,2,+,2,+,5,+,3,+,6,+,2
003414,28.02.26, 12:00,5,+,4,+,4,+,1,+,2,+,4
003413,28.02.26, 11:00,4,+,6,+,1,+,1,+,5,+,6
003412,28.02.26, 10:00,5,+,1,+,2,+,1,+,5,+,6
003411,28.02.26, 09:00,5,+,1,+,4,+,5,+,1,+,5
003410,28.02.26, 08:00,2,+,6,+,3,+,6,+,4,+,5
003409,28.02.26, 07:00,1,+,1,+,5,+,1,+,6,+,6
003408,28.02.26, 06:00,2,+,4,+,2,+,6,+,1,+,2
003407,28.02.26, 05:00,2,+,2,+,2,+,5,+,6,+,3
003406,28.02.26, 04:00,3,+,5,+,2,+,3,+,6,+,1
003405,28.02.26, 03:00,5,+,1,+,5,+,3,+,3,+,3
003404,28.02.26, 02:00,4,+,6,+,4,+,5,+,4,+,2
003403,28.02.26, 01:00,2,+,5,+,2,+,6,+,3,+,4
003402,28.02.26, 00:00,5,+,5,+,3,+,4,+,3,+,5
003401,27.02.26, 23:30,4,+,2,+,3,+,6,+,4,+,4
003400,27.02.26, 23:00,5,+,6,+,4,+,6,+,5,+,4
003399,27.02.26, 22:45,2,+,3,+,2,+,1,+,3,+,5
003398,27.02.26, 22:00,2,+,5,+,4,+,4,+,2,+,1
003397,27.02.26, 21:00,1,+,5,+,1,+,5,+,2,+,3
003396,27.02.26, 20:30,4,+,2,+,1,+,4,+,3,+,4
003395,27.02.26, 20:00,6,+,6,+,6,+,1,+,6,+,5
003394,27.02.26, 19:45,4,+,4,+,4,+,3,+,6,+,5
003393,27.02.26, 19:00,4,+,4,+,1,+,4,+,1,+,4
003392,27.02.26, 18:15,5,+,4,+,4,+,4,+,3,+,6
003391,27.02.26, 18:00,4,+,4,+,1,+,5,+,4,+,2
003390,27.02.26, 17:30,1,+,6,+,5,+,5,+,2,+,4
003389,27.02.26, 17:00,6,+,4,+,1,+,5,+,4,+,6
003388,27.02.26, 16:00,5,+,6,+,3,+,1,+,6,+,2
003387,27.02.26, 15:00,1,+,4,+,6,+,4,+,1,+,5
003386,27.02.26, 14:30,4,+,1,+,4,+,2,+,4,+,2
003385,27.02.26, 14:00,2,+,5,+,2,+,1,+,6,+,4
003384,27.02.26, 13:45,5,+,5,+,5,+,6,+,2,+,4
003383,27.02.26, 13:00,2,+,3,+,6,+,6,+,1,+,3
003382,27.02.26, 12:00,1,+,3,+,1,+,1,+,6,+,4
003381,27.02.26, 11:30,1,+,2,+,2,+,6,+,1,+,3
003380,27.02.26, 11:00,3,+,4,+,2,+,1,+,2,+,4
003379,27.02.26, 10:00,1,+,6,+,4,+,1,+,3,+,2
003378,27.02.26, 09:30,1,+,4,+,2,+,1,+,3,+,6
003377,27.02.26, 09:00,5,+,1,+,4,+,5,+,6,+,2
003376,27.02.26, 08:30,4,+,4,+,6,+,3,+,6,+,5
003375,27.02.26, 08:00,2,+,5,+,5,+,3,+,4,+,2
003374,27.02.26, 07:00,6,+,1,+,1,+,3,+,1,+,6
003373,27.02.26, 06:00,4,+,3,+,5,+,5,+,3,+,5
003372,27.02.26, 05:30,5,+,1,+,1,+,3,+,3,+,5
003371,27.02.26, 05:00,6,+,3,+,3,+,1,+,2,+,3
003370,27.02.26, 04:00,4,+,6,+,2,+,2,+,4,+,1
003369,27.02.26, 03:00,6,+,1,+,2,+,5,+,4,+,2
003368,27.02.26, 02:30,6,+,1,+,5,+,2,+,4,+,3
003367,27.02.26, 02:00,4,+,5,+,4,+,4,+,2,+,2
003366,27.02.26, 01:30,2,+,2,+,1,+,5,+,6,+,3
003365,27.02.26, 01:00,1,+,4,+,1,+,3,+,1,+,4
003364,27.02.26, 00:30,3,+,3,+,1,+,1,+,5,+,4
003363,27.02.26, 00:00,1,+,1,+,6,+,2,+,1,+,4
003362,26.02.26, 23:00,1,+,1,+,3,+,6,+,1,+,5
003361,26.02.26, 22:00,4,+,1,+,2,+,5,+,1,+,6
003360,26.02.26, 21:00,4,+,3,+,2,+,5,+,4,+,1
003359,26.02.26, 20:00,1,+,2,+,6,+,3,+,5,+,2
003358,26.02.26, 19:00,5,+,2,+,5,+,1,+,4,+,6
003357,26.02.26, 18:00,3,+,3,+,4,+,4,+,4,+,5
003356,26.02.26, 17:00,5,+,1,+,6,+,2,+,5,+,1
003355,26.02.26, 16:00,1,+,2,+,2,+,2,+,2,+,1
003354,26.02.26, 15:00,1,+,6,+,5,+,6,+,1,+,6
003353,26.02.26, 14:00,1,+,3,+,2,+,5,+,1,+,3
003352,26.02.26, 13:00,3,+,1,+,5,+,4,+,5,+,3
003351,26.02.26, 12:00,4,+,6,+,6,+,1,+,2,+,1
003350,26.02.26, 11:00,1,+,5,+,6,+,4,+,1,+,4
003349,26.02.26, 10:00,1,+,2,+,4,+,3,+,1,+,1
003348,26.02.26, 09:00,5,+,6,+,1,+,4,+,4,+,4
003347,26.02.26, 08:00,5,+,6,+,3,+,4,+,4,+,4
003346,26.02.26, 07:00,4,+,3,+,1,+,2,+,2,+,6
003345,26.02.26, 06:00,4,+,6,+,5,+,6,+,3,+,1
003344,26.02.26, 05:00,5,+,3,+,6,+,2,+,3,+,6
003343,26.02.26, 04:00,3,+,6,+,2,+,6,+,6,+,2
003342,26.02.26, 03:00,6,+,6,+,4,+,5,+,5,+,6
003341,26.02.26, 02:00,2,+,1,+,1,+,3,+,6,+,4
003340,26.02.26, 01:00,2,+,4,+,3,+,4,+,5,+,3
003339,26.02.26, 00:00,6,+,5,+,2,+,4,+,2,+,5
003338,25.02.26, 23:00,6,+,4,+,4,+,2,+,2,+,5
003337,25.02.26, 21:00,4,+,2,+,2,+,6,+,3,+,6
003336,25.02.26, 20:00,1,+,5,+,5,+,1,+,6,+,1
003335,25.02.26, 17:00,1,+,5,+,5,+,1,+,1,+,3
003334,25.02.26, 14:00,2,+,6,+,3,+,1,+,6,+,3
003333,25.02.26, 12:00,4,+,1,+,6,+,3,+,1,+,6
003332,25.02.26, 09:00,1,+,6,+,2,+,6,+,4,+,2
003331,25.02.26, 08:00,3,+,3,+,5,+,3,+,1,+,5
003330,25.02.26, 05:00,4,+,5,+,1,+,5,+,4,+,3
003329,25.02.26, 04:00,5,+,3,+,4,+,3,+,5,+,6
003328,25.02.26, 03:00,3,+,3,+,6,+,6,+,1,+,6
003327,25.02.26, 02:00,6,+,1,+,5,+,6,+,6,+,3
003326,25.02.26, 00:00,3,+,6,+,6,+,3,+,1,+,6
003325,24.02.26, 23:00,3,+,1,+,5,+,4,+,4,+,2
003324,24.02.26, 22:00,5,+,3,+,6,+,5,+,1,+,2
003323,24.02.26, 21:00,5,+,3,+,1,+,4,+,3,+,4
003322,24.02.26, 20:00,3,+,3,+,1,+,2,+,1,+,1
003321,24.02.26, 19:00,3,+,4,+,2,+,3,+,3,+,5
003320,24.02.26, 18:00,1,+,6,+,2,+,2,+,5,+,3
003319,24.02.26, 17:00,4,+,1,+,3,+,2,+,4,+,2
003318,24.02.26, 16:00,5,+,2,+,1,+,4,+,5,+,4
003317,24.02.26, 15:00,3,+,3,+,1,+,2,+,5,+,2
003316,24.02.26, 14:00,1,+,5,+,3,+,6,+,1,+,4
003315,24.02.26, 13:00,2,+,3,+,4,+,4,+,1,+,2
003314,24.02.26, 12:00,1,+,6,+,4,+,3,+,6,+,1
003313,24.02.26, 11:00,1,+,3,+,1,+,1,+,3,+,4
003312,24.02.26, 10:00,6,+,2,+,1,+,4,+,6,+,2
003311,24.02.26, 09:00,6,+,5,+,1,+,2,+,5,+,2
003310,24.02.26, 08:00,1,+,5,+,2,+,5,+,2,+,5
003309,24.02.26, 07:00,1,+,5,+,1,+,5,+,4,+,6
003308,24.02.26, 06:00,6,+,6,+,3,+,1,+,2,+,4
003307,24.02.26, 05:00,5,+,5,+,3,+,5,+,6,+,2
003306,24.02.26, 04:00,3,+,1,+,1,+,1,+,6,+,1
003305,24.02.26, 03:00,6,+,1,+,3,+,5,+,5,+,5
003304,24.02.26, 02:00,2,+,4,+,1,+,4,+,5,+,4
003303,24.02.26, 01:00,2,+,1,+,2,+,6,+,3,+,5
003302,24.02.26, 00:00,1,+,1,+,5,+,2,+,6,+,2
003301,23.02.26, 23:00,2,+,4,+,3,+,5,+,1,+,1
003300,23.02.26, 22:00,3,+,3,+,3,+,4,+,4,+,5
003299,23.02.26, 21:00,5,+,4,+,3,+,2,+,1,+,5
003298,23.02.26, 20:00,6,+,5,+,3,+,2,+,3,+,5
003297,23.02.26, 19:00,5,+,6,+,2,+,5,+,3,+,2
003296,23.02.26, 18:00,2,+,6,+,2,+,5,+,5,+,4
003295,23.02.26, 17:00,6,+,3,+,3,+,2,+,6,+,5
003294,23.02.26, 16:00,6,+,3,+,6,+,4,+,1,+,3
003293,23.02.26, 15:00,1,+,2,+,5,+,4,+,4,+,3
003292,23.02.26, 14:00,2,+,5,+,4,+,2,+,3,+,4
003291,23.02.26, 13:00,5,+,4,+,4,+,4,+,6,+,3
003290,23.02.26, 12:00,3,+,4,+,4,+,5,+,3,+,6
003289,23.02.26, 11:00,3,+,5,+,2,+,2,+,2,+,6
003288,23.02.26, 10:00,4,+,1,+,1,+,3,+,4,+,4
003287,23.02.26, 09:00,6,+,3,+,2,+,4,+,3,+,5
003286,23.02.26, 08:00,5,+,5,+,1,+,1,+,6,+,3
003285,23.02.26, 07:00,4,+,5,+,2,+,6,+,4,+,3
003284,23.02.26, 06:00,1,+,1,+,5,+,1,+,1,+,3
003283,23.02.26, 05:00,2,+,3,+,1,+,3,+,1,+,6
003282,23.02.26, 04:00,5,+,5,+,4,+,4,+,2,+,6
003281,23.02.26, 03:00,6,+,6,+,4,+,3,+,4,+,4
003280,23.02.26, 02:00,3,+,6,+,6,+,4,+,3,+,1
003279,23.02.26, 01:00,1,+,5,+,5,+,4,+,1,+,6
003278,23.02.26, 00:00,4,+,3,+,5,+,6,+,4,+,3
003277,22.02.26, 23:00,3,+,2,+,4,+,6,+,6,+,1
003276,22.02.26, 22:00,2,+,6,+,3,+,2,+,1,+,6
003275,22.02.26, 21:00,5,+,3,+,3,+,5,+,5,+,1
003274,22.02.26, 20:00,6,+,1,+,4,+,6,+,1,+,4
003273,22.02.26, 19:00,2,+,5,+,4,+,4,+,3,+,3
003272,22.02.26, 18:00,1,+,5,+,6,+,4,+,1,+,1
003271,22.02.26, 17:00,4,+,2,+,3,+,6,+,2,+,5
003270,22.02.26, 16:00,3,+,5,+,5,+,5,+,4,+,5
003269,22.02.26, 15:00,3,+,1,+,3,+,5,+,2,+,5
003268,22.02.26, 14:00,1,+,1,+,6,+,2,+,3,+,6
003267,22.02.26, 13:00,3,+,4,+,1,+,5,+,2,+,4
003266,22.02.26, 12:00,1,+,2,+,2,+,1,+,4,+,2
003265,22.02.26, 11:00,5,+,5,+,5,+,5,+,4,+,1
003264,22.02.26, 10:00,1,+,2,+,6,+,3,+,3,+,6
003263,22.02.26, 09:00,6,+,6,+,2,+,5,+,4,+,3
003262,22.02.26, 08:00,6,+,6,+,1,+,1,+,6,+,5
003261,22.02.26, 07:00,5,+,4,+,6,+,1,+,6,+,5
003260,22.02.26, 06:00,3,+,2,+,4,+,3,+,2,+,4
003259,22.02.26, 05:00,5,+,6,+,4,+,2,+,3,+,6
003258,22.02.26, 04:00,3,+,3,+,4,+,4,+,6,+,5
003257,22.02.26, 03:00,2,+,5,+,5,+,2,+,3,+,5
003256,22.02.26, 02:00,3,+,3,+,6,+,5,+,3,+,2
003255,22.02.26, 00:00,4,+,3,+,6,+,5,+,2,+,1
003254,21.02.26, 23:00,1,+,1,+,1,+,1,+,1,+,1
003253,21.02.26, 22:00,1,+,6,+,4,+,1,+,2,+,1
003252,21.02.26, 21:00,6,+,6,+,2,+,6,+,3,+,1
003251,21.02.26, 20:00,4,+,5,+,6,+,1,+,5,+,4
003250,21.02.26, 19:00,6,+,3,+,1,+,5,+,4,+,3
003249,21.02.26, 18:00,6,+,2,+,4,+,4,+,4,+,4
003248,21.02.26, 17:00,3,+,4,+,5,+,6,+,6,+,3
003247,21.02.26, 16:00,6,+,6,+,6,+,1,+,3,+,5
003246,21.02.26, 15:00,1,+,1,+,2,+,4,+,2,+,1
003245,21.02.26, 14:00,4,+,3,+,4,+,2,+,2,+,4
003244,21.02.26, 13:00,4,+,6,+,6,+,1,+,6,+,2
003243,21.02.26, 12:00,4,+,3,+,5,+,5,+,2,+,5
003242,21.02.26, 11:00,4,+,5,+,1,+,5,+,6,+,3
003241,21.02.26, 10:00,4,+,2,+,5,+,3,+,4,+,6
003240,21.02.26, 09:00,3,+,3,+,2,+,2,+,6,+,2
003239,21.02.26, 08:00,2,+,3,+,4,+,4,+,3,+,4
003238,21.02.26, 07:00,2,+,2,+,1,+,3,+,1,+,5
003237,21.02.26, 06:00,2,+,3,+,1,+,1,+,1,+,2
003236,21.02.26, 05:00,6,+,3,+,5,+,6,+,3,+,6
003235,21.02.26, 04:00,6,+,2,+,6,+,5,+,3,+,2
003234,21.02.26, 03:00,5,+,6,+,4,+,5,+,3,+,1
003233,21.02.26, 02:00,5,+,3,+,6,+,2,+,3,+,5
003232,21.02.26, 01:00,3,+,1,+,1,+,3,+,6,+,1
003231,21.02.26, 00:00,1,+,1,+,2,+,2,+,5,+,1
003230,20.02.26, 23:00,6,+,5,+,6,+,1,+,3,+,1
003229,20.02.26, 22:00,5,+,5,+,6,+,5,+,2,+,3
003228,20.02.26, 21:00,2,+,1,+,1,+,6,+,3,+,3
003227,20.02.26, 20:00,2,+,4,+,5,+,2,+,2,+,5
003226,20.02.26, 19:00,1,+,6,+,2,+,5,+,5,+,3
003225,20.02.26, 18:00,3,+,5,+,5,+,2,+,3,+,3
003224,20.02.26, 17:00,2,+,2,+,6,+,2,+,2,+,6
003223,20.02.26, 16:00,6,+,6,+,2,+,1,+,1,+,6
003222,20.02.26, 15:00,1,+,6,+,4,+,1,+,6,+,5
003221,20.02.26, 14:00,4,+,5,+,4,+,6,+,2,+,5
003220,20.02.26, 13:00,2,+,5,+,4,+,2,+,3,+,1
003219,20.02.26, 12:00,3,+,3,+,1,+,5,+,3,+,4
003218,20.02.26, 11:00,6,+,2,+,1,+,4,+,4,+,1
003217,20.02.26, 10:00,4,+,6,+,1,+,5,+,5,+,1
003216,20.02.26, 09:00,2,+,6,+,1,+,2,+,4,+,3
003215,20.02.26, 08:00,3,+,4,+,3,+,1,+,4,+,4
003214,20.02.26, 07:00,5,+,4,+,6,+,5,+,6,+,2
003213,20.02.26, 06:00,2,+,4,+,6,+,2,+,1,+,4
003212,20.02.26, 05:00,2,+,2,+,3,+,4,+,1,+,6
003211,20.02.26, 04:00,1,+,6,+,1,+,3,+,2,+,2
003210,20.02.26, 03:00,3,+,3,+,1,+,5,+,6,+,4
003209,20.02.26, 02:00,3,+,4,+,2,+,6,+,3,+,5
003208,20.02.26, 01:00,4,+,3,+,1,+,2,+,1,+,1
003207,20.02.26, 00:00,4,+,1,+,2,+,1,+,4,+,1
003206,19.02.26, 23:00,1,+,6,+,3,+,5,+,3,+,6
003205,19.02.26, 22:00,6,+,6,+,6,+,2,+,1,+,4
003204,19.02.26, 21:00,4,+,1,+,1,+,2,+,3,+,5
003203,19.02.26, 20:00,5,+,4,+,2,+,3,+,5,+,4
003202,19.02.26, 19:00,6,+,1,+,6,+,1,+,1,+,3
003201,19.02.26, 18:00,6,+,3,+,3,+,5,+,5,+,4
003200,19.02.26, 17:00,3,+,2,+,4,+,4,+,6,+,2
003199,19.02.26, 16:00,6,+,6,+,5,+,3,+,2,+,2
003198,19.02.26, 15:00,6,+,5,+,6,+,6,+,1,+,6
003197,19.02.26, 14:00,6,+,6,+,5,+,3,+,2,+,2
003196,19.02.26, 13:00,6,+,3,+,6,+,5,+,3,+,1
003195,19.02.26, 12:00,3,+,1,+,4,+,5,+,4,+,2
003194,19.02.26, 11:00,3,+,1,+,4,+,6,+,4,+,2
003193,19.02.26, 10:00,6,+,5,+,4,+,5,+,1,+,5
003192,19.02.26, 09:00,5,+,6,+,6,+,6,+,6,+,1
003191,19.02.26, 08:00,5,+,1,+,1,+,2,+,5,+,3
003190,19.02.26, 07:00,2,+,2,+,4,+,4,+,1,+,3
003189,19.02.26, 06:00,5,+,3,+,5,+,5,+,2,+,2
003188,19.02.26, 05:00,4,+,3,+,6,+,3,+,3,+,5
003187,19.02.26, 04:00,3,+,5,+,5,+,5,+,3,+,6
003186,19.02.26, 03:00,4,+,1,+,2,+,5,+,6,+,1
003185,19.02.26, 02:00,2,+,5,+,2,+,6,+,6,+,5
003184,19.02.26, 01:00,6,+,3,+,2,+,5,+,2,+,2
003183,19.02.26, 00:00,1,+,2,+,5,+,3,+,2,+,1
003182,18.02.26, 23:00,2,+,2,+,1,+,5,+,5,+,6
003181,18.02.26, 22:00,3,+,4,+,2,+,5,+,2,+,3
003180,18.02.26, 21:00,2,+,4,+,4,+,4,+,2,+,2
003179,18.02.26, 20:00,4,+,5,+,1,+,2,+,6,+,4
003178,18.02.26, 19:00,4,+,3,+,5,+,2,+,6,+,1
003177,18.02.26, 18:00,3,+,4,+,4,+,5,+,3,+,2
003176,18.02.26, 17:00,3,+,2,+,1,+,4,+,3,+,4
003175,18.02.26, 16:00,3,+,4,+,5,+,6,+,3,+,3
003174,18.02.26, 15:00,5,+,3,+,3,+,5,+,3,+,3
003173,18.02.26, 14:00,1,+,3,+,2,+,6,+,3,+,5
003172,18.02.26, 13:00,3,+,5,+,5,+,3,+,2,+,2
003171,18.02.26, 12:00,4,+,6,+,3,+,1,+,5,+,6
003170,18.02.26, 11:00,6,+,3,+,1,+,6,+,4,+,6
003169,18.02.26, 10:00,2,+,6,+,2,+,6,+,5,+,6
003168,18.02.26, 09:00,4,+,5,+,6,+,5,+,4,+,4
003167,18.02.26, 08:00,6,+,4,+,1,+,5,+,3,+,1
003166,18.02.26, 07:00,5,+,5,+,2,+,5,+,5,+,1
003165,18.02.26, 06:00,4,+,5,+,3,+,1,+,1,+,4
003164,18.02.26, 05:00,2,+,6,+,1,+,5,+,2,+,5
003163,18.02.26, 04:00,4,+,3,+,3,+,4,+,3,+,4
003162,18.02.26, 03:00,3,+,1,+,2,+,6,+,4,+,3
003161,18.02.26, 02:00,6,+,6,+,3,+,2,+,5,+,6
003160,18.02.26, 01:00,1,+,1,+,6,+,5,+,3,+,2
003159,18.02.26, 00:00,3,+,5,+,6,+,3,+,6,+,6
003158,17.02.26, 23:00,1,+,2,+,1,+,2,+,2,+,3
003157,17.02.26, 22:00,2,+,1,+,2,+,2,+,1,+,1
003156,17.02.26, 21:00,4,+,6,+,2,+,2,+,6,+,3
003155,17.02.26, 20:00,3,+,1,+,1,+,4,+,3,+,6
003154,17.02.26, 19:00,6,+,6,+,4,+,2,+,4,+,4
003153,17.02.26, 18:00,6,+,5,+,5,+,6,+,1,+,6
003152,17.02.26, 17:00,1,+,5,+,3,+,4,+,4,+,4
003151,17.02.26, 16:00,5,+,3,+,5,+,4,+,3,+,6
003150,17.02.26, 15:00,5,+,3,+,2,+,1,+,1,+,3
003149,17.02.26, 14:00,2,+,3,+,4,+,2,+,5,+,6
003148,17.02.26, 13:00,3,+,6,+,3,+,2,+,3,+,3
003147,17.02.26, 12:00,1,+,4,+,1,+,1,+,5,+,3
003146,17.02.26, 11:00,2,+,1,+,4,+,1,+,5,+,5
003145,17.02.26, 10:00,5,+,2,+,5,+,5,+,4,+,5
003144,17.02.26, 09:00,3,+,3,+,1,+,1,+,3,+,6
003143,17.02.26, 08:00,4,+,5,+,1,+,4,+,5,+,3
003142,17.02.26, 07:00,6,+,3,+,1,+,2,+,5,+,1
003141,17.02.26, 06:00,5,+,1,+,6,+,4,+,5,+,1
003140,17.02.26, 05:00,1,+,4,+,2,+,3,+,1,+,2
003139,17.02.26, 04:00,6,+,2,+,4,+,3,+,5,+,2
003138,17.02.26, 03:00,1,+,2,+,2,+,5,+,4,+,6
003137,17.02.26, 02:00,4,+,1,+,2,+,4,+,5,+,1
003136,17.02.26, 01:00,6,+,3,+,1,+,6,+,4,+,6
003135,17.02.26, 00:00,6,+,3,+,6,+,6,+,2,+,6
003134,16.02.26, 23:00,5,+,4,+,5,+,4,+,2,+,4
003133,16.02.26, 22:00,5,+,6,+,1,+,5,+,2,+,1
003132,16.02.26, 21:00,5,+,5,+,5,+,6,+,2,+,1
003131,16.02.26, 20:00,2,+,1,+,6,+,2,+,1,+,3
003130,16.02.26, 19:00,5,+,6,+,2,+,3,+,3,+,2
003129,16.02.26, 18:00,4,+,1,+,4,+,6,+,2,+,6
003128,16.02.26, 17:00,1,+,1,+,5,+,2,+,5,+,3
003127,16.02.26, 16:00,3,+,2,+,3,+,5,+,6,+,3
003126,16.02.26, 15:00,6,+,1,+,6,+,5,+,2,+,6
003125,16.02.26, 14:00,6,+,6,+,3,+,6,+,3,+,5
003124,16.02.26, 13:00,2,+,1,+,6,+,1,+,3,+,3
003123,16.02.26, 12:00,1,+,2,+,2,+,2,+,5,+,4
003122,16.02.26, 11:00,3,+,6,+,4,+,3,+,5,+,4
003121,16.02.26, 10:00,2,+,6,+,2,+,1,+,6,+,3
003120,16.02.26, 09:00,4,+,1,+,2,+,5,+,2,+,5
003119,16.02.26, 08:00,4,+,6,+,1,+,4,+,5,+,2
003118,16.02.26, 07:00,4,+,3,+,6,+,1,+,4,+,2
003117,16.02.26, 06:00,4,+,2,+,3,+,3,+,2,+,2
003116,16.02.26, 05:00,6,+,1,+,4,+,4,+,4,+,5
003115,16.02.26, 04:00,3,+,5,+,4,+,4,+,2,+,6
003114,16.02.26, 03:00,1,+,3,+,5,+,3,+,1,+,5
003113,16.02.26, 02:00,1,+,2,+,3,+,1,+,5,+,1
003112,16.02.26, 01:00,3,+,3,+,1,+,4,+,2,+,6
003111,16.02.26, 00:00,5,+,4,+,5,+,5,+,1,+,4
003110,15.02.26, 23:00,3,+,6,+,1,+,5,+,2,+,5
003109,15.02.26, 22:00,6,+,2,+,2,+,1,+,1,+,5
003108,15.02.26, 21:00,6,+,3,+,6,+,3,+,2,+,2
003107,15.02.26, 20:00,1,+,4,+,3,+,5,+,3,+,5
003106,15.02.26, 19:00,5,+,2,+,2,+,1,+,4,+,4
003105,15.02.26, 18:00,1,+,6,+,3,+,2,+,3,+,4
003104,15.02.26, 17:00,4,+,3,+,4,+,2,+,2,+,4
003103,15.02.26, 16:00,1,+,3,+,4,+,5,+,2,+,1
003102,15.02.26, 15:00,5,+,5,+,5,+,4,+,3,+,4
003101,15.02.26, 14:00,6,+,4,+,2,+,6,+,5,+,4
003100,15.02.26, 13:00,1,+,3,+,4,+,1,+,4,+,6
003099,15.02.26, 12:00,3,+,5,+,1,+,4,+,1,+,3
003098,15.02.26, 11:00,2,+,3,+,3,+,6,+,4,+,2
003097,15.02.26, 10:00,6,+,5,+,1,+,3,+,2,+,2
003096,15.02.26, 09:00,3,+,1,+,3,+,2,+,3,+,6
003095,15.02.26, 08:00,2,+,5,+,1,+,2,+,1,+,4
003094,15.02.26, 07:00,2,+,5,+,1,+,6,+,3,+,4
003093,15.02.26, 06:00,2,+,4,+,1,+,4,+,2,+,4
003092,15.02.26, 05:00,6,+,6,+,5,+,3,+,6,+,2
003091,15.02.26, 04:00,2,+,6,+,2,+,5,+,1,+,6
003090,15.02.26, 03:00,5,+,5,+,4,+,2,+,2,+,5
003089,15.02.26, 02:00,6,+,5,+,1,+,1,+,4,+,5
003088,15.02.26, 00:00,5,+,6,+,5,+,2,+,6,+,4
003087,14.02.26, 23:00,1,+,6,+,5,+,6,+,6,+,3
003086,14.02.26, 22:00,3,+,5,+,3,+,3,+,1,+,3
003085,14.02.26, 21:00,3,+,4,+,2,+,2,+,3,+,1
003084,14.02.26, 20:00,4,+,6,+,4,+,4,+,2,+,4
003083,14.02.26, 19:00,3,+,5,+,5,+,2,+,4,+,2
003082,14.02.26, 18:00,1,+,3,+,1,+,3,+,1,+,5
003081,14.02.26, 17:00,1,+,3,+,2,+,5,+,3,+,3
003080,14.02.26, 16:00,1,+,2,+,2,+,3,+,4,+,1
003079,14.02.26, 15:00,3,+,5,+,5,+,6,+,4,+,1
003078,14.02.26, 14:00,5,+,5,+,2,+,2,+,2,+,6
003077,14.02.26, 13:00,6,+,2,+,2,+,1,+,2,+,5
003076,14.02.26, 12:00,2,+,2,+,4,+,5,+,1,+,6
003075,14.02.26, 11:00,2,+,5,+,1,+,5,+,5,+,3
003074,14.02.26, 10:00,4,+,3,+,2,+,3,+,6,+,4
003073,14.02.26, 09:00,4,+,1,+,6,+,4,+,3,+,2
003072,14.02.26, 08:00,5,+,2,+,5,+,6,+,2,+,1
003071,14.02.26, 07:00,3,+,3,+,4,+,6,+,4,+,4
003070,14.02.26, 06:00,2,+,4,+,3,+,6,+,6,+,6
003069,14.02.26, 05:00,4,+,5,+,4,+,3,+,5,+,3
003068,14.02.26, 04:00,1,+,5,+,3,+,6,+,2,+,2
003067,14.02.26, 03:00,2,+,6,+,4,+,2,+,4,+,6
003066,14.02.26, 02:00,5,+,2,+,1,+,2,+,4,+,2
003065,14.02.26, 01:00,3,+,3,+,6,+,3,+,5,+,6
003064,14.02.26, 00:00,4,+,1,+,2,+,1,+,5,+,1
003063,13.02.26, 23:00,6,+,3,+,3,+,3,+,4,+,3
003062,13.02.26, 22:00,2,+,2,+,3,+,5,+,1,+,4
003061,13.02.26, 21:00,5,+,2,+,1,+,1,+,1,+,6
003060,13.02.26, 20:00,4,+,6,+,5,+,1,+,6,+,5
003059,13.02.26, 19:00,5,+,6,+,1,+,2,+,5,+,5
003058,13.02.26, 18:00,4,+,5,+,4,+,5,+,5,+,4
003057,13.02.26, 17:00,6,+,6,+,3,+,6,+,4,+,5
003056,13.02.26, 16:00,5,+,1,+,5,+,1,+,3,+,6
003055,13.02.26, 15:00,5,+,1,+,5,+,4,+,5,+,6
003054,13.02.26, 14:00,3,+,2,+,3,+,5,+,4,+,2
003053,13.02.26, 13:00,2,+,4,+,2,+,5,+,6,+,2
003052,13.02.26, 12:00,3,+,2,+,6,+,6,+,2,+,6
003051,13.02.26, 11:00,5,+,4,+,1,+,5,+,4,+,5
003050,13.02.26, 10:00,2,+,6,+,1,+,1,+,5,+,1
003049,13.02.26, 09:00,4,+,6,+,5,+,4,+,6,+,6
003048,13.02.26, 08:00,6,+,2,+,5,+,5,+,3,+,2
003047,13.02.26, 07:00,3,+,3,+,5,+,2,+,2,+,2
003046,13.02.26, 06:00,2,+,4,+,3,+,6,+,6,+,2
003045,13.02.26, 05:00,3,+,6,+,5,+,6,+,5,+,6
003044,13.02.26, 04:00,5,+,3,+,1,+,3,+,4,+,4
003043,13.02.26, 03:00,5,+,6,+,1,+,3,+,3,+,3
003042,13.02.26, 02:00,6,+,3,+,6,+,5,+,4,+,3
003041,13.02.26, 01:00,1,+,3,+,1,+,4,+,6,+,5
003040,13.02.26, 00:00,4,+,6,+,5,+,3,+,3,+,6
003039,12.02.26, 23:00,4,+,5,+,2,+,4,+,4,+,5
003038,12.02.26, 22:00,5,+,1,+,5,+,3,+,3,+,2
003037,12.02.26, 21:00,1,+,5,+,1,+,5,+,1,+,2
003036,12.02.26, 20:00,2,+,1,+,5,+,2,+,2,+,6
003035,12.02.26, 19:00,5,+,3,+,1,+,2,+,1,+,6
003034,12.02.26, 18:00,3,+,3,+,3,+,1,+,2,+,3
003033,12.02.26, 17:00,1,+,5,+,1,+,5,+,2,+,4
003032,12.02.26, 16:00,2,+,3,+,5,+,6,+,4,+,6
003031,12.02.26, 15:00,5,+,4,+,1,+,4,+,5,+,6
003030,12.02.26, 14:00,6,+,2,+,4,+,4,+,6,+,1
003029,12.02.26, 13:00,6,+,5,+,4,+,5,+,5,+,2
003028,12.02.26, 12:00,3,+,3,+,6,+,1,+,1,+,2
003027,12.02.26, 11:00,3,+,1,+,6,+,1,+,4,+,2
003026,12.02.26, 10:00,5,+,4,+,2,+,6,+,3,+,6
003025,12.02.26, 09:00,4,+,2,+,4,+,4,+,2,+,2
003024,12.02.26, 08:00,6,+,5,+,5,+,6,+,5,+,6
003023,12.02.26, 07:00,2,+,2,+,2,+,3,+,4,+,6
003022,12.02.26, 06:00,1,+,6,+,3,+,2,+,5,+,2
003021,12.02.26, 05:00,2,+,2,+,6,+,4,+,3,+,6
003020,12.02.26, 04:00,4,+,4,+,6,+,2,+,1,+,2
003019,12.02.26, 03:00,1,+,6,+,1,+,3,+,4,+,6
003018,12.02.26, 02:00,5,+,2,+,4,+,5,+,6,+,1
003017,12.02.26, 01:00,5,+,4,+,5,+,1,+,2,+,5
003016,12.02.26, 00:00,5,+,6,+,3,+,3,+,6,+,1
003015,11.02.26, 23:00,4,+,3,+,4,+,4,+,6,+,2
003014,11.02.26, 22:00,5,+,3,+,2,+,1,+,6,+,2
003013,11.02.26, 21:00,6,+,1,+,6,+,2,+,6,+,2
003012,11.02.26, 20:00,1,+,3,+,6,+,1,+,4,+,3
003011,11.02.26, 19:00,1,+,2,+,5,+,4,+,4,+,5
003010,11.02.26, 18:00,6,+,6,+,5,+,3,+,5,+,5
003009,11.02.26, 17:00,5,+,2,+,4,+,3,+,3,+,3
003008,11.02.26, 16:00,4,+,4,+,4,+,4,+,6,+,5
003007,11.02.26, 15:00,3,+,5,+,3,+,2,+,3,+,5
003006,11.02.26, 14:00,1,+,2,+,5,+,1,+,6,+,4
003005,11.02.26, 13:00,6,+,6,+,6,+,2,+,5,+,6
003004,11.02.26, 12:00,4,+,4,+,2,+,5,+,1,+,3
003003,11.02.26, 11:00,2,+,6,+,5,+,5,+,5,+,6
003002,11.02.26, 10:00,6,+,4,+,3,+,6,+,1,+,4
003001,11.02.26, 09:00,4,+,1,+,1,+,2,+,3,+,3
003000,11.02.26, 08:00,6,+,5,+,5,+,2,+,1,+,3
002999,11.02.26, 07:00,1,+,4,+,5,+,4,+,3,+,5
002998,11.02.26, 06:00,2,+,6,+,1,+,2,+,3,+,2
002997,11.02.26, 05:00,3,+,6,+,6,+,4,+,2,+,3
002996,11.02.26, 04:00,2,+,4,+,3,+,1,+,6,+,4
002995,11.02.26, 03:00,6,+,4,+,3,+,2,+,3,+,4
002994,11.02.26, 02:00,2,+,1,+,6,+,4,+,6,+,4
002993,11.02.26, 01:00,3,+,1,+,4,+,4,+,3,+,6
002992,11.02.26, 00:00,6,+,4,+,4,+,2,+,4,+,2
002991,10.02.26, 23:00,4,+,2,+,1,+,4,+,4,+,5
002990,10.02.26, 22:00,1,+,4,+,1,+,5,+,6,+,3
002989,10.02.26, 21:00,5,+,5,+,4,+,6,+,2,+,3
002988,10.02.26, 20:00,6,+,3,+,5,+,3,+,2,+,1
002987,10.02.26, 19:00,4,+,6,+,1,+,3,+,2,+,3
002986,10.02.26, 18:00,2,+,3,+,4,+,3,+,3,+,6
002985,10.02.26, 17:00,4,+,1,+,6,+,1,+,5,+,5
002984,10.02.26, 16:00,2,+,5,+,5,+,4,+,5,+,4
002983,10.02.26, 15:00,6,+,5,+,2,+,5,+,4,+,1
002982,10.02.26, 14:00,1,+,2,+,4,+,1,+,1,+,2
002981,10.02.26, 13:00,3,+,4,+,4,+,4,+,2,+,2
002980,10.02.26, 12:00,3,+,5,+,2,+,2,+,2,+,3
002979,10.02.26, 11:00,4,+,2,+,5,+,5,+,1,+,5
002978,10.02.26, 10:00,5,+,2,+,5,+,6,+,1,+,4
002977,10.02.26, 09:00,3,+,5,+,1,+,1,+,5,+,4
002976,10.02.26, 08:00,6,+,5,+,5,+,1,+,6,+,6
002975,10.02.26, 07:00,1,+,6,+,2,+,5,+,3,+,5
002974,10.02.26, 06:00,2,+,5,+,6,+,1,+,3,+,5
002973,10.02.26, 05:00,2,+,6,+,6,+,6,+,5,+,1
002972,10.02.26, 04:00,6,+,5,+,6,+,6,+,4,+,1
002971,10.02.26, 03:00,6,+,3,+,2,+,5,+,1,+,3
002970,10.02.26, 02:00,6,+,5,+,6,+,4,+,5,+,5
002969,10.02.26, 01:00,1,+,3,+,5,+,1,+,2,+,3
002968,10.02.26, 00:00,5,+,4,+,3,+,4,+,3,+,6
002967,09.02.26, 22:00,2,+,5,+,4,+,3,+,3,+,4
002966,09.02.26, 21:00,5,+,2,+,1,+,5,+,2,+,5
002965,09.02.26, 20:00,6,+,5,+,6,+,5,+,1,+,2
002964,09.02.26, 18:00,3,+,4,+,3,+,6,+,5,+,6
002963,09.02.26, 17:00,6,+,5,+,6,+,5,+,6,+,5
002962,09.02.26, 16:00,6,+,2,+,5,+,2,+,3,+,2
002961,09.02.26, 15:00,3,+,1,+,6,+,3,+,1,+,2
002960,09.02.26, 14:00,3,+,2,+,3,+,6,+,6,+,5
002959,09.02.26, 13:00,6,+,1,+,1,+,6,+,1,+,1
002958,09.02.26, 12:00,3,+,2,+,6,+,6,+,5,+,2
002957,09.02.26, 09:00,5,+,2,+,5,+,3,+,5,+,2
002956,09.02.26, 08:00,5,+,3,+,6,+,6,+,2,+,5
002955,09.02.26, 06:00,3,+,5,+,5,+,6,+,1,+,3
002954,09.02.26, 05:00,6,+,2,+,3,+,3,+,6,+,4
002953,09.02.26, 04:00,4,+,5,+,4,+,1,+,6,+,1
002952,09.02.26, 03:00,3,+,5,+,5,+,1,+,1,+,3
002951,09.02.26, 02:00,1,+,5,+,2,+,6,+,5,+,4
002950,09.02.26, 01:00,5,+,3,+,2,+,2,+,1,+,1
002949,09.02.26, 00:00,4,+,2,+,4,+,6,+,5,+,2
002948,08.02.26, 23:00,3,+,6,+,2,+,5,+,4,+,3
002947,08.02.26, 22:00,4,+,5,+,1,+,2,+,4,+,3
002946,08.02.26, 21:00,3,+,2,+,1,+,2,+,6,+,6
002945,08.02.26, 20:00,4,+,5,+,1,+,5,+,2,+,1
002944,08.02.26, 19:00,2,+,2,+,3,+,2,+,2,+,2
002943,08.02.26, 18:00,5,+,4,+,2,+,6,+,2,+,6
002942,08.02.26, 17:00,6,+,6,+,5,+,4,+,2,+,3
002941,08.02.26, 16:00,2,+,2,+,2,+,6,+,4,+,1
002940,08.02.26, 15:00,3,+,5,+,1,+,3,+,1,+,5
002939,08.02.26, 14:00,2,+,4,+,6,+,2,+,3,+,6
002938,08.02.26, 13:00,3,+,6,+,6,+,2,+,6,+,2
002937,08.02.26, 12:00,4,+,1,+,3,+,3,+,1,+,6
002936,08.02.26, 11:00,4,+,2,+,3,+,5,+,1,+,1
002935,08.02.26, 10:00,1,+,6,+,1,+,2,+,1,+,4
002934,08.02.26, 09:00,2,+,2,+,4,+,6,+,4,+,6
002933,08.02.26, 08:00,1,+,2,+,1,+,6,+,1,+,6
002932,08.02.26, 07:00,6,+,5,+,2,+,6,+,1,+,1
002931,08.02.26, 06:00,6,+,1,+,3,+,2,+,1,+,4
002930,08.02.26, 05:00,6,+,2,+,2,+,5,+,4,+,3
002929,08.02.26, 04:00,2,+,1,+,4,+,2,+,2,+,3
002928,08.02.26, 03:00,1,+,1,+,2,+,5,+,3,+,4
002927,08.02.26, 02:00,5,+,3,+,4,+,5,+,1,+,4
002926,08.02.26, 00:00,1,+,5,+,2,+,2,+,3,+,2
002925,07.02.26, 23:00,3,+,2,+,3,+,6,+,2,+,1
002924,07.02.26, 22:00,3,+,4,+,6,+,6,+,6,+,4
002923,07.02.26, 21:00,6,+,1,+,6,+,4,+,1,+,4
002922,07.02.26, 20:00,2,+,3,+,6,+,5,+,5,+,6
002921,07.02.26, 19:00,5,+,2,+,6,+,2,+,3,+,2
002920,07.02.26, 18:00,3,+,3,+,4,+,2,+,6,+,2
002919,07.02.26, 17:00,2,+,4,+,5,+,6,+,5,+,3
002918,07.02.26, 16:00,6,+,3,+,5,+,6,+,4,+,2
002917,07.02.26, 15:00,4,+,5,+,4,+,4,+,6,+,6
002916,07.02.26, 14:00,3,+,3,+,2,+,3,+,6,+,3
002915,07.02.26, 13:00,5,+,3,+,2,+,5,+,5,+,3
002914,07.02.26, 12:00,3,+,4,+,3,+,4,+,3,+,3
002913,07.02.26, 11:00,2,+,4,+,3,+,5,+,5,+,6
002912,07.02.26, 10:00,2,+,1,+,4,+,4,+,2,+,2
002911,07.02.26, 09:00,1,+,4,+,4,+,3,+,1,+,6
002910,07.02.26, 08:00,6,+,5,+,2,+,2,+,3,+,3
002909,07.02.26, 07:00,2,+,4,+,3,+,5,+,5,+,4
002908,07.02.26, 06:00,6,+,4,+,6,+,6,+,6,+,5
002907,07.02.26, 05:00,1,+,6,+,2,+,5,+,6,+,1
002906,07.02.26, 04:00,6,+,4,+,5,+,4,+,2,+,6
002905,07.02.26, 03:00,3,+,6,+,4,+,4,+,6,+,4
002904,07.02.26, 02:00,2,+,5,+,3,+,2,+,4,+,6
002903,07.02.26, 01:00,3,+,3,+,5,+,2,+,3,+,1
002902,07.02.26, 00:00,5,+,3,+,4,+,5,+,2,+,1
002901,06.02.26, 23:00,5,+,3,+,1,+,3,+,1,+,5
002900,06.02.26, 22:00,1,+,4,+,1,+,1,+,1,+,5
002899,06.02.26, 21:00,4,+,5,+,5,+,2,+,3,+,3
002898,06.02.26, 20:00,6,+,3,+,4,+,2,+,3,+,1
002897,06.02.26, 19:00,1,+,3,+,1,+,3,+,6,+,3
002896,06.02.26, 18:00,6,+,2,+,5,+,1,+,4,+,2
002895,06.02.26, 17:00,1,+,5,+,4,+,2,+,3,+,5
002894,06.02.26, 16:00,6,+,5,+,1,+,1,+,3,+,2
002893,06.02.26, 15:00,5,+,4,+,1,+,3,+,1,+,4
002892,06.02.26, 14:00,5,+,5,+,3,+,6,+,6,+,1
002891,06.02.26, 13:00,5,+,2,+,5,+,3,+,6,+,2
002890,06.02.26, 12:00,5,+,6,+,2,+,6,+,6,+,1
002889,06.02.26, 11:00,6,+,6,+,4,+,1,+,3,+,1
002888,06.02.26, 10:00,2,+,2,+,3,+,4,+,4,+,2
002887,06.02.26, 09:00,5,+,3,+,1,+,6,+,6,+,6
002886,06.02.26, 08:00,4,+,5,+,4,+,3,+,5,+,1
002885,06.02.26, 07:00,4,+,3,+,2,+,3,+,3,+,6
002884,06.02.26, 06:00,5,+,2,+,6,+,5,+,6,+,6
002883,06.02.26, 05:00,3,+,4,+,3,+,2,+,4,+,4
002882,06.02.26, 04:00,5,+,6,+,4,+,1,+,4,+,6
002881,06.02.26, 03:00,2,+,3,+,5,+,4,+,5,+,3
002880,06.02.26, 02:00,1,+,1,+,4,+,1,+,5,+,2
002879,06.02.26, 01:00,5,+,5,+,6,+,2,+,2,+,6
002878,06.02.26, 00:00,4,+,5,+,6,+,6,+,1,+,3
002877,05.02.26, 23:00,4,+,5,+,4,+,2,+,5,+,5
002876,05.02.26, 22:00,5,+,6,+,4,+,1,+,2,+,3
002875,05.02.26, 21:00,3,+,1,+,4,+,4,+,2,+,6
002874,05.02.26, 20:00,5,+,5,+,6,+,5,+,1,+,1
002873,05.02.26, 19:00,3,+,6,+,5,+,3,+,4,+,2
002872,05.02.26, 18:00,6,+,6,+,3,+,3,+,3,+,4
002871,05.02.26, 17:00,4,+,2,+,3,+,3,+,6,+,6
002870,05.02.26, 16:00,6,+,4,+,6,+,5,+,3,+,6
002869,05.02.26, 15:00,3,+,3,+,3,+,1,+,5,+,1
002868,05.02.26, 14:00,4,+,1,+,4,+,5,+,5,+,5
002867,05.02.26, 13:00,5,+,4,+,4,+,3,+,3,+,5
002866,05.02.26, 12:00,2,+,5,+,1,+,2,+,4,+,5
002865,05.02.26, 11:00,3,+,1,+,1,+,3,+,6,+,2
002864,05.02.26, 10:00,3,+,5,+,2,+,5,+,4,+,2
002863,05.02.26, 09:00,3,+,1,+,3,+,6,+,5,+,3
002862,05.02.26, 08:00,4,+,5,+,2,+,5,+,2,+,1
002861,05.02.26, 07:00,5,+,6,+,1,+,5,+,6,+,5
002860,05.02.26, 06:00,6,+,4,+,4,+,5,+,6,+,2
002859,05.02.26, 05:00,1,+,1,+,3,+,1,+,4,+,6
002858,05.02.26, 04:00,2,+,6,+,1,+,1,+,4,+,3
002857,05.02.26, 03:00,5,+,5,+,1,+,6,+,3,+,6
002856,05.02.26, 02:00,5,+,3,+,5,+,2,+,6,+,5
002855,05.02.26, 01:00,3,+,2,+,2,+,3,+,1,+,3
002854,05.02.26, 00:00,2,+,1,+,6,+,1,+,1,+,5
002853,04.02.26, 23:00,3,+,1,+,2,+,2,+,4,+,4
002852,04.02.26, 22:00,6,+,4,+,4,+,2,+,3,+,5
002851,04.02.26, 21:00,4,+,6,+,1,+,5,+,1,+,2
002850,04.02.26, 20:00,6,+,5,+,4,+,4,+,5,+,6
002849,04.02.26, 19:00,1,+,3,+,1,+,4,+,5,+,3
002848,04.02.26, 18:00,4,+,3,+,5,+,6,+,5,+,6
002847,04.02.26, 17:00,1,+,6,+,4,+,5,+,5,+,5
002846,04.02.26, 16:00,2,+,1,+,6,+,4,+,3,+,3
002845,04.02.26, 15:00,1,+,5,+,5,+,3,+,5,+,6
002844,04.02.26, 14:00,3,+,1,+,6,+,1,+,4,+,3
002843,04.02.26, 13:00,4,+,6,+,2,+,6,+,4,+,5
002842,04.02.26, 12:00,3,+,1,+,4,+,5,+,4,+,3
002841,04.02.26, 11:00,5,+,5,+,5,+,3,+,2,+,5
002840,04.02.26, 10:00,2,+,5,+,2,+,6,+,3,+,1
002839,04.02.26, 09:00,4,+,3,+,2,+,4,+,1,+,1
002838,04.02.26, 08:00,5,+,3,+,3,+,3,+,3,+,2
002837,04.02.26, 07:00,5,+,3,+,2,+,1,+,1,+,6
002836,04.02.26, 06:00,1,+,3,+,1,+,6,+,4,+,3
002835,04.02.26, 05:00,4,+,2,+,5,+,6,+,1,+,5
002834,04.02.26, 04:00,6,+,1,+,6,+,5,+,3,+,5
002833,04.02.26, 03:00,6,+,6,+,1,+,3,+,3,+,2
002832,04.02.26, 02:00,1,+,5,+,4,+,5,+,3,+,3
002831,04.02.26, 01:00,3,+,3,+,4,+,2,+,6,+,1
002830,04.02.26, 00:00,4,+,1,+,4,+,6,+,1,+,4
002829,03.02.26, 23:00,1,+,5,+,6,+,3,+,1,+,3
002828,03.02.26, 22:00,2,+,5,+,1,+,1,+,4,+,4
002827,03.02.26, 21:00,6,+,5,+,3,+,1,+,4,+,4
002826,03.02.26, 20:00,6,+,2,+,4,+,2,+,4,+,3
002825,03.02.26, 19:00,4,+,1,+,2,+,1,+,5,+,5
002824,03.02.26, 18:00,1,+,3,+,5,+,1,+,3,+,3
002823,03.02.26, 17:00,4,+,6,+,4,+,1,+,1,+,6
002822,03.02.26, 16:00,3,+,4,+,6,+,5,+,1,+,3
002821,03.02.26, 15:00,6,+,3,+,2,+,4,+,3,+,2
002820,03.02.26, 14:00,4,+,4,+,4,+,5,+,1,+,1
002819,03.02.26, 13:00,5,+,5,+,1,+,4,+,2,+,3
002818,03.02.26, 12:00,6,+,1,+,6,+,1,+,3,+,1
002817,03.02.26, 11:00,1,+,5,+,4,+,3,+,6,+,4
002816,03.02.26, 10:00,2,+,2,+,5,+,4,+,5,+,5
002815,03.02.26, 09:00,5,+,2,+,3,+,5,+,6,+,3
002814,03.02.26, 08:00,5,+,1,+,4,+,1,+,6,+,3
002813,03.02.26, 07:00,4,+,5,+,4,+,1,+,4,+,4
002812,03.02.26, 06:00,1,+,4,+,1,+,3,+,1,+,2
002811,03.02.26, 05:00,4,+,5,+,5,+,5,+,1,+,2
002810,03.02.26, 04:00,1,+,5,+,3,+,3,+,3,+,4
002809,03.02.26, 03:00,2,+,5,+,1,+,3,+,5,+,3
002808,03.02.26, 02:00,5,+,3,+,5,+,2,+,2,+,5
002807,03.02.26, 01:00,3,+,2,+,1,+,3,+,3,+,6
002806,03.02.26, 00:00,1,+,3,+,2,+,3,+,4,+,3
002805,02.02.26, 23:00,2,+,2,+,2,+,4,+,4,+,2
002804,02.02.26, 22:00,2,+,3,+,5,+,2,+,6,+,5
002803,02.02.26, 21:00,4,+,2,+,6,+,5,+,2,+,5
002802,02.02.26, 20:00,4,+,5,+,4,+,5,+,1,+,6
002801,02.02.26, 19:00,5,+,4,+,6,+,1,+,5,+,5
002800,02.02.26, 18:00,4,+,3,+,4,+,3,+,1,+,3
002799,02.02.26, 17:00,5,+,5,+,1,+,1,+,1,+,2
002798,02.02.26, 16:00,5,+,3,+,6,+,5,+,6,+,4
002797,02.02.26, 15:00,2,+,6,+,3,+,3,+,5,+,3
002796,02.02.26, 14:00,1,+,6,+,2,+,4,+,4,+,1
002795,02.02.26, 13:00,2,+,5,+,2,+,5,+,6,+,1
002794,02.02.26, 12:00,1,+,5,+,2,+,2,+,5,+,5
002793,02.02.26, 11:00,6,+,2,+,5,+,3,+,1,+,5
002792,02.02.26, 10:00,5,+,5,+,6,+,1,+,3,+,1
002791,02.02.26, 09:00,3,+,5,+,4,+,1,+,1,+,1
002790,02.02.26, 08:00,6,+,4,+,4,+,6,+,2,+,5
002789,02.02.26, 07:00,4,+,4,+,3,+,4,+,4,+,3
002788,02.02.26, 06:00,6,+,4,+,5,+,6,+,1,+,5
002787,02.02.26, 05:00,1,+,6,+,3,+,6,+,5,+,2
002786,02.02.26, 04:00,4,+,2,+,1,+,1,+,2,+,6
002785,02.02.26, 03:00,2,+,4,+,6,+,6,+,4,+,1
002784,02.02.26, 02:00,3,+,3,+,4,+,2,+,2,+,5
002783,02.02.26, 01:00,5,+,3,+,1,+,6,+,4,+,4
002782,02.02.26, 00:00,5,+,5,+,4,+,3,+,1,+,3
002781,01.02.26, 23:00,2,+,1,+,1,+,6,+,1,+,5
002780,01.02.26, 22:00,2,+,3,+,4,+,4,+,1,+,3
002779,01.02.26, 21:00,5,+,4,+,4,+,4,+,2,+,5
002778,01.02.26, 20:00,1,+,4,+,2,+,1,+,3,+,3
002777,01.02.26, 19:00,1,+,1,+,3,+,3,+,3,+,5
002776,01.02.26, 18:00,3,+,3,+,1,+,6,+,5,+,3
002775,01.02.26, 17:00,2,+,4,+,5,+,1,+,5,+,6
002774,01.02.26, 16:00,6,+,1,+,6,+,5,+,4,+,3
002773,01.02.26, 15:00,3,+,6,+,4,+,1,+,5,+,3
002772,01.02.26, 14:00,4,+,1,+,6,+,4,+,3,+,6
002771,01.02.26, 13:00,3,+,2,+,2,+,2,+,3,+,4
002770,01.02.26, 12:00,6,+,1,+,3,+,5,+,1,+,4
002769,01.02.26, 11:00,4,+,4,+,6,+,5,+,3,+,4
002768,01.02.26, 10:00,4,+,6,+,6,+,4,+,2,+,2
002767,01.02.26, 09:00,6,+,1,+,6,+,2,+,1,+,1
002766,01.02.26, 08:00,6,+,3,+,5,+,3,+,6,+,1
002765,01.02.26, 07:00,6,+,6,+,4,+,2,+,1,+,2
002764,01.02.26, 06:00,3,+,3,+,2,+,5,+,3,+,1
002763,01.02.26, 05:00,2,+,1,+,6,+,3,+,2,+,4
002762,01.02.26, 04:00,5,+,5,+,5,+,6,+,3,+,6
002761,01.02.26, 03:00,4,+,1,+,4,+,6,+,1,+,4
002760,01.02.26, 02:00,3,+,2,+,6,+,6,+,6,+,3
002759,01.02.26, 00:00,4,+,1,+,3,+,4,+,6,+,6
002758,31.01.26, 23:00,5,+,5,+,6,+,6,+,4,+,4
002757,31.01.26, 22:00,6,+,2,+,6,+,2,+,4,+,4
002756,31.01.26, 21:00,3,+,3,+,3,+,2,+,4,+,1
002755,31.01.26, 20:00,4,+,4,+,1,+,1,+,5,+,5
002754,31.01.26, 19:00,3,+,3,+,5,+,4,+,1,+,5
002753,31.01.26, 18:00,4,+,2,+,6,+,2,+,5,+,1
002752,31.01.26, 17:00,4,+,5,+,3,+,5,+,5,+,1
002751,31.01.26, 16:00,1,+,1,+,5,+,2,+,1,+,3
002750,31.01.26, 15:00,4,+,6,+,6,+,5,+,4,+,3
002749,31.01.26, 14:00,2,+,2,+,2,+,2,+,1,+,2
002748,31.01.26, 13:00,3,+,2,+,5,+,2,+,2,+,3
002747,31.01.26, 12:00,1,+,3,+,1,+,6,+,4,+,6
002746,31.01.26, 11:00,1,+,5,+,4,+,6,+,2,+,2
002745,31.01.26, 10:00,4,+,4,+,3,+,4,+,1,+,1
002744,31.01.26, 09:00,3,+,1,+,3,+,5,+,1,+,1
002743,31.01.26, 08:00,5,+,6,+,5,+,6,+,6,+,2
002742,31.01.26, 07:00,5,+,4,+,4,+,1,+,2,+,5
002741,31.01.26, 06:00,1,+,2,+,5,+,3,+,3,+,3
002740,31.01.26, 05:00,1,+,6,+,6,+,3,+,1,+,1
002739,31.01.26, 04:00,2,+,6,+,6,+,3,+,6,+,6
002738,31.01.26, 03:00,2,+,2,+,4,+,5,+,4,+,1
002737,31.01.26, 02:00,1,+,3,+,3,+,3,+,6,+,3
002736,31.01.26, 01:00,4,+,3,+,5,+,6,+,1,+,2
002735,31.01.26, 00:00,2,+,5,+,1,+,4,+,1,+,2
002734,30.01.26, 23:00,6,+,6,+,2,+,1,+,4,+,5
002733,30.01.26, 22:00,2,+,1,+,5,+,2,+,3,+,2
002732,30.01.26, 21:00,3,+,3,+,4,+,5,+,6,+,5
002731,30.01.26, 20:00,5,+,5,+,1,+,5,+,6,+,2
002730,29.01.26, 23:00,1,+,1,+,4,+,3,+,3,+,1
002729,29.01.26, 22:00,5,+,4,+,2,+,1,+,4,+,2
002728,29.01.26, 21:00,6,+,2,+,2,+,3,+,3,+,5
002727,29.01.26, 20:00,3,+,3,+,2,+,6,+,3,+,4
002726,29.01.26, 19:00,4,+,6,+,5,+,1,+,3,+,6
002725,29.01.26, 18:00,1,+,2,+,5,+,5,+,1,+,3
002724,29.01.26, 17:00,6,+,3,+,6,+,5,+,3,+,6
002723,29.01.26, 16:00,3,+,1,+,1,+,6,+,3,+,3
002722,29.01.26, 15:00,3,+,5,+,5,+,5,+,1,+,5
002721,29.01.26, 14:00,1,+,1,+,6,+,1,+,5,+,3
002720,29.01.26, 13:00,1,+,6,+,4,+,5,+,6,+,6
002719,29.01.26, 12:00,2,+,6,+,5,+,3,+,4,+,6
002718,29.01.26, 11:00,2,+,4,+,6,+,4,+,6,+,3
002717,29.01.26, 10:00,6,+,4,+,4,+,5,+,1,+,5
002716,29.01.26, 09:00,6,+,2,+,2,+,3,+,1,+,6
002715,29.01.26, 08:00,5,+,1,+,5,+,5,+,5,+,6
002714,29.01.26, 07:00,4,+,2,+,1,+,1,+,5,+,6
002713,29.01.26, 06:00,4,+,6,+,2,+,3,+,3,+,4
002712,29.01.26, 05:00,1,+,1,+,2,+,5,+,5,+,3
002711,29.01.26, 04:00,1,+,3,+,3,+,6,+,6,+,5
002710,29.01.26, 03:00,2,+,2,+,4,+,1,+,5,+,2
002709,29.01.26, 02:00,5,+,6,+,4,+,2,+,1,+,5
002708,29.01.26, 01:00,4,+,3,+,1,+,3,+,4,+,4
002707,29.01.26, 00:00,2,+,1,+,2,+,4,+,2,+,6
002706,28.01.26, 23:00,2,+,2,+,4,+,3,+,4,+,3
002705,28.01.26, 22:00,5,+,4,+,4,+,5,+,4,+,1
002704,28.01.26, 21:00,2,+,2,+,1,+,1,+,6,+,1
002703,28.01.26, 20:00,3,+,6,+,2,+,2,+,1,+,3
002702,28.01.26, 19:00,1,+,3,+,5,+,4,+,6,+,4
002701,28.01.26, 18:00,6,+,4,+,5,+,5,+,2,+,3
002700,28.01.26, 17:00,3,+,4,+,1,+,1,+,1,+,6
002699,28.01.26, 16:00,4,+,2,+,1,+,5,+,5,+,5
002698,28.01.26, 15:00,6,+,1,+,4,+,3,+,1,+,4
002697,28.01.26, 14:00,4,+,2,+,3,+,4,+,5,+,5
002696,28.01.26, 13:00,1,+,4,+,5,+,6,+,3,+,1
002695,28.01.26, 12:00,1,+,4,+,5,+,6,+,1,+,6
002694,28.01.26, 11:00,4,+,6,+,1,+,3,+,1,+,5
002693,28.01.26, 10:00,6,+,3,+,2,+,3,+,2,+,4
002692,28.01.26, 09:00,3,+,4,+,6,+,6,+,3,+,3
002691,28.01.26, 08:00,5,+,2,+,6,+,4,+,1,+,4
002690,28.01.26, 07:00,6,+,2,+,1,+,3,+,3,+,5
002689,28.01.26, 06:00,6,+,2,+,5,+,4,+,6,+,6
002688,28.01.26, 05:00,4,+,3,+,2,+,6,+,2,+,2
002687,28.01.26, 04:00,5,+,2,+,1,+,2,+,5,+,4
002686,28.01.26, 03:00,3,+,6,+,4,+,6,+,5,+,4
002685,28.01.26, 02:00,4,+,4,+,6,+,4,+,4,+,2
002684,28.01.26, 01:00,5,+,3,+,5,+,6,+,5,+,5
002683,28.01.26, 00:00,1,+,6,+,3,+,6,+,6,+,6
002682,27.01.26, 23:00,1,+,5,+,2,+,2,+,3,+,5
002681,27.01.26, 22:00,1,+,1,+,1,+,3,+,2,+,5
002680,27.01.26, 21:00,6,+,3,+,3,+,6,+,2,+,1
002679,27.01.26, 20:00,1,+,5,+,1,+,2,+,4,+,4
002678,27.01.26, 19:00,4,+,4,+,3,+,1,+,1,+,5
002677,27.01.26, 18:00,6,+,6,+,1,+,1,+,4,+,5
002676,27.01.26, 17:00,1,+,4,+,4,+,1,+,1,+,5
002675,27.01.26, 16:00,1,+,3,+,6,+,5,+,4,+,5
002674,27.01.26, 15:00,2,+,6,+,4,+,3,+,4,+,1
002673,27.01.26, 14:00,5,+,3,+,4,+,4,+,6,+,3
002672,27.01.26, 13:00,6,+,2,+,6,+,5,+,1,+,5
002671,27.01.26, 12:00,4,+,4,+,3,+,4,+,4,+,5
002670,27.01.26, 11:00,1,+,5,+,2,+,2,+,3,+,5
002669,27.01.26, 10:00,1,+,3,+,4,+,6,+,3,+,4
002668,27.01.26, 09:00,1,+,1,+,6,+,2,+,6,+,2
002667,27.01.26, 08:00,6,+,1,+,3,+,1,+,3,+,2
002666,27.01.26, 07:00,3,+,2,+,1,+,3,+,4,+,3
002665,27.01.26, 06:00,2,+,3,+,4,+,6,+,5,+,1
002664,27.01.26, 05:00,5,+,2,+,2,+,3,+,4,+,4
002663,27.01.26, 04:00,2,+,3,+,4,+,6,+,1,+,6
002662,27.01.26, 03:00,3,+,3,+,2,+,4,+,2,+,2
002661,27.01.26, 02:00,1,+,6,+,2,+,6,+,3,+,4
002660,27.01.26, 01:00,4,+,3,+,5,+,1,+,5,+,5
002659,27.01.26, 00:00,1,+,3,+,6,+,3,+,4,+,6
002658,26.01.26, 23:00,1,+,4,+,6,+,5,+,6,+,2
002657,26.01.26, 22:00,2,+,6,+,3,+,4,+,2,+,5
002656,26.01.26, 21:00,4,+,6,+,2,+,6,+,3,+,2
002655,26.01.26, 20:00,4,+,1,+,1,+,4,+,6,+,5
002654,26.01.26, 19:00,3,+,6,+,4,+,1,+,4,+,3
002653,26.01.26, 18:00,6,+,6,+,2,+,5,+,6,+,4
002652,26.01.26, 17:00,1,+,4,+,1,+,4,+,2,+,6
002651,26.01.26, 16:00,6,+,2,+,4,+,5,+,3,+,2
002650,26.01.26, 15:00,5,+,4,+,1,+,3,+,5,+,4
002649,26.01.26, 14:00,4,+,3,+,6,+,4,+,1,+,3
002648,26.01.26, 13:00,4,+,6,+,1,+,2,+,6,+,2
002647,26.01.26, 12:00,5,+,1,+,5,+,5,+,2,+,2
002646,26.01.26, 11:00,3,+,5,+,6,+,2,+,6,+,3
002645,26.01.26, 10:00,5,+,6,+,4,+,1,+,1,+,3
002644,26.01.26, 09:00,1,+,4,+,2,+,4,+,3,+,5
002643,26.01.26, 08:00,5,+,6,+,6,+,6,+,1,+,3
002642,26.01.26, 07:00,5,+,1,+,1,+,6,+,6,+,6
002641,26.01.26, 06:00,5,+,3,+,4,+,3,+,2,+,2
002640,26.01.26, 05:00,3,+,1,+,2,+,4,+,5,+,6
002639,26.01.26, 04:00,4,+,6,+,3,+,6,+,1,+,6
002638,26.01.26, 03:00,3,+,5,+,6,+,6,+,3,+,1
002637,26.01.26, 02:00,3,+,4,+,2,+,3,+,3,+,5
002636,26.01.26, 01:00,3,+,5,+,5,+,2,+,3,+,5
002635,26.01.26, 00:00,3,+,1,+,1,+,4,+,6,+,5
002634,25.01.26, 23:00,6,+,2,+,5,+,1,+,3,+,5
002633,25.01.26, 22:00,6,+,1,+,4,+,2,+,3,+,4
002632,25.01.26, 21:00,3,+,2,+,5,+,4,+,6,+,5
002631,25.01.26, 20:00,6,+,1,+,6,+,5,+,4,+,3
002630,25.01.26, 19:00,5,+,5,+,6,+,2,+,3,+,5
002629,25.01.26, 18:00,5,+,6,+,4,+,1,+,6,+,3
002628,25.01.26, 17:00,1,+,4,+,4,+,6,+,2,+,6
002627,25.01.26, 16:00,6,+,1,+,2,+,2,+,5,+,3
002626,25.01.26, 15:00,5,+,1,+,5,+,4,+,4,+,2
002625,25.01.26, 14:00,2,+,2,+,1,+,1,+,6,+,5
002624,25.01.26, 13:00,3,+,3,+,6,+,2,+,4,+,1
002623,25.01.26, 12:00,1,+,5,+,4,+,3,+,4,+,3
002622,25.01.26, 11:00,1,+,4,+,5,+,3,+,5,+,2
002621,25.01.26, 10:00,4,+,6,+,6,+,6,+,3,+,6
002620,25.01.26, 09:00,2,+,1,+,1,+,1,+,2,+,1
002619,25.01.26, 08:00,4,+,2,+,6,+,6,+,6,+,1
002618,25.01.26, 07:00,3,+,2,+,2,+,3,+,5,+,6
002617,25.01.26, 06:00,3,+,6,+,3,+,6,+,6,+,3
002616,25.01.26, 05:00,2,+,6,+,4,+,4,+,5,+,2
002615,25.01.26, 04:00,1,+,1,+,4,+,3,+,6,+,3
002614,25.01.26, 03:00,6,+,4,+,1,+,5,+,4,+,1
002613,25.01.26, 02:00,1,+,2,+,4,+,1,+,4,+,4
002612,25.01.26, 00:00,5,+,2,+,3,+,4,+,6,+,1
002611,24.01.26, 23:00,3,+,6,+,1,+,1,+,2,+,6
002610,24.01.26, 22:00,1,+,1,+,6,+,2,+,2,+,2
002609,24.01.26, 21:00,5,+,4,+,5,+,2,+,6,+,5
002608,24.01.26, 20:00,1,+,4,+,3,+,2,+,4,+,1
002607,24.01.26, 19:00,6,+,5,+,6,+,1,+,2,+,4
002606,24.01.26, 18:00,4,+,3,+,6,+,5,+,5,+,3
002605,24.01.26, 17:00,1,+,3,+,4,+,1,+,6,+,2
002604,24.01.26, 16:00,5,+,4,+,5,+,6,+,1,+,3
002603,24.01.26, 15:00,2,+,5,+,6,+,2,+,5,+,1
002602,24.01.26, 14:00,2,+,6,+,6,+,1,+,3,+,1
002601,24.01.26, 13:00,2,+,4,+,2,+,3,+,2,+,3
002600,24.01.26, 12:00,3,+,6,+,2,+,6,+,6,+,6
002599,24.01.26, 11:00,2,+,4,+,4,+,5,+,1,+,4
002598,24.01.26, 10:00,5,+,6,+,3,+,1,+,3,+,5
002597,24.01.26, 09:00,2,+,6,+,1,+,6,+,2,+,4
002596,24.01.26, 08:00,5,+,3,+,3,+,1,+,6,+,6
002595,24.01.26, 07:00,6,+,5,+,6,+,6,+,4,+,3
002594,24.01.26, 06:00,1,+,6,+,4,+,6,+,3,+,1
002593,24.01.26, 05:00,3,+,6,+,2,+,2,+,3,+,2
002592,24.01.26, 04:00,1,+,1,+,3,+,6,+,6,+,4
002591,24.01.26, 03:00,2,+,4,+,6,+,6,+,4,+,6
002590,24.01.26, 02:00,2,+,4,+,6,+,6,+,4,+,4
002589,24.01.26, 01:00,2,+,2,+,1,+,3,+,3,+,2
002588,24.01.26, 00:00,3,+,6,+,2,+,6,+,3,+,2
002587,23.01.26, 23:00,6,+,1,+,5,+,5,+,4,+,2
002586,23.01.26, 22:00,5,+,5,+,4,+,2,+,5,+,4
002585,23.01.26, 21:00,5,+,2,+,4,+,3,+,4,+,4
002584,23.01.26, 20:00,4,+,3,+,1,+,5,+,6,+,4
002583,23.01.26, 19:00,1,+,3,+,1,+,2,+,6,+,1
002582,23.01.26, 18:00,5,+,6,+,5,+,2,+,1,+,5
002581,23.01.26, 17:00,4,+,1,+,3,+,3,+,5,+,1
002580,23.01.26, 16:00,2,+,6,+,6,+,3,+,2,+,4
002579,23.01.26, 15:00,3,+,3,+,3,+,1,+,4,+,3
002578,23.01.26, 14:00,2,+,6,+,2,+,2,+,3,+,5
002577,23.01.26, 13:00,5,+,4,+,5,+,3,+,3,+,2
002576,23.01.26, 12:00,2,+,4,+,1,+,6,+,2,+,3
002575,23.01.26, 11:00,3,+,5,+,4,+,3,+,1,+,4
002574,23.01.26, 10:00,3,+,4,+,4,+,6,+,6,+,4
002573,23.01.26, 09:00,1,+,3,+,6,+,3,+,5,+,1
002572,23.01.26, 08:00,5,+,4,+,1,+,1,+,4,+,1
002571,23.01.26, 07:00,5,+,6,+,2,+,2,+,4,+,2
002570,23.01.26, 06:00,6,+,6,+,6,+,1,+,4,+,5
002569,23.01.26, 05:00,6,+,5,+,3,+,5,+,4,+,1
002568,23.01.26, 04:00,4,+,5,+,1,+,6,+,5,+,4
002567,23.01.26, 03:00,4,+,2,+,5,+,3,+,4,+,6
002566,23.01.26, 02:00,2,+,6,+,2,+,5,+,6,+,6
002565,23.01.26, 01:00,1,+,5,+,1,+,2,+,1,+,3
002564,23.01.26, 00:00,1,+,2,+,5,+,1,+,1,+,3
002563,22.01.26, 23:00,2,+,3,+,1,+,1,+,5,+,1
002562,22.01.26, 22:00,5,+,5,+,5,+,4,+,6,+,4
002561,22.01.26, 21:00,3,+,2,+,6,+,6,+,5,+,5
002560,22.01.26, 20:00,2,+,4,+,6,+,5,+,4,+,6
002559,22.01.26, 19:00,5,+,6,+,4,+,3,+,2,+,2
002558,22.01.26, 18:00,6,+,4,+,6,+,1,+,4,+,2
002557,22.01.26, 17:00,2,+,3,+,4,+,3,+,1,+,1
002556,22.01.26, 16:00,2,+,1,+,3,+,5,+,3,+,1
002555,22.01.26, 15:00,4,+,2,+,3,+,3,+,6,+,1
002554,22.01.26, 14:00,6,+,4,+,5,+,3,+,6,+,5
002553,22.01.26, 13:00,5,+,5,+,2,+,6,+,6,+,6
002552,22.01.26, 12:00,1,+,4,+,5,+,1,+,1,+,2
002551,22.01.26, 11:00,2,+,5,+,4,+,2,+,5,+,5
002550,22.01.26, 10:00,3,+,1,+,1,+,2,+,2,+,2
002549,22.01.26, 09:00,1,+,6,+,3,+,3,+,1,+,1
002548,22.01.26, 08:00,6,+,4,+,3,+,1,+,6,+,6
002547,22.01.26, 07:00,3,+,1,+,4,+,2,+,5,+,3
002546,22.01.26, 06:00,5,+,3,+,4,+,2,+,2,+,4
002545,22.01.26, 05:00,1,+,2,+,4,+,2,+,5,+,4
002544,22.01.26, 04:00,5,+,5,+,5,+,1,+,4,+,1
002543,22.01.26, 03:00,3,+,6,+,4,+,1,+,1,+,5
002542,22.01.26, 02:00,1,+,2,+,1,+,5,+,1,+,4
002541,22.01.26, 01:00,4,+,2,+,2,+,2,+,5,+,1
002540,22.01.26, 00:00,1,+,2,+,2,+,4,+,4,+,3
002539,21.01.26, 23:00,1,+,5,+,5,+,5,+,1,+,5
002538,21.01.26, 22:00,4,+,5,+,3,+,6,+,1,+,3
002537,21.01.26, 21:00,5,+,4,+,1,+,3,+,5,+,4
002536,21.01.26, 20:00,2,+,6,+,6,+,3,+,1,+,2
002535,21.01.26, 19:00,2,+,5,+,3,+,6,+,2,+,6
002534,21.01.26, 18:00,4,+,1,+,5,+,5,+,5,+,4
002533,21.01.26, 17:00,2,+,2,+,4,+,3,+,6,+,6
002532,21.01.26, 16:00,6,+,4,+,5,+,2,+,3,+,4
002531,21.01.26, 15:00,4,+,2,+,3,+,3,+,2,+,1
002530,21.01.26, 14:00,4,+,6,+,6,+,6,+,5,+,1
002529,21.01.26, 13:00,1,+,2,+,5,+,5,+,3,+,6
002528,21.01.26, 12:00,5,+,6,+,4,+,3,+,2,+,3
002527,21.01.26, 11:00,2,+,2,+,2,+,2,+,2,+,6
002526,21.01.26, 10:00,5,+,2,+,6,+,3,+,2,+,5
002525,21.01.26, 09:00,3,+,6,+,2,+,1,+,1,+,3
002524,21.01.26, 08:00,2,+,2,+,2,+,2,+,1,+,2
002523,21.01.26, 07:00,3,+,6,+,6,+,5,+,3,+,4
002522,21.01.26, 06:00,6,+,2,+,3,+,1,+,6,+,3
002521,21.01.26, 05:00,5,+,2,+,4,+,1,+,3,+,5
002520,21.01.26, 04:00,3,+,3,+,2,+,5,+,2,+,2
002519,21.01.26, 03:00,5,+,5,+,1,+,4,+,1,+,1
002518,21.01.26, 02:00,4,+,2,+,6,+,1,+,4,+,6
002517,21.01.26, 01:00,1,+,1,+,3,+,6,+,2,+,1
002516,21.01.26, 00:00,1,+,6,+,4,+,3,+,3,+,5
002515,20.01.26, 23:00,2,+,5,+,3,+,2,+,2,+,4
002514,20.01.26, 22:00,5,+,6,+,2,+,4,+,1,+,3
002513,20.01.26, 21:00,5,+,5,+,5,+,4,+,2,+,5
002512,20.01.26, 20:00,3,+,5,+,2,+,3,+,6,+,5
002511,20.01.26, 19:00,2,+,2,+,3,+,4,+,5,+,1
002510,20.01.26, 18:00,3,+,5,+,2,+,3,+,6,+,6
002509,20.01.26, 17:00,5,+,1,+,5,+,3,+,6,+,6
002508,20.01.26, 16:00,4,+,3,+,1,+,1,+,6,+,5
002507,20.01.26, 15:00,6,+,4,+,6,+,3,+,1,+,1
002506,20.01.26, 14:00,1,+,5,+,3,+,5,+,1,+,1
002505,20.01.26, 13:00,3,+,4,+,3,+,1,+,3,+,5
002504,20.01.26, 12:00,2,+,6,+,3,+,4,+,2,+,6
002503,20.01.26, 11:00,3,+,1,+,6,+,6,+,1,+,3
002502,20.01.26, 10:00,4,+,2,+,6,+,5,+,6,+,1
002501,20.01.26, 09:00,6,+,6,+,6,+,5,+,5,+,6
002500,20.01.26, 08:00,6,+,6,+,1,+,3,+,2,+,4
002499,20.01.26, 07:00,2,+,6,+,5,+,3,+,2,+,3
002498,20.01.26, 06:00,1,+,4,+,4,+,3,+,2,+,6
002497,20.01.26, 05:00,2,+,4,+,3,+,4,+,5,+,6
002496,20.01.26, 04:00,1,+,1,+,5,+,1,+,2,+,1
002495,20.01.26, 03:00,1,+,5,+,4,+,4,+,5,+,4
002494,20.01.26, 02:00,4,+,5,+,5,+,3,+,3,+,6
002493,20.01.26, 01:00,2,+,3,+,6,+,2,+,1,+,3
002492,20.01.26, 00:00,2,+,1,+,2,+,2,+,1,+,4
002491,19.01.26, 23:00,5,+,4,+,3,+,1,+,5,+,6
002490,19.01.26, 22:00,2,+,1,+,5,+,4,+,2,+,3
002489,19.01.26, 21:00,4,+,2,+,2,+,4,+,2,+,3
002488,19.01.26, 20:00,6,+,1,+,1,+,2,+,3,+,2
002487,19.01.26, 19:00,1,+,4,+,6,+,1,+,2,+,4
002486,19.01.26, 18:00,2,+,1,+,2,+,1,+,1,+,3
002485,19.01.26, 17:00,1,+,3,+,6,+,6,+,4,+,6
002484,19.01.26, 16:00,1,+,2,+,1,+,2,+,4,+,5
002483,19.01.26, 15:00,3,+,3,+,6,+,3,+,3,+,2
002482,19.01.26, 14:00,1,+,5,+,6,+,3,+,5,+,1
002481,19.01.26, 13:00,1,+,1,+,4,+,3,+,1,+,4
002480,19.01.26, 12:00,1,+,4,+,5,+,5,+,2,+,6
002479,19.01.26, 11:00,3,+,1,+,4,+,1,+,5,+,6
002478,19.01.26, 10:00,5,+,5,+,2,+,4,+,5,+,1
002477,19.01.26, 09:00,1,+,3,+,4,+,5,+,3,+,1
002476,19.01.26, 08:00,6,+,2,+,1,+,5,+,2,+,4
002475,19.01.26, 07:00,5,+,4,+,6,+,1,+,2,+,3
002474,19.01.26, 06:00,6,+,3,+,4,+,4,+,3,+,5
002473,19.01.26, 05:00,5,+,4,+,6,+,4,+,3,+,1
002472,19.01.26, 04:00,6,+,6,+,5,+,2,+,5,+,6
002471,19.01.26, 03:00,6,+,2,+,1,+,2,+,1,+,4
002470,19.01.26, 02:00,2,+,1,+,3,+,1,+,5,+,3
002469,19.01.26, 01:00,3,+,6,+,4,+,1,+,2,+,4
002468,19.01.26, 00:00,1,+,1,+,3,+,6,+,3,+,6
002467,18.01.26, 23:00,4,+,4,+,5,+,4,+,2,+,3
002466,18.01.26, 22:00,6,+,1,+,1,+,2,+,3,+,2
002465,18.01.26, 21:00,2,+,5,+,3,+,3,+,6,+,2
002464,18.01.26, 20:00,4,+,2,+,3,+,4,+,6,+,5
002463,18.01.26, 19:00,3,+,4,+,6,+,3,+,5,+,6
002462,18.01.26, 18:00,3,+,2,+,1,+,6,+,6,+,1
002461,18.01.26, 17:00,3,+,6,+,4,+,5,+,3,+,3
002460,18.01.26, 16:00,3,+,6,+,1,+,3,+,6,+,5
002459,18.01.26, 15:00,1,+,1,+,5,+,1,+,5,+,1
002458,18.01.26, 14:00,6,+,1,+,2,+,4,+,1,+,1
002457,18.01.26, 13:00,2,+,1,+,1,+,6,+,3,+,2
002456,18.01.26, 12:00,3,+,1,+,3,+,2,+,6,+,6
002455,18.01.26, 11:00,6,+,2,+,1,+,6,+,1,+,2
002454,18.01.26, 10:00,1,+,1,+,6,+,5,+,2,+,1
002453,18.01.26, 09:00,5,+,1,+,6,+,1,+,1,+,3
002452,18.01.26, 08:00,4,+,4,+,3,+,1,+,5,+,5
002451,18.01.26, 07:00,4,+,3,+,4,+,6,+,1,+,4
002450,18.01.26, 06:00,4,+,4,+,4,+,6,+,6,+,3
002449,18.01.26, 05:00,6,+,6,+,1,+,6,+,2,+,5
002448,18.01.26, 04:00,4,+,5,+,1,+,3,+,4,+,4
002447,18.01.26, 03:00,3,+,4,+,6,+,4,+,3,+,2
002446,18.01.26, 02:00,4,+,6,+,1,+,3,+,6,+,4
002445,18.01.26, 00:00,5,+,1,+,1,+,5,+,5,+,6
002444,17.01.26, 23:00,6,+,4,+,3,+,1,+,4,+,6
002443,17.01.26, 22:00,4,+,1,+,6,+,4,+,6,+,4
002442,17.01.26, 21:00,3,+,6,+,4,+,4,+,2,+,3
002441,17.01.26, 20:00,6,+,5,+,1,+,6,+,1,+,1
002440,17.01.26, 19:00,5,+,3,+,6,+,2,+,5,+,6
002439,17.01.26, 18:00,4,+,1,+,3,+,4,+,1,+,1
002438,17.01.26, 17:00,4,+,4,+,6,+,2,+,4,+,3
002437,17.01.26, 16:00,6,+,1,+,4,+,5,+,6,+,2
002436,17.01.26, 15:00,2,+,2,+,3,+,3,+,2,+,5
002435,17.01.26, 14:00,4,+,2,+,2,+,2,+,6,+,6
002434,17.01.26, 13:00,2,+,4,+,6,+,3,+,5,+,5
002433,17.01.26, 12:00,4,+,1,+,6,+,3,+,6,+,1
002432,17.01.26, 11:00,4,+,1,+,5,+,4,+,1,+,3
002431,17.01.26, 10:00,2,+,2,+,2,+,6,+,5,+,5
002430,17.01.26, 09:00,6,+,6,+,2,+,1,+,2,+,3
002429,17.01.26, 08:00,2,+,5,+,1,+,4,+,3,+,3
002428,17.01.26, 07:00,5,+,6,+,5,+,6,+,2,+,2
002427,17.01.26, 06:00,6,+,3,+,4,+,2,+,6,+,6
002426,17.01.26, 05:00,3,+,5,+,6,+,2,+,5,+,5
002425,17.01.26, 04:00,2,+,3,+,2,+,1,+,1,+,6
002424,17.01.26, 03:00,3,+,6,+,1,+,6,+,3,+,3
002423,17.01.26, 02:00,2,+,5,+,5,+,5,+,3,+,5
002422,17.01.26, 01:00,6,+,4,+,5,+,1,+,4,+,6
002421,17.01.26, 00:00,2,+,1,+,4,+,6,+,6,+,4
002420,16.01.26, 23:00,5,+,4,+,4,+,6,+,1,+,2
002419,16.01.26, 22:00,4,+,1,+,3,+,2,+,3,+,5
002418,16.01.26, 21:00,6,+,1,+,5,+,3,+,5,+,4
002417,16.01.26, 20:00,3,+,4,+,3,+,3,+,1,+,6
002416,16.01.26, 19:00,2,+,2,+,1,+,4,+,4,+,3
002415,16.01.26, 18:00,3,+,5,+,3,+,3,+,4,+,3
002414,16.01.26, 17:00,4,+,3,+,5,+,4,+,4,+,2
002413,16.01.26, 16:00,4,+,5,+,1,+,3,+,2,+,3
002412,16.01.26, 15:00,4,+,6,+,1,+,5,+,5,+,1
002411,16.01.26, 14:00,1,+,6,+,1,+,1,+,5,+,1
002410,16.01.26, 13:00,2,+,5,+,6,+,5,+,5,+,1
002409,16.01.26, 12:00,2,+,1,+,6,+,2,+,4,+,4
002408,16.01.26, 11:00,1,+,6,+,1,+,4,+,4,+,5
002407,16.01.26, 10:00,6,+,1,+,3,+,3,+,6,+,5
002406,16.01.26, 09:00,3,+,3,+,6,+,1,+,2,+,3
002405,16.01.26, 08:00,1,+,5,+,4,+,3,+,5,+,1
002404,16.01.26, 07:00,2,+,1,+,3,+,5,+,4,+,1
002403,16.01.26, 06:00,6,+,3,+,1,+,6,+,1,+,2
002402,16.01.26, 05:00,5,+,3,+,1,+,1,+,4,+,2
002401,16.01.26, 04:00,1,+,4,+,1,+,1,+,4,+,6
002400,16.01.26, 03:00,4,+,3,+,1,+,6,+,3,+,5
002399,16.01.26, 02:00,1,+,2,+,3,+,3,+,5,+,3
002398,16.01.26, 01:00,6,+,4,+,2,+,6,+,4,+,2
002397,16.01.26, 00:00,4,+,4,+,2,+,1,+,5,+,5
002396,15.01.26, 23:00,5,+,6,+,5,+,6,+,6,+,4
002395,15.01.26, 22:00,4,+,4,+,6,+,5,+,5,+,4
002394,15.01.26, 21:00,6,+,1,+,6,+,3,+,6,+,3
002393,15.01.26, 20:00,4,+,2,+,5,+,6,+,2,+,4
002392,15.01.26, 19:00,4,+,3,+,3,+,1,+,3,+,4
002391,15.01.26, 18:00,6,+,4,+,5,+,6,+,6,+,2
002390,15.01.26, 17:00,1,+,2,+,6,+,5,+,5,+,6
002389,15.01.26, 16:00,6,+,4,+,5,+,1,+,2,+,4
002388,15.01.26, 15:00,1,+,5,+,2,+,4,+,3,+,4
002387,15.01.26, 14:00,1,+,3,+,6,+,1,+,4,+,6
002386,15.01.26, 13:00,1,+,2,+,2,+,2,+,1,+,1
002385,15.01.26, 12:00,5,+,2,+,1,+,2,+,4,+,2
002384,15.01.26, 11:00,6,+,4,+,1,+,4,+,4,+,1
002383,15.01.26, 10:00,1,+,3,+,3,+,1,+,6,+,2
002382,15.01.26, 09:00,3,+,2,+,4,+,4,+,2,+,4
002381,15.01.26, 08:00,1,+,5,+,4,+,4,+,6,+,4
002380,15.01.26, 07:00,3,+,2,+,3,+,6,+,1,+,5
002379,15.01.26, 06:00,4,+,4,+,1,+,5,+,1,+,2
002378,15.01.26, 05:00,4,+,6,+,5,+,3,+,1,+,1
002377,15.01.26, 04:00,6,+,4,+,5,+,3,+,4,+,4
002376,15.01.26, 03:00,1,+,3,+,3,+,4,+,4,+,3
002375,15.01.26, 02:00,6,+,5,+,4,+,1,+,1,+,2
002374,15.01.26, 01:00,2,+,3,+,5,+,2,+,1,+,6
002373,15.01.26, 00:00,2,+,3,+,4,+,2,+,6,+,6
002372,14.01.26, 23:00,2,+,2,+,1,+,1,+,3,+,3
002371,14.01.26, 22:00,1,+,5,+,4,+,6,+,6,+,5
002370,14.01.26, 21:00,2,+,1,+,3,+,4,+,5,+,6
002369,14.01.26, 20:00,6,+,4,+,4,+,6,+,6,+,6
002368,14.01.26, 19:00,4,+,5,+,2,+,5,+,2,+,1
002367,14.01.26, 18:00,3,+,4,+,4,+,1,+,4,+,1
002366,14.01.26, 17:00,3,+,2,+,4,+,4,+,5,+,3
002365,14.01.26, 16:00,3,+,6,+,3,+,4,+,1,+,6
002364,14.01.26, 15:00,3,+,2,+,1,+,2,+,5,+,2
002363,14.01.26, 14:00,3,+,1,+,5,+,6,+,1,+,3
002362,14.01.26, 13:00,5,+,6,+,1,+,2,+,5,+,2
002361,14.01.26, 12:00,6,+,5,+,1,+,4,+,6,+,2
002360,14.01.26, 11:00,6,+,3,+,5,+,5,+,4,+,6
002359,14.01.26, 10:00,4,+,4,+,1,+,4,+,3,+,1
002358,14.01.26, 09:00,4,+,4,+,4,+,5,+,1,+,2
002357,14.01.26, 08:00,5,+,2,+,3,+,1,+,6,+,1
002356,14.01.26, 07:00,4,+,6,+,4,+,3,+,1,+,2
002355,14.01.26, 06:00,6,+,4,+,6,+,6,+,3,+,3
002354,14.01.26, 05:00,2,+,6,+,6,+,5,+,5,+,4
002353,14.01.26, 04:00,4,+,2,+,2,+,1,+,2,+,1
002352,14.01.26, 03:00,4,+,1,+,6,+,3,+,3,+,3
002351,14.01.26, 02:00,2,+,1,+,3,+,5,+,6,+,4
002350,14.01.26, 01:00,1,+,1,+,5,+,4,+,1,+,5
002349,14.01.26, 00:00,6,+,1,+,2,+,5,+,6,+,5
002348,13.01.26, 23:00,6,+,3,+,1,+,1,+,5,+,3
002347,13.01.26, 22:00,6,+,1,+,5,+,1,+,3,+,5
002346,13.01.26, 21:00,1,+,2,+,1,+,3,+,6,+,3
002345,13.01.26, 20:00,4,+,1,+,2,+,2,+,6,+,5
002344,13.01.26, 19:00,4,+,4,+,3,+,4,+,1,+,3
002343,13.01.26, 18:00,4,+,6,+,3,+,6,+,2,+,1
002342,13.01.26, 17:00,2,+,2,+,2,+,5,+,3,+,6
002341,13.01.26, 16:00,4,+,1,+,1,+,6,+,2,+,1
002340,13.01.26, 15:00,4,+,4,+,1,+,5,+,6,+,2
002339,13.01.26, 14:00,6,+,5,+,2,+,3,+,1,+,2
002338,13.01.26, 13:00,3,+,1,+,1,+,2,+,1,+,2
002337,13.01.26, 12:00,2,+,4,+,2,+,2,+,1,+,4
002336,13.01.26, 11:00,2,+,1,+,2,+,4,+,5,+,4
002335,13.01.26, 10:00,2,+,6,+,4,+,1,+,1,+,6
002334,13.01.26, 09:00,5,+,4,+,2,+,2,+,3,+,2
002333,13.01.26, 08:00,6,+,6,+,5,+,5,+,6,+,4
002332,13.01.26, 07:00,5,+,6,+,3,+,1,+,3,+,4
002331,13.01.26, 06:00,1,+,1,+,4,+,3,+,5,+,1
002330,13.01.26, 05:00,2,+,2,+,2,+,6,+,2,+,5
002329,13.01.26, 04:00,1,+,3,+,4,+,3,+,5,+,1
002328,13.01.26, 03:00,3,+,2,+,3,+,1,+,4,+,6
002327,13.01.26, 02:00,6,+,6,+,1,+,3,+,2,+,4
002326,13.01.26, 01:00,1,+,1,+,1,+,4,+,2,+,6
002325,13.01.26, 00:00,4,+,1,+,5,+,2,+,2,+,2
002324,12.01.26, 23:00,1,+,2,+,3,+,4,+,4,+,1
002323,12.01.26, 22:00,3,+,4,+,2,+,5,+,4,+,1
002322,12.01.26, 21:00,5,+,3,+,2,+,5,+,6,+,6
002321,12.01.26, 20:00,3,+,5,+,1,+,6,+,6,+,5
002320,12.01.26, 19:00,4,+,1,+,6,+,6,+,5,+,6
002319,12.01.26, 18:00,4,+,1,+,3,+,2,+,4,+,3
002318,12.01.26, 17:00,6,+,4,+,6,+,3,+,5,+,4
002317,12.01.26, 16:00,5,+,3,+,1,+,4,+,4,+,5
002316,12.01.26, 15:00,4,+,2,+,1,+,3,+,5,+,6
002315,12.01.26, 14:00,5,+,6,+,1,+,4,+,5,+,4
002314,12.01.26, 13:00,5,+,5,+,2,+,3,+,2,+,3
002313,12.01.26, 12:00,6,+,6,+,6,+,6,+,1,+,6
002312,12.01.26, 11:00,1,+,1,+,1,+,6,+,5,+,1
002311,12.01.26, 10:00,3,+,4,+,4,+,2,+,3,+,3
002310,12.01.26, 09:00,4,+,6,+,6,+,2,+,5,+,2
002309,12.01.26, 08:00,2,+,5,+,1,+,5,+,4,+,1
002308,12.01.26, 07:00,5,+,6,+,4,+,5,+,2,+,6
002307,12.01.26, 06:00,1,+,5,+,6,+,2,+,2,+,2
002306,12.01.26, 05:00,3,+,3,+,5,+,1,+,4,+,3
002305,12.01.26, 04:00,4,+,5,+,4,+,6,+,5,+,2
002304,12.01.26, 03:00,3,+,2,+,6,+,3,+,6,+,4
002303,12.01.26, 02:00,4,+,4,+,1,+,1,+,1,+,3
002302,12.01.26, 01:00,1,+,4,+,3,+,6,+,5,+,1
002301,12.01.26, 00:00,6,+,2,+,5,+,5,+,2,+,3
002300,11.01.26, 23:00,3,+,6,+,1,+,1,+,2,+,6
002299,11.01.26, 22:00,1,+,2,+,2,+,1,+,2,+,6
002298,11.01.26, 21:00,3,+,6,+,2,+,2,+,1,+,5
002297,11.01.26, 20:00,5,+,3,+,1,+,2,+,2,+,1
002296,11.01.26, 19:00,3,+,1,+,2,+,4,+,2,+,6
002295,11.01.26, 18:00,6,+,1,+,6,+,2,+,5,+,5
002294,11.01.26, 17:00,5,+,4,+,5,+,1,+,6,+,6
002293,11.01.26, 16:00,6,+,1,+,2,+,2,+,6,+,5
002292,11.01.26, 15:00,5,+,4,+,5,+,3,+,2,+,4
002291,11.01.26, 14:00,1,+,5,+,3,+,2,+,6,+,5
002290,11.01.26, 13:00,6,+,5,+,6,+,6,+,1,+,5
002289,11.01.26, 12:00,4,+,3,+,6,+,1,+,1,+,2
002288,11.01.26, 11:00,1,+,6,+,6,+,1,+,2,+,6
002287,11.01.26, 10:00,2,+,2,+,4,+,6,+,2,+,6
002286,11.01.26, 09:00,6,+,3,+,2,+,1,+,3,+,5
002285,11.01.26, 08:00,5,+,2,+,6,+,4,+,2,+,4
002284,11.01.26, 07:00,6,+,6,+,5,+,4,+,5,+,4
002283,11.01.26, 06:00,2,+,6,+,5,+,4,+,1,+,5
002282,11.01.26, 05:00,3,+,5,+,3,+,1,+,2,+,6
002281,11.01.26, 04:00,3,+,2,+,6,+,4,+,4,+,6
002280,11.01.26, 03:00,3,+,1,+,2,+,6,+,2,+,3
002279,11.01.26, 02:00,6,+,6,+,2,+,1,+,6,+,3
002278,11.01.26, 00:00,1,+,6,+,5,+,5,+,1,+,5
002277,10.01.26, 23:00,2,+,4,+,3,+,4,+,4,+,1
002276,10.01.26, 22:00,1,+,1,+,4,+,1,+,6,+,3
002275,10.01.26, 21:00,5,+,6,+,2,+,3,+,2,+,6
002274,10.01.26, 20:00,3,+,6,+,6,+,3,+,5,+,6
002273,10.01.26, 19:00,5,+,3,+,2,+,2,+,1,+,4
002272,10.01.26, 18:00,6,+,2,+,2,+,2,+,2,+,6
002271,10.01.26, 17:00,4,+,6,+,6,+,5,+,1,+,4
002270,10.01.26, 16:00,6,+,1,+,2,+,6,+,3,+,4
002269,10.01.26, 15:00,5,+,1,+,1,+,5,+,1,+,4
002268,10.01.26, 14:00,4,+,2,+,6,+,1,+,3,+,3
002267,10.01.26, 13:00,3,+,6,+,2,+,4,+,1,+,1
002266,10.01.26, 12:00,3,+,2,+,5,+,3,+,3,+,4
002265,10.01.26, 11:00,3,+,5,+,6,+,6,+,4,+,2
002264,10.01.26, 10:00,2,+,3,+,5,+,5,+,1,+,4
002263,10.01.26, 09:00,6,+,1,+,6,+,3,+,4,+,3
002262,10.01.26, 08:00,5,+,4,+,5,+,3,+,2,+,2
002261,10.01.26, 07:00,1,+,3,+,2,+,4,+,5,+,2
002260,10.01.26, 06:00,3,+,1,+,4,+,5,+,4,+,6
002259,10.01.26, 05:00,2,+,4,+,1,+,5,+,6,+,2
002258,10.01.26, 04:00,5,+,5,+,3,+,3,+,1,+,6
002257,10.01.26, 03:00,1,+,2,+,4,+,6,+,2,+,3
002256,10.01.26, 02:00,1,+,3,+,6,+,2,+,2,+,1
002255,10.01.26, 01:00,1,+,5,+,6,+,3,+,3,+,2
002254,10.01.26, 00:00,5,+,2,+,2,+,4,+,5,+,2
002253,09.01.26, 23:00,3,+,2,+,5,+,3,+,2,+,6
002252,09.01.26, 22:00,2,+,5,+,5,+,3,+,5,+,3
002251,09.01.26, 21:00,1,+,6,+,3,+,5,+,2,+,1
002250,09.01.26, 20:00,1,+,2,+,5,+,2,+,6,+,5
002249,09.01.26, 19:00,2,+,2,+,5,+,6,+,1,+,3
002248,09.01.26, 18:00,6,+,1,+,4,+,2,+,1,+,6
002247,09.01.26, 17:00,1,+,5,+,5,+,6,+,6,+,3
002246,09.01.26, 16:00,1,+,1,+,6,+,6,+,6,+,4
002245,09.01.26, 15:00,2,+,1,+,5,+,2,+,3,+,4
002244,09.01.26, 14:00,2,+,3,+,5,+,5,+,6,+,6
002243,09.01.26, 13:00,2,+,4,+,2,+,5,+,4,+,4
002242,09.01.26, 12:00,2,+,2,+,2,+,5,+,3,+,2
002241,09.01.26, 11:00,3,+,4,+,2,+,2,+,3,+,2
002240,09.01.26, 10:00,1,+,1,+,1,+,2,+,6,+,6
002239,09.01.26, 09:00,1,+,3,+,4,+,6,+,1,+,3
002238,09.01.26, 08:00,6,+,4,+,3,+,4,+,3,+,4
002237,09.01.26, 07:00,2,+,2,+,4,+,2,+,5,+,5
002236,09.01.26, 06:00,3,+,5,+,6,+,2,+,2,+,4
002235,09.01.26, 05:00,1,+,6,+,3,+,3,+,6,+,4
002234,09.01.26, 04:00,1,+,4,+,3,+,4,+,4,+,4
002233,09.01.26, 03:00,2,+,6,+,4,+,2,+,1,+,1
002232,09.01.26, 02:00,4,+,6,+,3,+,3,+,2,+,4
002231,09.01.26, 01:00,1,+,2,+,2,+,5,+,2,+,5
002230,09.01.26, 00:00,6,+,1,+,1,+,2,+,5,+,3
002229,08.01.26, 23:00,5,+,6,+,1,+,3,+,2,+,4
002228,08.01.26, 22:00,3,+,6,+,5,+,2,+,1,+,2
002227,08.01.26, 21:00,2,+,3,+,1,+,6,+,6,+,6
002226,08.01.26, 20:00,2,+,1,+,2,+,1,+,6,+,5
002225,08.01.26, 19:00,6,+,1,+,2,+,2,+,6,+,5
002224,08.01.26, 18:00,2,+,4,+,1,+,2,+,4,+,4
002223,08.01.26, 17:00,1,+,6,+,6,+,1,+,3,+,1
002222,08.01.26, 16:00,5,+,6,+,5,+,3,+,2,+,3
002221,08.01.26, 15:00,5,+,1,+,6,+,1,+,6,+,2
002220,08.01.26, 14:00,3,+,5,+,6,+,4,+,2,+,6
002219,08.01.26, 13:00,1,+,6,+,2,+,4,+,5,+,1
002218,08.01.26, 12:00,4,+,5,+,3,+,3,+,1,+,4
002217,08.01.26, 11:00,1,+,5,+,2,+,1,+,1,+,3
002216,08.01.26, 10:00,2,+,1,+,6,+,3,+,2,+,6
002215,08.01.26, 09:00,4,+,4,+,5,+,1,+,6,+,1
002214,08.01.26, 08:00,6,+,3,+,5,+,1,+,6,+,4
002213,08.01.26, 07:00,4,+,3,+,3,+,1,+,3,+,6
002212,08.01.26, 06:00,2,+,5,+,4,+,2,+,1,+,3
002211,08.01.26, 05:00,2,+,3,+,3,+,4,+,2,+,6
002210,08.01.26, 04:00,2,+,1,+,1,+,5,+,4,+,6
002209,08.01.26, 03:00,5,+,2,+,6,+,5,+,4,+,2
002208,08.01.26, 02:00,4,+,3,+,4,+,2,+,6,+,1
002207,08.01.26, 01:00,1,+,4,+,1,+,4,+,2,+,2
002206,08.01.26, 00:00,3,+,4,+,4,+,1,+,1,+,6
002205,07.01.26, 23:00,3,+,2,+,3,+,1,+,1,+,5
002204,07.01.26, 22:00,2,+,2,+,6,+,2,+,5,+,4
002203,07.01.26, 21:00,3,+,6,+,4,+,2,+,3,+,5
002202,07.01.26, 20:00,6,+,6,+,2,+,2,+,5,+,6
002201,07.01.26, 19:00,1,+,3,+,2,+,6,+,1,+,3
002200,07.01.26, 18:00,3,+,1,+,1,+,3,+,4,+,6
002199,07.01.26, 17:00,2,+,6,+,6,+,2,+,3,+,4
002198,07.01.26, 16:00,4,+,5,+,1,+,4,+,3,+,1
002197,07.01.26, 15:00,2,+,6,+,6,+,4,+,5,+,6
002196,07.01.26, 14:00,2,+,6,+,3,+,5,+,6,+,1
002195,07.01.26, 13:00,4,+,1,+,6,+,3,+,3,+,3
002194,07.01.26, 12:00,4,+,5,+,4,+,5,+,5,+,3
002193,07.01.26, 11:00,5,+,1,+,6,+,1,+,2,+,5
002192,07.01.26, 10:00,1,+,3,+,1,+,2,+,3,+,2
002191,07.01.26, 09:00,4,+,6,+,5,+,2,+,5,+,5
002190,07.01.26, 08:00,3,+,2,+,2,+,2,+,3,+,4
002189,07.01.26, 07:00,1,+,4,+,2,+,4,+,1,+,5
002188,07.01.26, 06:00,2,+,6,+,5,+,6,+,5,+,6
002187,07.01.26, 05:00,6,+,3,+,1,+,2,+,3,+,5
002186,07.01.26, 04:00,5,+,2,+,3,+,5,+,2,+,5
002185,07.01.26, 03:00,2,+,5,+,6,+,4,+,4,+,1
002184,07.01.26, 02:00,6,+,6,+,1,+,4,+,2,+,2
002183,07.01.26, 01:00,2,+,2,+,4,+,6,+,6,+,6
002182,07.01.26, 00:00,4,+,6,+,4,+,4,+,2,+,6
002181,06.01.26, 23:00,3,+,3,+,1,+,4,+,1,+,4
002180,06.01.26, 22:00,5,+,2,+,2,+,4,+,2,+,5
002179,06.01.26, 21:00,6,+,1,+,1,+,4,+,5,+,5
002178,06.01.26, 20:00,3,+,6,+,3,+,1,+,6,+,2
002177,06.01.26, 19:00,3,+,1,+,2,+,1,+,4,+,1
002176,06.01.26, 18:00,2,+,3,+,4,+,6,+,5,+,5
002175,06.01.26, 17:00,5,+,4,+,1,+,6,+,3,+,6
002174,06.01.26, 16:00,3,+,3,+,3,+,2,+,5,+,1
002173,06.01.26, 15:00,1,+,2,+,4,+,1,+,4,+,2
002172,06.01.26, 14:00,1,+,2,+,1,+,1,+,1,+,3
002171,06.01.26, 13:00,3,+,1,+,6,+,5,+,4,+,6
002170,06.01.26, 12:00,3,+,5,+,3,+,4,+,6,+,2
002169,06.01.26, 11:00,4,+,3,+,4,+,3,+,3,+,2
002168,06.01.26, 10:00,3,+,1,+,1,+,5,+,5,+,2
002167,06.01.26, 09:00,4,+,2,+,2,+,6,+,6,+,3
002166,06.01.26, 08:00,6,+,2,+,3,+,5,+,3,+,5
002165,06.01.26, 07:00,5,+,3,+,1,+,1,+,5,+,5
002164,06.01.26, 06:00,6,+,2,+,5,+,4,+,2,+,2
002163,06.01.26, 05:00,5,+,2,+,5,+,2,+,3,+,5
002162,06.01.26, 04:00,1,+,6,+,4,+,3,+,1,+,6
002161,06.01.26, 03:00,1,+,4,+,3,+,1,+,5,+,5
002160,06.01.26, 02:00,3,+,4,+,4,+,3,+,5,+,3
002159,06.01.26, 01:00,4,+,4,+,3,+,4,+,1,+,4
002158,06.01.26, 00:00,3,+,2,+,4,+,4,+,5,+,1
002157,05.01.26, 23:00,4,+,1,+,2,+,3,+,3,+,2
002156,05.01.26, 22:00,2,+,6,+,1,+,4,+,4,+,6
002155,05.01.26, 21:00,1,+,6,+,3,+,3,+,2,+,4
002154,05.01.26, 20:00,5,+,5,+,6,+,3,+,2,+,3
002153,05.01.26, 19:00,1,+,5,+,4,+,2,+,3,+,3
002152,05.01.26, 18:00,2,+,6,+,3,+,3,+,1,+,1
002151,05.01.26, 17:00,4,+,1,+,6,+,4,+,5,+,3
002150,05.01.26, 16:00,3,+,5,+,4,+,4,+,6,+,6
002149,05.01.26, 15:00,5,+,4,+,5,+,1,+,3,+,1
002148,05.01.26, 14:00,5,+,6,+,3,+,6,+,2,+,3
002147,05.01.26, 13:00,4,+,5,+,6,+,3,+,6,+,5
002146,05.01.26, 12:00,3,+,6,+,4,+,4,+,2,+,4
002145,05.01.26, 11:00,3,+,6,+,4,+,2,+,4,+,5
002144,05.01.26, 10:00,6,+,3,+,6,+,3,+,6,+,4
002143,05.01.26, 09:00,2,+,3,+,1,+,6,+,6,+,5
002142,05.01.26, 08:00,2,+,3,+,5,+,1,+,5,+,3
002141,05.01.26, 07:00,3,+,5,+,1,+,3,+,1,+,6
002140,05.01.26, 06:00,2,+,3,+,4,+,6,+,5,+,1
002139,05.01.26, 05:00,1,+,1,+,3,+,6,+,5,+,4
002138,05.01.26, 04:00,4,+,4,+,4,+,1,+,5,+,3
002137,05.01.26, 03:00,3,+,3,+,1,+,5,+,5,+,6
002136,05.01.26, 02:00,2,+,3,+,3,+,1,+,3,+,5
002135,05.01.26, 01:00,2,+,3,+,1,+,5,+,4,+,5
002134,05.01.26, 00:00,1,+,4,+,1,+,4,+,6,+,3
002133,04.01.26, 23:00,1,+,6,+,2,+,4,+,6,+,1
002132,04.01.26, 22:00,6,+,5,+,5,+,2,+,3,+,6
002131,04.01.26, 21:00,5,+,5,+,1,+,5,+,3,+,6
002130,04.01.26, 20:00,2,+,5,+,4,+,1,+,4,+,2
002129,04.01.26, 19:00,2,+,3,+,4,+,4,+,5,+,2
002128,04.01.26, 18:00,3,+,1,+,5,+,2,+,2,+,5
002127,04.01.26, 17:00,6,+,2,+,3,+,4,+,1,+,4
002126,04.01.26, 16:00,5,+,6,+,1,+,3,+,3,+,4
002125,04.01.26, 15:00,4,+,3,+,4,+,6,+,2,+,1
002124,04.01.26, 14:00,4,+,2,+,5,+,6,+,1,+,6
002123,04.01.26, 13:00,4,+,3,+,2,+,4,+,2,+,4
002122,04.01.26, 12:00,4,+,5,+,2,+,1,+,3,+,1
002121,04.01.26, 11:00,2,+,1,+,3,+,1,+,2,+,3
002120,04.01.26, 10:00,2,+,2,+,2,+,2,+,4,+,1
002119,04.01.26, 09:00,3,+,5,+,2,+,6,+,6,+,2
002118,04.01.26, 08:00,4,+,2,+,4,+,2,+,3,+,3
002117,04.01.26, 07:00,4,+,5,+,5,+,1,+,1,+,4
002116,04.01.26, 06:00,3,+,6,+,2,+,3,+,4,+,5
002115,04.01.26, 05:00,1,+,5,+,4,+,2,+,4,+,2
002114,04.01.26, 04:00,5,+,1,+,6,+,2,+,2,+,5
002113,04.01.26, 03:00,2,+,1,+,1,+,6,+,2,+,5
002112,04.01.26, 02:00,2,+,3,+,2,+,6,+,3,+,2
002111,04.01.26, 00:00,5,+,3,+,5,+,3,+,3,+,2
002110,03.01.26, 23:00,5,+,6,+,1,+,1,+,1,+,4
002109,03.01.26, 22:00,4,+,6,+,1,+,1,+,1,+,4
002108,03.01.26, 21:00,2,+,2,+,1,+,3,+,2,+,1
002107,03.01.26, 20:00,3,+,5,+,3,+,4,+,3,+,3
002106,03.01.26, 19:00,1,+,1,+,5,+,3,+,1,+,6
002105,03.01.26, 18:00,4,+,6,+,2,+,1,+,1,+,5
002104,03.01.26, 17:00,4,+,6,+,5,+,5,+,4,+,2
002103,03.01.26, 16:00,1,+,6,+,3,+,5,+,5,+,1
002102,03.01.26, 15:00,3,+,2,+,4,+,3,+,5,+,2
002101,03.01.26, 14:00,4,+,5,+,5,+,5,+,6,+,4
002100,03.01.26, 13:00,6,+,5,+,3,+,1,+,3,+,4
002099,03.01.26, 12:00,1,+,4,+,4,+,3,+,4,+,6
002098,03.01.26, 11:00,3,+,4,+,6,+,5,+,6,+,2
002097,03.01.26, 10:00,3,+,4,+,3,+,2,+,4,+,4
002096,03.01.26, 09:00,2,+,6,+,3,+,1,+,2,+,1
002095,03.01.26, 08:00,5,+,3,+,2,+,3,+,5,+,5
002094,03.01.26, 07:00,2,+,4,+,4,+,1,+,2,+,6
002093,03.01.26, 06:00,5,+,2,+,1,+,3,+,1,+,1
002092,03.01.26, 05:00,4,+,6,+,3,+,5,+,5,+,2
002091,03.01.26, 04:00,3,+,4,+,2,+,5,+,3,+,1
002090,03.01.26, 03:00,1,+,1,+,5,+,4,+,1,+,4
002089,03.01.26, 02:00,5,+,5,+,6,+,2,+,5,+,5
002088,03.01.26, 01:00,5,+,3,+,4,+,4,+,2,+,6
002087,03.01.26, 00:00,3,+,3,+,5,+,5,+,2,+,6
002086,02.01.26, 23:00,5,+,2,+,4,+,3,+,6,+,5
002085,02.01.26, 22:00,4,+,5,+,2,+,4,+,2,+,2
002084,02.01.26, 21:00,3,+,4,+,4,+,4,+,1,+,6
002083,02.01.26, 20:00,1,+,1,+,4,+,4,+,6,+,6
002082,02.01.26, 19:00,1,+,3,+,4,+,2,+,5,+,5
002081,02.01.26, 18:00,1,+,5,+,2,+,4,+,1,+,3
002080,02.01.26, 17:00,1,+,1,+,2,+,1,+,4,+,4
002079,02.01.26, 16:00,6,+,6,+,1,+,6,+,5,+,1
002078,02.01.26, 15:00,5,+,1,+,1,+,5,+,6,+,2
002077,02.01.26, 14:00,4,+,5,+,4,+,4,+,2,+,5
002076,02.01.26, 13:00,2,+,2,+,5,+,5,+,1,+,5
002075,02.01.26, 12:00,1,+,1,+,3,+,1,+,2,+,4
002074,02.01.26, 11:00,6,+,5,+,5,+,1,+,1,+,5
002073,02.01.26, 10:00,5,+,3,+,4,+,2,+,6,+,3
002072,02.01.26, 09:00,1,+,2,+,6,+,6,+,6,+,3
002071,02.01.26, 08:00,4,+,5,+,4,+,4,+,2,+,4
002070,02.01.26, 07:00,4,+,6,+,6,+,1,+,2,+,6
002069,02.01.26, 06:00,5,+,2,+,5,+,1,+,6,+,1
002068,02.01.26, 05:00,4,+,4,+,6,+,3,+,5,+,3
002067,02.01.26, 04:00,6,+,4,+,6,+,3,+,1,+,3
002066,02.01.26, 03:00,6,+,6,+,3,+,5,+,5,+,5
002065,02.01.26, 02:00,5,+,3,+,3,+,3,+,2,+,4
002064,02.01.26, 01:00,2,+,1,+,1,+,6,+,4,+,3
002063,02.01.26, 00:00,4,+,3,+,3,+,3,+,1,+,2
002062,01.01.26, 23:00,1,+,1,+,2,+,2,+,1,+,3
002061,01.01.26, 22:00,1,+,4,+,3,+,5,+,1,+,4
002060,01.01.26, 21:00,1,+,3,+,5,+,1,+,6,+,1
002059,01.01.26, 20:00,3,+,6,+,5,+,2,+,3,+,1
002058,01.01.26, 19:00,3,+,2,+,2,+,1,+,5,+,3
002057,01.01.26, 18:00,6,+,3,+,3,+,1,+,3,+,5
002056,01.01.26, 17:00,6,+,1,+,4,+,5,+,3,+,3
002055,01.01.26, 13:00,4,+,4,+,6,+,5,+,1,+,2
002054,01.01.26, 12:00,5,+,4,+,5,+,3,+,1,+,1
002053,01.01.26, 11:00,1,+,2,+,3,+,6,+,1,+,3
002052,01.01.26, 10:00,6,+,2,+,6,+,2,+,1,+,2
002051,01.01.26, 09:00,5,+,6,+,2,+,5,+,1,+,5
002050,01.01.26, 08:00,4,+,2,+,3,+,5,+,2,+,5
002049,01.01.26, 07:00,4,+,4,+,3,+,3,+,1,+,4
002048,01.01.26, 06:00,3,+,6,+,6,+,4,+,1,+,6
002047,01.01.26, 05:00,3,+,3,+,5,+,3,+,2,+,3
002046,01.01.26, 04:00,4,+,5,+,3,+,1,+,6,+,4
002045,01.01.26, 03:00,2,+,5,+,6,+,6,+,5,+,6
002044,01.01.26, 02:00,6,+,4,+,4,+,5,+,3,+,5
002043,01.01.26, 01:00,3,+,2,+,5,+,4,+,3,+,6
002042,01.01.26, 00:00,5,+,2,+,4,+,3,+,2,+,4
002041,31.12.25, 23:00,6,+,6,+,3,+,4,+,5,+,1
002040,31.12.25, 22:00,3,+,6,+,5,+,2,+,1,+,1
002039,31.12.25, 21:00,4,+,4,+,1,+,3,+,2,+,6
002038,31.12.25, 20:00,1,+,6,+,2,+,5,+,3,+,1
002037,31.12.25, 19:00,6,+,4,+,2,+,2,+,5,+,2
002036,31.12.25, 18:00,5,+,1,+,2,+,3,+,3,+,2
002035,31.12.25, 17:00,3,+,2,+,3,+,1,+,4,+,1
002034,31.12.25, 16:00,3,+,6,+,6,+,2,+,2,+,1
002033,31.12.25, 15:00,3,+,3,+,6,+,6,+,4,+,2
002032,31.12.25, 14:00,4,+,2,+,2,+,4,+,1,+,4
002031,31.12.25, 13:00,1,+,1,+,6,+,2,+,6,+,1
002030,31.12.25, 12:00,2,+,6,+,6,+,1,+,3,+,5
002029,31.12.25, 11:00,1,+,1,+,5,+,1,+,4,+,3
002028,31.12.25, 10:00,4,+,2,+,2,+,3,+,5,+,2
002027,31.12.25, 09:00,6,+,5,+,3,+,6,+,6,+,4
002026,31.12.25, 08:00,3,+,2,+,1,+,5,+,6,+,2
002025,31.12.25, 07:00,6,+,4,+,6,+,1,+,2,+,5
002024,31.12.25, 06:00,6,+,1,+,1,+,5,+,3,+,4
002023,31.12.25, 05:00,6,+,2,+,2,+,1,+,5,+,3
002022,31.12.25, 04:00,3,+,2,+,3,+,1,+,1,+,3
002021,31.12.25, 03:00,5,+,2,+,4,+,4,+,3,+,4
002020,31.12.25, 02:00,4,+,3,+,5,+,1,+,1,+,4
002019,31.12.25, 01:00,4,+,4,+,4,+,5,+,1,+,5
002018,31.12.25, 00:00,2,+,2,+,6,+,3,+,3,+,3
002017,30.12.25, 23:00,4,+,3,+,3,+,5,+,2,+,3
002016,30.12.25, 22:00,5,+,6,+,1,+,2,+,1,+,6
002015,30.12.25, 21:00,2,+,3,+,3,+,5,+,4,+,5
002014,30.12.25, 20:00,1,+,3,+,5,+,5,+,2,+,2
002013,30.12.25, 19:00,4,+,5,+,2,+,2,+,3,+,1
002012,30.12.25, 18:00,6,+,1,+,2,+,4,+,3,+,3
002011,30.12.25, 17:00,4,+,5,+,6,+,6,+,6,+,2
002010,30.12.25, 16:00,3,+,1,+,2,+,5,+,3,+,3
002009,30.12.25, 15:00,2,+,2,+,1,+,2,+,3,+,2
002008,30.12.25, 14:00,1,+,1,+,1,+,3,+,5,+,6
002007,30.12.25, 13:00,6,+,2,+,5,+,3,+,5,+,6
002006,30.12.25, 12:00,1,+,5,+,3,+,5,+,3,+,6
002005,30.12.25, 11:00,5,+,5,+,6,+,3,+,5,+,2
002004,30.12.25, 10:00,2,+,4,+,1,+,4,+,5,+,4
002003,30.12.25, 09:00,6,+,1,+,5,+,2,+,2,+,5
002002,30.12.25, 08:00,6,+,6,+,4,+,6,+,4,+,2
002001,30.12.25, 07:00,3,+,6,+,3,+,3,+,1,+,5
002000,30.12.25, 06:00,2,+,5,+,4,+,5,+,2,+,2
001999,30.12.25, 05:00,1,+,1,+,1,+,1,+,4,+,3
001998,30.12.25, 04:00,2,+,3,+,3,+,4,+,1,+,3
001997,30.12.25, 03:00,3,+,3,+,4,+,2,+,5,+,6
001996,30.12.25, 02:00,5,+,2,+,5,+,1,+,1,+,2
001995,30.12.25, 01:00,3,+,3,+,1,+,4,+,2,+,4
001994,30.12.25, 00:00,3,+,4,+,2,+,3,+,5,+,2
001993,29.12.25, 23:00,1,+,5,+,1,+,6,+,3,+,3
001992,29.12.25, 22:00,2,+,6,+,2,+,5,+,5,+,5
001991,29.12.25, 21:00,6,+,2,+,6,+,5,+,6,+,1
001990,29.12.25, 20:00,4,+,2,+,1,+,6,+,6,+,2
001989,29.12.25, 19:00,1,+,2,+,1,+,6,+,2,+,4
001988,29.12.25, 18:00,2,+,6,+,6,+,5,+,1,+,3
001987,29.12.25, 17:00,3,+,5,+,1,+,1,+,1,+,4
001986,29.12.25, 16:00,4,+,1,+,2,+,6,+,1,+,1
001985,29.12.25, 15:00,5,+,2,+,2,+,6,+,1,+,6
001984,29.12.25, 14:00,2,+,4,+,1,+,5,+,6,+,4
001983,29.12.25, 13:00,6,+,1,+,4,+,6,+,3,+,2
001982,29.12.25, 12:00,3,+,5,+,4,+,4,+,5,+,1
001981,29.12.25, 11:00,5,+,6,+,3,+,4,+,2,+,6
001980,29.12.25, 10:00,5,+,2,+,2,+,4,+,4,+,1
001979,29.12.25, 09:00,3,+,6,+,2,+,2,+,2,+,1
001978,29.12.25, 08:00,3,+,4,+,6,+,2,+,4,+,2
001977,29.12.25, 07:00,2,+,5,+,4,+,4,+,2,+,5
001976,29.12.25, 06:00,4,+,1,+,1,+,5,+,4,+,2
001975,29.12.25, 05:00,5,+,3,+,1,+,4,+,1,+,6
001974,29.12.25, 04:00,3,+,2,+,5,+,4,+,6,+,2
001973,29.12.25, 03:00,2,+,2,+,5,+,4,+,4,+,6
001972,29.12.25, 02:00,6,+,2,+,4,+,2,+,3,+,6
001971,29.12.25, 01:00,5,+,3,+,4,+,4,+,6,+,4
001970,29.12.25, 00:00,2,+,6,+,3,+,3,+,4,+,1
001969,28.12.25, 23:00,3,+,1,+,3,+,4,+,1,+,2
001968,28.12.25, 22:00,5,+,5,+,2,+,4,+,6,+,2
001967,28.12.25, 21:00,3,+,6,+,2,+,6,+,1,+,2
001966,28.12.25, 20:00,1,+,2,+,2,+,6,+,2,+,5
001965,28.12.25, 19:00,2,+,5,+,5,+,1,+,6,+,4
001964,28.12.25, 18:00,2,+,3,+,6,+,1,+,6,+,6
001963,28.12.25, 17:00,5,+,2,+,4,+,5,+,2,+,4
001962,28.12.25, 16:00,3,+,6,+,1,+,1,+,4,+,3
001961,28.12.25, 15:00,6,+,4,+,4,+,3,+,5,+,2
001960,28.12.25, 14:00,1,+,3,+,5,+,3,+,1,+,4
001959,28.12.25, 13:00,3,+,1,+,1,+,2,+,4,+,1
001958,28.12.25, 12:00,4,+,6,+,3,+,1,+,2,+,5
001957,28.12.25, 11:00,5,+,4,+,5,+,4,+,6,+,1
001956,28.12.25, 10:00,3,+,1,+,5,+,2,+,6,+,1
001955,28.12.25, 09:00,5,+,5,+,3,+,3,+,5,+,2
001954,28.12.25, 08:00,2,+,3,+,5,+,4,+,2,+,2
001953,28.12.25, 07:00,6,+,2,+,4,+,3,+,6,+,5
001952,28.12.25, 06:00,6,+,4,+,4,+,6,+,3,+,4
001951,28.12.25, 05:00,6,+,3,+,5,+,4,+,4,+,3
001950,28.12.25, 04:00,5,+,5,+,3,+,5,+,6,+,6
001949,28.12.25, 03:00,1,+,3,+,2,+,4,+,3,+,2
001948,28.12.25, 02:00,2,+,1,+,1,+,6,+,4,+,5
001947,28.12.25, 01:00,1,+,6,+,3,+,2,+,6,+,3
001946,28.12.25, 00:00,1,+,5,+,4,+,6,+,1,+,3
001945,27.12.25, 23:00,5,+,4,+,6,+,2,+,5,+,4
001944,27.12.25, 22:00,5,+,4,+,3,+,1,+,4,+,6
001943,27.12.25, 21:00,4,+,2,+,3,+,2,+,6,+,1
001942,27.12.25, 20:00,3,+,2,+,6,+,2,+,1,+,4
001941,27.12.25, 19:00,5,+,2,+,6,+,1,+,3,+,1
001940,27.12.25, 18:00,4,+,3,+,3,+,1,+,4,+,2
001939,27.12.25, 17:00,5,+,6,+,4,+,5,+,4,+,3
001938,27.12.25, 16:00,1,+,3,+,2,+,4,+,1,+,6
001937,27.12.25, 15:00,3,+,6,+,2,+,4,+,1,+,3
001936,27.12.25, 14:00,4,+,1,+,2,+,5,+,3,+,3
001935,27.12.25, 13:00,2,+,1,+,1,+,1,+,5,+,3
001934,27.12.25, 12:00,1,+,3,+,6,+,2,+,4,+,3
001933,27.12.25, 11:00,1,+,6,+,6,+,4,+,5,+,4
001932,27.12.25, 10:00,1,+,5,+,2,+,2,+,3,+,5
001931,27.12.25, 09:00,2,+,6,+,5,+,5,+,4,+,5
001930,27.12.25, 08:00,4,+,1,+,5,+,2,+,3,+,3
001929,27.12.25, 07:00,3,+,1,+,6,+,3,+,6,+,5
001928,27.12.25, 06:00,2,+,2,+,1,+,6,+,2,+,6
001927,27.12.25, 05:00,4,+,5,+,1,+,2,+,3,+,3
001926,27.12.25, 04:00,1,+,2,+,6,+,5,+,6,+,1
001925,27.12.25, 03:00,4,+,3,+,2,+,6,+,6,+,2
001924,27.12.25, 02:00,5,+,4,+,2,+,4,+,4,+,3
001923,27.12.25, 01:00,2,+,6,+,3,+,5,+,1,+,1
001922,27.12.25, 00:00,2,+,5,+,6,+,6,+,6,+,1
001921,26.12.25, 23:00,3,+,4,+,5,+,1,+,2,+,2
001920,26.12.25, 22:00,3,+,4,+,2,+,5,+,1,+,3
001919,26.12.25, 21:00,3,+,2,+,4,+,1,+,1,+,3
001918,26.12.25, 20:00,3,+,3,+,4,+,1,+,5,+,3
001917,26.12.25, 19:00,1,+,2,+,6,+,3,+,5,+,3
001916,26.12.25, 18:00,2,+,3,+,5,+,6,+,3,+,1
001915,26.12.25, 17:00,2,+,6,+,4,+,2,+,1,+,1
001914,26.12.25, 16:00,1,+,6,+,2,+,5,+,5,+,2
001913,26.12.25, 15:00,2,+,4,+,2,+,1,+,2,+,3
001912,26.12.25, 14:00,5,+,5,+,2,+,6,+,6,+,2
001911,26.12.25, 13:00,3,+,2,+,6,+,4,+,3,+,2
001910,26.12.25, 12:00,6,+,3,+,6,+,1,+,4,+,4
001909,26.12.25, 11:00,3,+,3,+,1,+,4,+,3,+,4
001908,26.12.25, 10:00,5,+,5,+,4,+,6,+,2,+,6
001907,26.12.25, 09:00,4,+,4,+,3,+,2,+,3,+,4
001906,26.12.25, 08:00,4,+,4,+,2,+,4,+,4,+,2
001905,26.12.25, 07:00,1,+,5,+,2,+,5,+,5,+,3
001904,26.12.25, 06:00,5,+,4,+,5,+,2,+,3,+,5
001903,26.12.25, 05:00,5,+,4,+,6,+,1,+,2,+,5
001902,26.12.25, 04:00,3,+,2,+,6,+,6,+,3,+,3
001901,26.12.25, 03:00,5,+,6,+,3,+,4,+,4,+,6
001900,26.12.25, 02:00,2,+,2,+,3,+,6,+,6,+,6
001899,26.12.25, 01:00,3,+,6,+,4,+,4,+,4,+,1
001898,26.12.25, 00:00,6,+,3,+,3,+,4,+,1,+,5
001897,25.12.25, 23:00,2,+,1,+,3,+,1,+,5,+,5
001896,25.12.25, 22:00,6,+,1,+,4,+,6,+,3,+,2
001895,25.12.25, 21:00,6,+,6,+,5,+,5,+,2,+,4
001894,25.12.25, 20:00,4,+,4,+,3,+,3,+,5,+,5
001893,25.12.25, 19:00,5,+,6,+,4,+,3,+,5,+,1
001892,25.12.25, 18:00,4,+,6,+,1,+,5,+,1,+,6
001891,25.12.25, 17:00,4,+,1,+,3,+,6,+,2,+,4
001890,25.12.25, 16:00,1,+,5,+,3,+,4,+,6,+,5
001889,25.12.25, 15:00,2,+,3,+,5,+,6,+,1,+,4
001888,25.12.25, 14:00,5,+,5,+,3,+,4,+,3,+,3
001887,25.12.25, 13:00,5,+,5,+,6,+,2,+,5,+,1
001886,25.12.25, 12:00,5,+,6,+,2,+,4,+,5,+,5
001885,25.12.25, 11:00,2,+,4,+,1,+,3,+,5,+,3
001884,25.12.25, 10:00,5,+,2,+,2,+,4,+,6,+,5
001883,25.12.25, 09:00,1,+,2,+,5,+,6,+,3,+,1
001882,25.12.25, 08:00,3,+,4,+,5,+,5,+,4,+,6
001881,25.12.25, 07:00,2,+,4,+,2,+,6,+,5,+,6
001880,25.12.25, 06:00,4,+,5,+,5,+,4,+,2,+,5
001879,25.12.25, 05:00,4,+,4,+,1,+,5,+,2,+,4
001878,25.12.25, 04:00,5,+,1,+,1,+,2,+,1,+,3
001877,25.12.25, 03:00,6,+,1,+,6,+,4,+,4,+,1
001876,25.12.25, 02:00,6,+,4,+,5,+,5,+,6,+,5
001875,25.12.25, 01:00,1,+,3,+,1,+,4,+,4,+,3
001874,25.12.25, 00:00,6,+,1,+,4,+,5,+,5,+,5
001873,24.12.25, 23:00,6,+,1,+,1,+,4,+,3,+,6
001872,24.12.25, 22:00,3,+,2,+,2,+,6,+,4,+,6
001871,24.12.25, 21:00,2,+,2,+,6,+,2,+,5,+,4
001870,24.12.25, 20:00,1,+,5,+,6,+,6,+,3,+,6
001869,24.12.25, 19:00,1,+,4,+,1,+,1,+,3,+,3
001868,24.12.25, 18:00,4,+,2,+,3,+,3,+,3,+,3
001867,24.12.25, 17:00,4,+,2,+,5,+,6,+,3,+,5
001866,24.12.25, 16:00,2,+,5,+,6,+,4,+,1,+,2
001865,24.12.25, 15:00,2,+,3,+,3,+,2,+,5,+,5
001864,24.12.25, 14:00,2,+,3,+,6,+,4,+,5,+,4
001863,24.12.25, 13:00,6,+,2,+,5,+,6,+,3,+,2
001862,24.12.25, 12:00,1,+,2,+,2,+,3,+,1,+,5
001861,24.12.25, 11:00,3,+,1,+,5,+,5,+,6,+,2
001860,24.12.25, 10:00,3,+,1,+,6,+,2,+,3,+,3
001859,24.12.25, 09:00,4,+,2,+,1,+,3,+,5,+,6
001858,24.12.25, 08:00,3,+,1,+,3,+,1,+,5,+,3
001857,24.12.25, 07:00,1,+,6,+,4,+,5,+,6,+,3
001856,24.12.25, 06:00,1,+,1,+,6,+,2,+,3,+,1
001855,24.12.25, 05:00,1,+,1,+,3,+,3,+,3,+,4
001854,24.12.25, 04:00,2,+,5,+,2,+,1,+,3,+,1
001853,24.12.25, 03:00,1,+,2,+,1,+,2,+,3,+,3
001852,24.12.25, 02:00,6,+,5,+,5,+,5,+,2,+,5
001851,24.12.25, 01:00,1,+,2,+,2,+,1,+,2,+,6
001850,24.12.25, 00:00,1,+,6,+,1,+,1,+,6,+,2
001849,23.12.25, 23:00,2,+,4,+,5,+,6,+,4,+,4
001848,23.12.25, 22:00,6,+,6,+,4,+,2,+,1,+,2
001847,23.12.25, 21:00,1,+,6,+,2,+,5,+,2,+,6
001846,23.12.25, 20:00,3,+,5,+,3,+,1,+,6,+,3
001845,23.12.25, 19:00,4,+,4,+,2,+,2,+,4,+,6
001844,23.12.25, 18:00,4,+,4,+,6,+,5,+,5,+,3
001843,23.12.25, 17:00,5,+,1,+,5,+,6,+,3,+,3
001842,23.12.25, 16:00,6,+,6,+,6,+,2,+,6,+,2
001841,23.12.25, 15:00,6,+,2,+,6,+,3,+,4,+,1
001840,23.12.25, 14:00,2,+,6,+,1,+,6,+,2,+,4
001839,23.12.25, 13:00,5,+,1,+,6,+,1,+,6,+,1
001838,23.12.25, 12:00,1,+,5,+,5,+,1,+,1,+,3
001837,23.12.25, 11:00,1,+,5,+,1,+,2,+,3,+,1
001836,23.12.25, 10:00,1,+,1,+,6,+,6,+,6,+,6
001835,23.12.25, 09:00,6,+,3,+,2,+,3,+,5,+,6
001834,23.12.25, 08:00,6,+,2,+,4,+,3,+,2,+,5
001833,23.12.25, 07:00,4,+,2,+,3,+,4,+,4,+,2
001832,23.12.25, 06:00,2,+,6,+,1,+,1,+,1,+,3
001831,23.12.25, 05:00,3,+,2,+,1,+,5,+,1,+,5
001830,23.12.25, 04:00,5,+,4,+,3,+,1,+,1,+,2
001829,23.12.25, 03:00,6,+,1,+,3,+,3,+,2,+,2
001828,23.12.25, 02:00,4,+,5,+,3,+,1,+,1,+,5
001827,23.12.25, 01:00,4,+,3,+,6,+,1,+,1,+,1
001826,23.12.25, 00:00,1,+,1,+,5,+,6,+,2,+,3
001825,22.12.25, 23:00,4,+,6,+,6,+,1,+,4,+,3
001824,22.12.25, 22:00,1,+,3,+,1,+,1,+,4,+,4
001823,22.12.25, 21:00,6,+,5,+,5,+,1,+,4,+,2
001822,22.12.25, 20:00,6,+,1,+,5,+,3,+,4,+,3
001821,22.12.25, 19:00,3,+,4,+,6,+,5,+,4,+,4
001820,22.12.25, 18:00,6,+,1,+,6,+,5,+,5,+,1
001819,22.12.25, 17:00,1,+,1,+,1,+,4,+,3,+,3
001818,22.12.25, 16:00,6,+,2,+,4,+,2,+,6,+,3
001817,22.12.25, 15:00,2,+,6,+,4,+,6,+,6,+,6
001816,22.12.25, 14:00,1,+,4,+,1,+,4,+,1,+,5
001815,22.12.25, 13:00,1,+,5,+,3,+,6,+,6,+,2
001814,22.12.25, 12:00,2,+,4,+,1,+,3,+,4,+,6
001813,22.12.25, 11:00,1,+,6,+,6,+,3,+,1,+,5
001812,22.12.25, 10:00,6,+,1,+,5,+,4,+,6,+,4
001811,22.12.25, 09:00,1,+,3,+,1,+,5,+,3,+,2
001810,22.12.25, 08:00,4,+,3,+,1,+,4,+,2,+,4
001809,22.12.25, 07:00,1,+,6,+,3,+,1,+,1,+,3
001808,22.12.25, 06:00,1,+,5,+,6,+,3,+,1,+,2
001807,22.12.25, 05:00,6,+,2,+,1,+,3,+,2,+,5
001806,22.12.25, 04:00,3,+,6,+,3,+,4,+,1,+,3
001805,22.12.25, 03:00,6,+,6,+,4,+,2,+,5,+,3
001804,22.12.25, 02:00,1,+,3,+,5,+,6,+,3,+,1
001803,22.12.25, 01:00,6,+,1,+,2,+,6,+,4,+,4
001802,22.12.25, 00:00,1,+,5,+,3,+,3,+,4,+,4
001801,21.12.25, 23:00,2,+,5,+,6,+,6,+,5,+,3
001800,21.12.25, 22:00,6,+,4,+,3,+,3,+,3,+,6
001799,21.12.25, 21:00,3,+,5,+,3,+,4,+,2,+,5
001798,21.12.25, 20:00,5,+,1,+,4,+,1,+,5,+,4
001797,21.12.25, 19:00,2,+,4,+,4,+,3,+,4,+,3
001796,21.12.25, 18:00,1,+,1,+,4,+,4,+,5,+,5
001795,21.12.25, 17:00,3,+,5,+,6,+,4,+,4,+,3
001794,21.12.25, 16:00,3,+,2,+,2,+,1,+,4,+,2
001793,21.12.25, 15:00,4,+,3,+,1,+,3,+,1,+,4
001792,21.12.25, 14:00,3,+,6,+,5,+,3,+,3,+,6
001791,21.12.25, 13:00,4,+,1,+,4,+,3,+,4,+,1
001790,21.12.25, 12:00,3,+,3,+,2,+,2,+,4,+,5
001789,21.12.25, 11:00,6,+,6,+,3,+,4,+,5,+,5
001788,21.12.25, 10:00,2,+,1,+,2,+,1,+,3,+,1
001787,21.12.25, 09:00,6,+,2,+,6,+,3,+,4,+,5
001786,21.12.25, 08:00,3,+,3,+,3,+,6,+,4,+,1
001785,21.12.25, 07:00,1,+,1,+,6,+,2,+,4,+,5
001784,21.12.25, 06:00,6,+,1,+,6,+,1,+,1,+,4
001783,21.12.25, 05:00,4,+,2,+,2,+,1,+,4,+,4
001782,21.12.25, 04:00,6,+,6,+,5,+,1,+,6,+,6
001781,21.12.25, 03:00,2,+,5,+,5,+,3,+,2,+,4
001780,21.12.25, 02:00,5,+,2,+,2,+,1,+,5,+,3
001779,21.12.25, 00:00,1,+,5,+,5,+,6,+,5,+,2
001778,20.12.25, 23:00,2,+,4,+,4,+,3,+,4,+,6
001777,20.12.25, 22:00,5,+,3,+,2,+,4,+,3,+,5
001776,20.12.25, 21:00,4,+,1,+,6,+,5,+,2,+,6
001775,20.12.25, 20:00,4,+,3,+,4,+,3,+,4,+,4
001774,20.12.25, 19:00,1,+,4,+,1,+,3,+,3,+,4
001773,20.12.25, 18:00,3,+,6,+,4,+,2,+,3,+,3
001772,20.12.25, 17:00,3,+,5,+,5,+,4,+,1,+,6
001771,20.12.25, 16:00,3,+,3,+,5,+,2,+,5,+,3
001770,20.12.25, 15:00,2,+,2,+,3,+,5,+,5,+,5
001769,20.12.25, 14:00,1,+,2,+,5,+,3,+,4,+,4
001768,20.12.25, 13:00,1,+,1,+,1,+,5,+,3,+,6
001767,20.12.25, 12:00,1,+,2,+,1,+,1,+,3,+,3
001766,20.12.25, 11:00,3,+,5,+,1,+,3,+,6,+,5
001765,20.12.25, 10:00,6,+,2,+,6,+,3,+,4,+,6
001764,20.12.25, 09:00,2,+,3,+,1,+,2,+,1,+,5
001763,20.12.25, 08:00,1,+,2,+,6,+,2,+,6,+,4
001762,20.12.25, 07:00,6,+,6,+,6,+,2,+,2,+,4
001761,20.12.25, 06:00,3,+,3,+,6,+,2,+,2,+,4
001760,20.12.25, 05:00,3,+,1,+,5,+,4,+,1,+,1
001759,20.12.25, 04:00,2,+,1,+,1,+,6,+,2,+,1
001758,20.12.25, 03:00,2,+,3,+,1,+,4,+,2,+,4
001757,20.12.25, 02:00,3,+,3,+,6,+,2,+,2,+,2
001756,20.12.25, 01:00,2,+,2,+,1,+,5,+,1,+,1
001755,20.12.25, 00:00,1,+,1,+,3,+,3,+,5,+,2
001754,19.12.25, 23:00,3,+,3,+,1,+,3,+,5,+,3
001753,19.12.25, 22:00,1,+,4,+,1,+,2,+,6,+,6
001752,19.12.25, 21:00,4,+,5,+,1,+,5,+,3,+,5
001751,19.12.25, 20:00,1,+,5,+,6,+,5,+,6,+,4
001750,19.12.25, 19:00,4,+,6,+,4,+,5,+,3,+,3
001749,19.12.25, 18:00,2,+,2,+,2,+,6,+,2,+,5
001748,19.12.25, 17:00,1,+,1,+,2,+,4,+,3,+,1
001747,19.12.25, 16:00,5,+,4,+,3,+,1,+,5,+,2
001746,19.12.25, 15:00,6,+,1,+,2,+,2,+,2,+,1
001745,19.12.25, 14:00,1,+,4,+,4,+,5,+,3,+,6
001744,19.12.25, 13:00,2,+,2,+,4,+,6,+,5,+,6
001743,19.12.25, 12:00,5,+,3,+,6,+,5,+,4,+,6
001742,19.12.25, 11:00,6,+,4,+,1,+,3,+,5,+,1
001741,19.12.25, 10:00,4,+,2,+,3,+,5,+,3,+,2
001740,19.12.25, 09:00,5,+,3,+,6,+,6,+,2,+,6
001739,19.12.25, 08:00,2,+,4,+,1,+,6,+,3,+,3
001738,19.12.25, 07:00,3,+,3,+,5,+,2,+,3,+,2
001737,19.12.25, 06:00,4,+,5,+,2,+,5,+,4,+,3
001736,19.12.25, 05:00,2,+,5,+,5,+,4,+,6,+,4
001735,19.12.25, 04:00,1,+,6,+,6,+,6,+,3,+,6
001734,19.12.25, 03:00,3,+,2,+,4,+,4,+,6,+,4
001733,19.12.25, 02:00,6,+,1,+,4,+,6,+,1,+,4
001732,19.12.25, 01:00,6,+,5,+,1,+,6,+,2,+,1
001731,19.12.25, 00:00,3,+,5,+,3,+,3,+,6,+,2
001730,18.12.25, 23:00,6,+,5,+,1,+,5,+,6,+,6
001729,18.12.25, 22:00,3,+,3,+,2,+,4,+,2,+,1
001728,18.12.25, 21:00,3,+,5,+,6,+,2,+,4,+,4
001727,18.12.25, 20:00,2,+,3,+,5,+,3,+,2,+,1
001726,18.12.25, 19:00,1,+,1,+,4,+,6,+,2,+,6
001725,18.12.25, 18:00,2,+,2,+,4,+,2,+,6,+,5
001724,18.12.25, 17:00,2,+,4,+,3,+,6,+,4,+,3
001723,18.12.25, 16:00,6,+,2,+,1,+,6,+,4,+,6
001722,18.12.25, 15:00,2,+,6,+,4,+,5,+,4,+,2
001721,18.12.25, 14:00,3,+,2,+,1,+,6,+,4,+,5
001720,18.12.25, 13:00,4,+,6,+,6,+,1,+,2,+,6
001719,18.12.25, 12:00,6,+,3,+,2,+,2,+,1,+,1
001718,18.12.25, 11:00,2,+,5,+,5,+,2,+,3,+,5
001717,18.12.25, 10:00,3,+,5,+,5,+,1,+,4,+,1
001716,18.12.25, 09:00,3,+,5,+,2,+,2,+,3,+,5
001715,18.12.25, 08:00,4,+,4,+,6,+,4,+,4,+,1
001714,18.12.25, 07:00,6,+,4,+,3,+,6,+,1,+,4
001713,18.12.25, 06:00,1,+,2,+,6,+,1,+,3,+,3
001712,18.12.25, 05:00,4,+,2,+,4,+,6,+,2,+,2
001711,18.12.25, 04:00,6,+,3,+,6,+,5,+,5,+,4
001710,18.12.25, 03:00,5,+,4,+,6,+,1,+,2,+,2
001709,18.12.25, 02:00,2,+,4,+,3,+,2,+,6,+,3
001708,18.12.25, 01:00,3,+,1,+,4,+,4,+,1,+,3
001707,18.12.25, 00:00,5,+,5,+,1,+,1,+,2,+,2
001706,17.12.25, 23:00,3,+,4,+,2,+,6,+,4,+,5
001705,17.12.25, 22:00,1,+,1,+,1,+,3,+,2,+,4
001704,17.12.25, 21:00,5,+,1,+,6,+,6,+,4,+,5
001703,17.12.25, 20:00,4,+,4,+,1,+,4,+,4,+,2
001702,17.12.25, 19:00,6,+,4,+,5,+,5,+,3,+,4
001701,17.12.25, 18:00,3,+,4,+,2,+,1,+,5,+,3
001700,17.12.25, 17:00,2,+,1,+,3,+,5,+,5,+,1
001699,17.12.25, 16:00,3,+,2,+,6,+,4,+,6,+,5
001698,17.12.25, 15:00,2,+,6,+,3,+,2,+,6,+,2
001697,17.12.25, 14:00,4,+,2,+,3,+,6,+,4,+,2
001696,17.12.25, 13:00,2,+,6,+,2,+,2,+,1,+,5
001695,17.12.25, 12:00,6,+,4,+,4,+,2,+,1,+,5
001694,17.12.25, 11:00,3,+,1,+,5,+,1,+,4,+,5
001693,17.12.25, 10:00,4,+,4,+,5,+,3,+,5,+,6
001692,17.12.25, 09:00,4,+,3,+,3,+,1,+,1,+,3
001691,17.12.25, 08:00,2,+,1,+,2,+,3,+,4,+,2
001690,17.12.25, 07:00,6,+,6,+,5,+,5,+,5,+,1
001689,17.12.25, 06:00,2,+,5,+,2,+,2,+,4,+,4
001688,17.12.25, 05:00,6,+,2,+,1,+,5,+,1,+,6
001687,17.12.25, 04:00,3,+,1,+,4,+,3,+,1,+,6
001686,17.12.25, 03:00,5,+,5,+,3,+,1,+,4,+,1
001685,17.12.25, 02:00,5,+,2,+,1,+,2,+,1,+,6
001684,17.12.25, 01:00,6,+,1,+,5,+,5,+,4,+,4
001683,17.12.25, 00:00,6,+,5,+,1,+,3,+,5,+,5
001682,16.12.25, 23:00,1,+,4,+,2,+,1,+,1,+,1
001681,16.12.25, 22:00,6,+,6,+,4,+,1,+,2,+,6
001680,16.12.25, 21:00,3,+,2,+,1,+,6,+,3,+,5
001679,16.12.25, 20:00,1,+,5,+,6,+,4,+,5,+,4
001678,16.12.25, 19:00,5,+,5,+,1,+,5,+,1,+,1
001677,16.12.25, 18:00,2,+,6,+,5,+,6,+,6,+,1
001676,16.12.25, 17:00,2,+,6,+,4,+,4,+,4,+,1
001675,16.12.25, 16:00,6,+,6,+,4,+,1,+,6,+,5
001674,16.12.25, 15:00,4,+,5,+,4,+,6,+,5,+,4
001673,16.12.25, 14:00,3,+,1,+,4,+,4,+,5,+,3
001672,16.12.25, 13:00,3,+,6,+,1,+,2,+,2,+,3
001671,16.12.25, 12:00,6,+,4,+,6,+,4,+,6,+,4
001670,16.12.25, 11:00,3,+,3,+,6,+,1,+,2,+,2
001669,16.12.25, 10:00,1,+,3,+,5,+,2,+,6,+,2
001668,16.12.25, 09:00,5,+,1,+,3,+,3,+,1,+,2
001667,16.12.25, 08:00,6,+,2,+,3,+,1,+,6,+,4
001666,16.12.25, 07:00,1,+,2,+,6,+,5,+,1,+,5
001665,16.12.25, 06:00,6,+,2,+,4,+,2,+,2,+,6
001664,16.12.25, 05:00,1,+,5,+,2,+,4,+,2,+,3
001663,16.12.25, 04:00,3,+,4,+,5,+,2,+,4,+,3
001662,16.12.25, 03:00,5,+,4,+,1,+,5,+,4,+,2
001661,16.12.25, 02:00,3,+,4,+,4,+,2,+,1,+,6
001660,16.12.25, 01:00,2,+,4,+,6,+,4,+,6,+,2
001659,16.12.25, 00:00,6,+,2,+,6,+,6,+,5,+,2
001658,15.12.25, 23:00,4,+,3,+,6,+,4,+,1,+,3
001657,15.12.25, 22:00,4,+,2,+,4,+,5,+,5,+,1
001656,15.12.25, 21:00,3,+,4,+,4,+,1,+,3,+,1
001655,15.12.25, 20:00,3,+,3,+,1,+,3,+,5,+,6
001654,15.12.25, 19:00,6,+,4,+,6,+,1,+,1,+,2
001653,15.12.25, 18:00,5,+,2,+,5,+,6,+,6,+,4
001652,15.12.25, 17:00,5,+,5,+,5,+,3,+,4,+,2
001651,15.12.25, 16:00,5,+,5,+,1,+,4,+,1,+,2
001650,15.12.25, 15:00,3,+,5,+,4,+,6,+,4,+,3
001649,15.12.25, 14:00,5,+,1,+,6,+,6,+,4,+,6
001648,15.12.25, 13:00,1,+,2,+,1,+,3,+,5,+,4
001647,15.12.25, 12:00,3,+,5,+,5,+,4,+,1,+,1
001646,15.12.25, 11:00,6,+,1,+,4,+,5,+,2,+,5
001645,15.12.25, 10:00,3,+,6,+,2,+,3,+,4,+,3
001644,15.12.25, 09:00,6,+,4,+,3,+,4,+,4,+,4
001643,15.12.25, 08:00,4,+,3,+,5,+,2,+,6,+,5
001642,15.12.25, 07:00,4,+,3,+,5,+,6,+,2,+,6
001641,15.12.25, 06:00,5,+,5,+,1,+,1,+,6,+,3
001640,15.12.25, 05:00,5,+,6,+,3,+,2,+,4,+,3
001639,15.12.25, 04:00,6,+,1,+,3,+,4,+,2,+,3
001638,15.12.25, 03:00,1,+,3,+,2,+,4,+,3,+,3
001637,15.12.25, 02:00,2,+,2,+,4,+,2,+,2,+,6
001636,15.12.25, 01:00,6,+,1,+,5,+,6,+,3,+,1
001635,15.12.25, 00:00,6,+,4,+,1,+,3,+,3,+,4
001634,14.12.25, 23:00,5,+,2,+,6,+,1,+,2,+,4
001633,14.12.25, 22:00,6,+,3,+,3,+,4,+,5,+,2
001632,14.12.25, 21:00,2,+,6,+,2,+,4,+,5,+,2
001631,14.12.25, 20:00,4,+,6,+,2,+,5,+,3,+,5
001630,14.12.25, 19:00,1,+,1,+,3,+,5,+,2,+,4
001629,14.12.25, 18:00,2,+,2,+,4,+,2,+,5,+,4
001628,14.12.25, 17:00,5,+,4,+,6,+,4,+,4,+,5
001627,14.12.25, 16:00,2,+,2,+,3,+,6,+,6,+,6
001626,14.12.25, 15:00,2,+,6,+,2,+,4,+,4,+,6
001625,14.12.25, 14:00,4,+,5,+,3,+,6,+,4,+,2
001624,14.12.25, 13:00,2,+,1,+,1,+,6,+,5,+,5
001623,14.12.25, 12:00,1,+,5,+,5,+,2,+,5,+,3
001622,14.12.25, 11:00,4,+,5,+,6,+,4,+,2,+,6
001621,14.12.25, 10:00,4,+,5,+,5,+,6,+,5,+,3
001620,14.12.25, 09:00,5,+,3,+,1,+,3,+,3,+,3
001619,14.12.25, 08:00,5,+,2,+,4,+,6,+,4,+,6
001618,14.12.25, 07:00,6,+,2,+,1,+,1,+,5,+,3
001617,14.12.25, 06:00,5,+,6,+,5,+,1,+,1,+,2
001616,14.12.25, 05:00,5,+,4,+,5,+,4,+,4,+,6
001615,14.12.25, 04:00,3,+,4,+,6,+,1,+,1,+,3
001614,14.12.25, 03:00,6,+,2,+,2,+,2,+,2,+,1
001613,14.12.25, 02:00,2,+,1,+,5,+,3,+,5,+,2
001612,14.12.25, 00:00,1,+,2,+,4,+,4,+,5,+,6
001611,13.12.25, 23:00,1,+,6,+,5,+,6,+,6,+,3
001610,13.12.25, 22:00,4,+,1,+,4,+,3,+,6,+,3
001609,13.12.25, 21:00,5,+,4,+,3,+,3,+,4,+,3
001608,13.12.25, 20:00,3,+,3,+,4,+,1,+,4,+,3
001607,13.12.25, 19:00,6,+,1,+,2,+,5,+,4,+,2
001606,13.12.25, 18:00,1,+,2,+,3,+,2,+,5,+,6
001605,13.12.25, 17:00,1,+,2,+,1,+,2,+,3,+,6
001604,13.12.25, 16:00,4,+,3,+,2,+,4,+,4,+,1
001603,13.12.25, 15:00,6,+,5,+,4,+,4,+,5,+,2
001602,13.12.25, 14:00,6,+,1,+,2,+,4,+,4,+,3
001601,13.12.25, 13:00,3,+,4,+,6,+,3,+,4,+,4
001600,13.12.25, 12:00,4,+,2,+,6,+,6,+,1,+,2
001599,13.12.25, 11:00,6,+,2,+,4,+,3,+,5,+,2
001598,13.12.25, 10:00,6,+,5,+,5,+,3,+,3,+,2
001597,13.12.25, 09:00,3,+,2,+,3,+,2,+,6,+,2
001596,13.12.25, 08:00,3,+,5,+,2,+,1,+,1,+,1
001595,13.12.25, 07:00,3,+,4,+,2,+,1,+,3,+,6
001594,13.12.25, 06:00,3,+,2,+,2,+,3,+,1,+,4
001593,13.12.25, 05:00,2,+,3,+,4,+,6,+,4,+,5
001592,13.12.25, 04:00,3,+,6,+,1,+,1,+,5,+,2
001591,13.12.25, 03:00,6,+,3,+,6,+,3,+,3,+,4
001590,13.12.25, 02:00,2,+,1,+,4,+,2,+,4,+,2
001589,13.12.25, 01:00,3,+,1,+,3,+,3,+,3,+,1
001588,13.12.25, 00:00,3,+,6,+,3,+,4,+,5,+,6
001587,12.12.25, 23:00,5,+,3,+,6,+,1,+,3,+,3
001586,12.12.25, 22:00,4,+,6,+,5,+,3,+,5,+,2
001585,12.12.25, 21:00,3,+,3,+,6,+,6,+,1,+,3
001584,12.12.25, 20:00,3,+,4,+,5,+,2,+,4,+,1
001583,12.12.25, 19:00,6,+,6,+,1,+,5,+,2,+,2
001582,12.12.25, 18:00,4,+,5,+,4,+,2,+,1,+,5
001581,12.12.25, 17:00,2,+,2,+,3,+,5,+,3,+,5
001580,12.12.25, 16:00,1,+,4,+,2,+,6,+,2,+,3
001579,12.12.25, 15:00,6,+,3,+,1,+,6,+,2,+,5
001578,12.12.25, 14:00,5,+,4,+,2,+,1,+,5,+,6
001577,12.12.25, 13:00,2,+,4,+,3,+,4,+,5,+,2
001576,12.12.25, 12:00,2,+,2,+,6,+,1,+,1,+,6
001575,12.12.25, 11:00,5,+,3,+,4,+,3,+,1,+,6
001574,12.12.25, 10:00,1,+,5,+,5,+,2,+,4,+,6
001573,12.12.25, 09:00,3,+,5,+,2,+,5,+,6,+,4
001572,12.12.25, 08:00,4,+,1,+,2,+,3,+,1,+,5
001571,12.12.25, 07:00,1,+,2,+,1,+,3,+,6,+,6
001570,12.12.25, 06:00,5,+,1,+,1,+,5,+,6,+,2
001569,12.12.25, 05:00,4,+,5,+,4,+,2,+,1,+,1
001568,12.12.25, 04:00,2,+,4,+,5,+,1,+,4,+,3
001567,12.12.25, 03:00,4,+,5,+,1,+,2,+,2,+,1
001566,12.12.25, 02:00,5,+,1,+,2,+,3,+,5,+,4
001565,12.12.25, 01:00,4,+,1,+,5,+,3,+,2,+,5
001564,12.12.25, 00:00,5,+,3,+,5,+,6,+,4,+,1
001563,11.12.25, 23:00,6,+,1,+,6,+,5,+,6,+,4
001562,11.12.25, 22:00,4,+,4,+,4,+,6,+,4,+,5
001561,11.12.25, 21:00,3,+,4,+,3,+,5,+,2,+,4
001560,11.12.25, 20:00,5,+,5,+,5,+,2,+,5,+,2
001559,11.12.25, 19:00,2,+,2,+,5,+,2,+,1,+,2
001558,11.12.25, 18:00,3,+,3,+,2,+,5,+,3,+,3
001557,11.12.25, 17:00,3,+,1,+,2,+,4,+,4,+,6
001556,11.12.25, 16:00,4,+,3,+,1,+,2,+,2,+,2
001555,11.12.25, 15:00,3,+,4,+,5,+,1,+,4,+,1
001554,11.12.25, 14:00,4,+,1,+,2,+,1,+,5,+,1
001553,11.12.25, 13:00,4,+,6,+,1,+,3,+,1,+,1
001552,11.12.25, 12:00,6,+,1,+,3,+,2,+,1,+,5
001551,11.12.25, 11:00,1,+,6,+,2,+,1,+,5,+,2
001550,11.12.25, 10:00,3,+,1,+,6,+,3,+,5,+,2
001549,11.12.25, 09:00,1,+,4,+,6,+,1,+,3,+,2
001548,11.12.25, 08:00,4,+,5,+,2,+,2,+,4,+,6
001547,11.12.25, 07:00,6,+,4,+,4,+,3,+,6,+,1
001546,11.12.25, 06:00,3,+,3,+,3,+,5,+,4,+,1
001545,11.12.25, 05:00,2,+,4,+,5,+,6,+,6,+,1
001544,11.12.25, 04:00,5,+,3,+,1,+,2,+,3,+,2
001543,11.12.25, 03:00,2,+,4,+,2,+,5,+,4,+,2
001542,11.12.25, 02:00,4,+,1,+,5,+,4,+,4,+,1
001541,11.12.25, 01:00,3,+,3,+,1,+,1,+,3,+,4
001540,11.12.25, 00:00,2,+,1,+,4,+,2,+,5,+,3
001539,10.12.25, 23:00,4,+,6,+,2,+,4,+,1,+,3
001538,10.12.25, 22:00,5,+,2,+,3,+,3,+,6,+,4
001537,10.12.25, 21:00,5,+,6,+,6,+,1,+,1,+,3
001536,10.12.25, 20:00,6,+,1,+,6,+,4,+,4,+,2
001535,10.12.25, 19:00,5,+,2,+,5,+,3,+,3,+,2
001534,10.12.25, 18:00,3,+,6,+,1,+,1,+,6,+,3
001533,10.12.25, 17:00,4,+,5,+,6,+,2,+,1,+,3
001532,10.12.25, 16:00,4,+,1,+,4,+,5,+,4,+,1
001531,10.12.25, 15:00,6,+,1,+,5,+,1,+,6,+,2
001530,10.12.25, 14:00,4,+,6,+,1,+,2,+,3,+,6
001529,10.12.25, 13:00,1,+,5,+,6,+,3,+,5,+,3
001528,10.12.25, 12:00,1,+,3,+,1,+,3,+,6,+,3
001527,10.12.25, 11:00,4,+,4,+,4,+,1,+,1,+,6
001526,10.12.25, 10:00,6,+,4,+,2,+,6,+,5,+,2
001525,10.12.25, 09:00,3,+,3,+,5,+,1,+,2,+,2
001524,10.12.25, 08:00,5,+,1,+,2,+,2,+,2,+,2
001523,10.12.25, 07:00,3,+,5,+,2,+,2,+,6,+,2
001522,10.12.25, 06:00,1,+,6,+,1,+,6,+,5,+,6
001521,10.12.25, 05:00,1,+,4,+,3,+,1,+,6,+,3
001520,10.12.25, 04:00,3,+,2,+,1,+,2,+,6,+,1
001519,10.12.25, 03:00,6,+,4,+,4,+,3,+,2,+,2
001518,10.12.25, 02:00,4,+,2,+,2,+,4,+,4,+,1
001517,10.12.25, 01:00,3,+,3,+,4,+,5,+,4,+,5
001516,10.12.25, 00:00,5,+,5,+,5,+,4,+,2,+,1
001515,09.12.25, 23:00,3,+,4,+,6,+,6,+,6,+,1
001514,09.12.25, 22:00,4,+,6,+,2,+,5,+,6,+,2
001513,09.12.25, 21:00,3,+,4,+,4,+,2,+,3,+,3
001512,09.12.25, 20:00,4,+,6,+,1,+,1,+,2,+,1
001511,09.12.25, 19:00,5,+,3,+,6,+,4,+,4,+,4
001510,09.12.25, 18:00,6,+,4,+,3,+,5,+,2,+,5
001509,09.12.25, 17:00,2,+,3,+,1,+,1,+,1,+,2
001508,09.12.25, 16:00,3,+,4,+,1,+,2,+,2,+,2
001507,09.12.25, 15:00,2,+,6,+,3,+,3,+,3,+,1
001506,09.12.25, 14:00,3,+,2,+,5,+,2,+,3,+,2
001505,09.12.25, 13:00,5,+,1,+,4,+,1,+,4,+,2
001504,09.12.25, 12:00,1,+,1,+,6,+,6,+,6,+,2
001503,09.12.25, 11:00,6,+,4,+,4,+,3,+,3,+,4
001502,09.12.25, 10:00,4,+,3,+,2,+,5,+,3,+,6
001501,09.12.25, 09:00,4,+,1,+,6,+,5,+,2,+,5
001500,09.12.25, 08:00,3,+,4,+,1,+,6,+,3,+,2
001499,09.12.25, 07:00,1,+,1,+,2,+,3,+,5,+,3
001498,09.12.25, 06:00,2,+,4,+,6,+,1,+,1,+,3
001497,09.12.25, 05:00,3,+,3,+,3,+,1,+,1,+,5
001496,09.12.25, 04:00,1,+,5,+,5,+,4,+,2,+,2
001495,09.12.25, 03:00,3,+,6,+,2,+,6,+,4,+,6
001494,09.12.25, 02:00,1,+,5,+,4,+,6,+,2,+,2
001493,09.12.25, 01:00,3,+,5,+,1,+,3,+,2,+,6
001492,09.12.25, 00:00,5,+,6,+,1,+,1,+,3,+,4
001491,08.12.25, 23:00,3,+,1,+,1,+,3,+,6,+,1
001490,08.12.25, 22:00,2,+,1,+,4,+,1,+,5,+,1
001489,08.12.25, 21:00,2,+,5,+,6,+,3,+,4,+,1
001488,08.12.25, 20:00,1,+,4,+,6,+,3,+,2,+,5
001487,08.12.25, 19:00,2,+,4,+,4,+,6,+,4,+,5
001486,08.12.25, 18:00,3,+,2,+,5,+,2,+,6,+,5
001485,08.12.25, 17:00,2,+,5,+,6,+,1,+,5,+,2
001484,08.12.25, 16:00,5,+,3,+,3,+,2,+,5,+,6
001483,08.12.25, 15:00,1,+,5,+,6,+,5,+,6,+,5
001482,08.12.25, 14:00,6,+,3,+,1,+,5,+,5,+,1
001481,08.12.25, 13:00,1,+,4,+,4,+,1,+,4,+,2
001480,08.12.25, 12:00,3,+,4,+,3,+,6,+,3,+,5
001479,08.12.25, 11:00,5,+,3,+,1,+,1,+,3,+,6
001478,08.12.25, 10:00,3,+,1,+,5,+,6,+,1,+,2
001477,08.12.25, 09:00,5,+,1,+,5,+,2,+,1,+,6
001476,08.12.25, 08:00,4,+,1,+,4,+,4,+,6,+,4
001475,08.12.25, 07:00,4,+,1,+,3,+,4,+,1,+,5
001474,08.12.25, 06:00,1,+,3,+,5,+,2,+,5,+,5
001473,08.12.25, 05:00,3,+,1,+,3,+,6,+,2,+,5
001472,08.12.25, 04:00,6,+,1,+,1,+,3,+,6,+,5
001471,08.12.25, 03:00,5,+,4,+,3,+,6,+,2,+,6
001470,08.12.25, 02:00,6,+,4,+,6,+,6,+,3,+,1
001469,08.12.25, 01:00,4,+,5,+,1,+,3,+,4,+,1
001468,08.12.25, 00:00,1,+,4,+,4,+,4,+,1,+,5
001467,07.12.25, 23:00,1,+,3,+,6,+,2,+,4,+,4
001466,07.12.25, 22:00,1,+,1,+,4,+,6,+,2,+,1
001465,07.12.25, 21:00,5,+,4,+,5,+,1,+,2,+,1
001464,07.12.25, 20:00,3,+,3,+,2,+,5,+,5,+,3
001463,07.12.25, 19:00,4,+,5,+,2,+,1,+,4,+,4
001462,07.12.25, 18:00,4,+,3,+,2,+,4,+,1,+,1
001461,07.12.25, 17:00,5,+,6,+,5,+,3,+,3,+,5
001460,07.12.25, 16:00,2,+,2,+,3,+,3,+,2,+,4
001459,07.12.25, 15:00,3,+,2,+,1,+,1,+,3,+,6
001458,07.12.25, 14:00,5,+,5,+,4,+,5,+,2,+,2
001457,07.12.25, 13:00,1,+,5,+,2,+,2,+,4,+,1
001456,07.12.25, 12:00,1,+,6,+,4,+,4,+,4,+,6
001455,07.12.25, 11:00,3,+,2,+,6,+,4,+,5,+,2
001454,07.12.25, 10:00,6,+,6,+,5,+,2,+,4,+,2
001453,07.12.25, 09:00,3,+,4,+,5,+,4,+,6,+,5
001452,07.12.25, 08:00,5,+,4,+,6,+,2,+,5,+,1
001451,07.12.25, 07:00,4,+,4,+,3,+,1,+,6,+,5
001450,07.12.25, 06:00,4,+,2,+,1,+,4,+,3,+,5
001449,07.12.25, 05:00,4,+,5,+,4,+,1,+,5,+,2
001448,07.12.25, 04:00,3,+,4,+,4,+,1,+,5,+,5
001447,07.12.25, 03:00,2,+,3,+,6,+,3,+,4,+,5
001446,07.12.25, 02:00,3,+,1,+,3,+,6,+,4,+,5
001445,07.12.25, 00:00,4,+,1,+,3,+,3,+,4,+,6
001444,06.12.25, 23:00,5,+,6,+,1,+,3,+,6,+,4
001443,06.12.25, 22:00,1,+,5,+,6,+,6,+,4,+,6
001442,06.12.25, 21:00,3,+,1,+,6,+,2,+,5,+,3
001441,06.12.25, 20:00,6,+,4,+,1,+,2,+,4,+,2
001440,06.12.25, 19:00,2,+,4,+,2,+,5,+,5,+,4
001439,06.12.25, 18:00,2,+,5,+,2,+,3,+,5,+,1
001438,06.12.25, 17:00,6,+,6,+,3,+,2,+,1,+,2
001437,06.12.25, 16:00,4,+,5,+,1,+,6,+,2,+,3
001436,06.12.25, 15:00,1,+,1,+,1,+,3,+,6,+,2
001435,06.12.25, 14:00,1,+,3,+,6,+,4,+,1,+,6
001434,06.12.25, 13:00,3,+,4,+,4,+,3,+,4,+,2
001433,06.12.25, 12:00,4,+,2,+,4,+,2,+,3,+,3
001432,06.12.25, 11:00,4,+,5,+,5,+,4,+,6,+,6
001431,06.12.25, 10:00,5,+,2,+,4,+,2,+,6,+,2
001430,06.12.25, 09:00,1,+,2,+,3,+,1,+,2,+,1
001429,06.12.25, 08:00,3,+,2,+,4,+,3,+,3,+,1
001428,06.12.25, 07:00,4,+,2,+,1,+,3,+,4,+,1
001427,06.12.25, 06:00,2,+,4,+,3,+,2,+,4,+,6
001426,06.12.25, 05:00,5,+,4,+,3,+,2,+,5,+,1
001425,06.12.25, 04:00,4,+,4,+,6,+,6,+,2,+,2
001424,06.12.25, 03:00,6,+,1,+,3,+,2,+,4,+,2
001423,06.12.25, 02:00,5,+,4,+,6,+,2,+,2,+,2
001422,06.12.25, 01:00,3,+,6,+,5,+,5,+,3,+,3
001421,06.12.25, 00:00,6,+,6,+,3,+,2,+,1,+,5
001420,05.12.25, 23:00,4,+,3,+,1,+,3,+,5,+,4
001419,05.12.25, 22:00,4,+,3,+,6,+,5,+,5,+,2
001418,05.12.25, 21:00,1,+,1,+,3,+,1,+,6,+,1
001417,05.12.25, 20:00,6,+,3,+,6,+,2,+,2,+,6
001416,05.12.25, 19:00,4,+,2,+,1,+,1,+,1,+,2
001415,05.12.25, 18:00,2,+,3,+,2,+,2,+,2,+,2
001414,05.12.25, 17:00,3,+,5,+,6,+,2,+,1,+,4
001413,05.12.25, 16:00,2,+,6,+,5,+,6,+,6,+,6
001412,05.12.25, 15:00,2,+,6,+,5,+,4,+,3,+,5
001411,05.12.25, 14:00,4,+,4,+,5,+,6,+,3,+,4
001410,05.12.25, 13:00,6,+,6,+,3,+,6,+,3,+,1
001409,05.12.25, 12:00,1,+,5,+,5,+,3,+,6,+,3
001408,05.12.25, 11:00,4,+,6,+,5,+,3,+,4,+,1
001407,05.12.25, 10:00,6,+,5,+,4,+,1,+,6,+,5
001406,05.12.25, 09:00,6,+,3,+,3,+,2,+,2,+,4
001405,05.12.25, 08:00,2,+,2,+,5,+,2,+,2,+,5
001404,05.12.25, 07:00,4,+,1,+,2,+,1,+,6,+,4
001403,05.12.25, 06:00,3,+,2,+,6,+,4,+,3,+,6
001402,05.12.25, 05:00,1,+,2,+,3,+,4,+,1,+,2
001401,05.12.25, 04:00,6,+,5,+,2,+,1,+,4,+,1
001400,05.12.25, 03:00,3,+,3,+,3,+,4,+,3,+,1
001399,05.12.25, 02:00,3,+,1,+,3,+,6,+,6,+,4
001398,05.12.25, 01:00,2,+,5,+,5,+,6,+,2,+,3
001397,05.12.25, 00:00,4,+,4,+,4,+,2,+,4,+,6
001396,04.12.25, 23:00,6,+,6,+,4,+,4,+,2,+,3
001395,04.12.25, 22:00,3,+,5,+,3,+,4,+,6,+,6
001394,04.12.25, 21:00,2,+,2,+,4,+,2,+,3,+,2
001393,04.12.25, 20:00,6,+,4,+,1,+,6,+,3,+,4
001392,04.12.25, 19:00,4,+,6,+,1,+,5,+,1,+,6
001391,04.12.25, 18:00,1,+,5,+,3,+,2,+,4,+,3
001390,04.12.25, 17:00,1,+,5,+,2,+,6,+,1,+,1
001389,04.12.25, 16:00,6,+,5,+,2,+,6,+,5,+,2
001388,04.12.25, 15:00,4,+,5,+,4,+,3,+,6,+,1
001387,04.12.25, 14:00,4,+,3,+,3,+,1,+,5,+,3
001386,04.12.25, 13:00,5,+,2,+,6,+,4,+,1,+,1
001385,04.12.25, 12:00,6,+,1,+,2,+,5,+,6,+,2
001384,04.12.25, 11:00,3,+,3,+,3,+,4,+,3,+,5
001383,04.12.25, 10:00,1,+,5,+,5,+,1,+,2,+,5
001382,04.12.25, 09:00,4,+,5,+,2,+,5,+,2,+,3
001381,04.12.25, 08:00,6,+,2,+,1,+,2,+,4,+,6
001380,04.12.25, 07:00,5,+,3,+,2,+,3,+,5,+,3
001379,04.12.25, 06:00,5,+,3,+,1,+,6,+,4,+,2
001378,04.12.25, 05:00,1,+,2,+,4,+,3,+,2,+,2
001377,04.12.25, 04:00,5,+,5,+,1,+,3,+,6,+,6
001376,04.12.25, 03:00,6,+,3,+,1,+,1,+,4,+,2
001375,04.12.25, 02:00,4,+,4,+,3,+,2,+,2,+,1
001374,04.12.25, 01:00,5,+,1,+,5,+,6,+,4,+,3
001373,04.12.25, 00:00,4,+,3,+,4,+,5,+,6,+,1
001372,03.12.25, 23:00,5,+,3,+,3,+,2,+,4,+,3
001371,03.12.25, 22:00,5,+,5,+,4,+,1,+,3,+,1
001370,03.12.25, 21:00,3,+,4,+,5,+,4,+,3,+,5
001369,03.12.25, 20:00,3,+,6,+,2,+,6,+,4,+,1
001368,03.12.25, 19:00,2,+,1,+,5,+,1,+,5,+,3
001367,03.12.25, 18:00,4,+,4,+,6,+,3,+,1,+,2
001366,03.12.25, 17:00,6,+,3,+,3,+,4,+,3,+,1
001365,03.12.25, 16:00,6,+,4,+,3,+,4,+,6,+,1
001364,03.12.25, 15:00,1,+,3,+,3,+,6,+,5,+,4
001363,03.12.25, 14:00,3,+,1,+,3,+,5,+,2,+,2
001362,03.12.25, 13:00,1,+,4,+,3,+,1,+,2,+,4
001361,03.12.25, 12:00,4,+,4,+,1,+,1,+,2,+,3
001360,03.12.25, 11:00,2,+,5,+,6,+,6,+,4,+,1
001359,03.12.25, 10:00,6,+,4,+,4,+,3,+,5,+,4
001358,03.12.25, 09:00,2,+,6,+,4,+,2,+,4,+,2
001357,03.12.25, 08:00,4,+,4,+,5,+,2,+,3,+,5
001356,03.12.25, 07:00,2,+,1,+,1,+,5,+,6,+,6
001355,03.12.25, 06:00,5,+,3,+,5,+,6,+,6,+,5
001354,03.12.25, 05:00,4,+,4,+,2,+,5,+,2,+,4
001353,03.12.25, 04:00,4,+,6,+,2,+,5,+,3,+,1
001352,03.12.25, 03:00,5,+,3,+,3,+,5,+,5,+,5
001351,03.12.25, 02:00,5,+,1,+,6,+,6,+,2,+,2
001350,03.12.25, 01:00,5,+,5,+,3,+,1,+,2,+,4
001349,03.12.25, 00:00,2,+,6,+,5,+,5,+,1,+,6
001348,02.12.25, 23:00,6,+,6,+,3,+,3,+,4,+,6
001347,02.12.25, 22:00,6,+,1,+,3,+,2,+,6,+,2
001346,02.12.25, 21:00,3,+,1,+,3,+,4,+,4,+,4
001345,02.12.25, 20:00,4,+,5,+,1,+,1,+,3,+,6
001344,02.12.25, 19:00,3,+,2,+,3,+,3,+,4,+,5
001343,02.12.25, 18:00,6,+,5,+,3,+,1,+,2,+,2
001342,02.12.25, 17:00,1,+,1,+,1,+,1,+,4,+,2
001341,02.12.25, 16:00,5,+,3,+,3,+,2,+,3,+,3
001340,02.12.25, 15:00,6,+,2,+,2,+,2,+,1,+,4
001339,02.12.25, 14:00,4,+,3,+,6,+,4,+,6,+,4
001338,02.12.25, 13:00,2,+,3,+,3,+,4,+,5,+,5
001337,02.12.25, 12:00,1,+,4,+,4,+,2,+,2,+,6
001336,02.12.25, 11:00,1,+,1,+,4,+,2,+,1,+,1
001335,02.12.25, 10:00,2,+,4,+,4,+,1,+,5,+,6
001334,02.12.25, 09:00,4,+,1,+,5,+,5,+,6,+,1
001333,02.12.25, 08:00,1,+,2,+,1,+,3,+,1,+,2
001332,02.12.25, 07:00,5,+,1,+,1,+,2,+,2,+,2
001331,02.12.25, 06:00,1,+,3,+,1,+,4,+,2,+,6
001330,02.12.25, 05:00,4,+,3,+,4,+,3,+,2,+,6
001329,02.12.25, 04:00,4,+,4,+,2,+,4,+,1,+,3
001328,02.12.25, 03:00,5,+,5,+,5,+,1,+,3,+,4
001327,02.12.25, 02:00,1,+,6,+,1,+,5,+,6,+,2
001326,02.12.25, 01:00,4,+,1,+,2,+,5,+,1,+,5
001325,02.12.25, 00:00,3,+,4,+,4,+,4,+,6,+,6
001324,01.12.25, 23:00,1,+,1,+,2,+,4,+,1,+,5
001323,01.12.25, 22:00,4,+,3,+,5,+,5,+,4,+,6
001322,01.12.25, 21:00,3,+,5,+,2,+,4,+,3,+,6
001321,01.12.25, 20:00,2,+,3,+,5,+,1,+,2,+,3
001320,01.12.25, 19:00,4,+,1,+,2,+,5,+,1,+,3
001319,01.12.25, 18:00,1,+,6,+,5,+,6,+,5,+,6
001318,01.12.25, 17:00,2,+,5,+,2,+,6,+,1,+,6
001317,01.12.25, 16:00,6,+,3,+,4,+,5,+,2,+,5
001316,01.12.25, 15:00,3,+,4,+,4,+,2,+,1,+,1
001315,01.12.25, 14:00,4,+,2,+,6,+,5,+,5,+,5
001314,01.12.25, 13:00,5,+,6,+,4,+,2,+,2,+,2
001313,01.12.25, 12:00,4,+,6,+,3,+,5,+,6,+,2
001312,01.12.25, 11:00,4,+,6,+,1,+,4,+,2,+,1
001311,01.12.25, 10:00,4,+,2,+,1,+,5,+,1,+,1
001310,01.12.25, 09:00,4,+,1,+,1,+,1,+,3,+,3
001309,01.12.25, 08:00,2,+,4,+,2,+,6,+,1,+,3
001308,01.12.25, 07:00,2,+,4,+,2,+,2,+,2,+,1
001307,01.12.25, 06:00,2,+,1,+,2,+,3,+,4,+,4
001306,01.12.25, 05:00,3,+,5,+,6,+,1,+,4,+,2
001305,01.12.25, 04:00,2,+,1,+,5,+,5,+,3,+,5
001304,01.12.25, 03:00,3,+,3,+,3,+,6,+,1,+,2
001303,01.12.25, 02:00,1,+,6,+,2,+,4,+,5,+,6
001302,01.12.25, 01:00,6,+,3,+,4,+,5,+,2,+,5
001301,01.12.25, 00:00,4,+,1,+,1,+,4,+,1,+,6
001300,30.11.25, 23:00,4,+,4,+,2,+,4,+,1,+,3
001299,30.11.25, 22:00,5,+,5,+,2,+,2,+,3,+,3
001298,30.11.25, 21:00,3,+,6,+,6,+,5,+,5,+,3
001297,30.11.25, 20:00,2,+,4,+,5,+,3,+,4,+,4
001296,30.11.25, 19:00,2,+,1,+,3,+,3,+,3,+,3
001295,30.11.25, 18:00,3,+,6,+,4,+,3,+,2,+,1
001294,30.11.25, 17:00,2,+,4,+,6,+,3,+,5,+,2
001293,30.11.25, 16:00,6,+,1,+,3,+,5,+,6,+,6
001292,30.11.25, 15:00,5,+,1,+,4,+,6,+,2,+,4
001291,30.11.25, 14:00,2,+,1,+,6,+,6,+,3,+,6
001290,30.11.25, 13:00,3,+,1,+,2,+,4,+,6,+,5
001289,30.11.25, 12:00,6,+,1,+,2,+,2,+,6,+,5
001288,30.11.25, 11:00,1,+,5,+,4,+,6,+,2,+,1
001287,30.11.25, 10:00,5,+,2,+,3,+,3,+,2,+,1
001286,30.11.25, 09:00,5,+,2,+,6,+,1,+,1,+,3
001285,30.11.25, 08:00,5,+,4,+,5,+,1,+,2,+,6
001284,30.11.25, 07:00,5,+,5,+,4,+,1,+,5,+,6
001283,30.11.25, 06:00,2,+,3,+,4,+,6,+,6,+,1
001282,30.11.25, 05:00,2,+,4,+,2,+,4,+,6,+,3
001281,30.11.25, 04:00,6,+,3,+,5,+,1,+,5,+,4
001280,30.11.25, 03:00,5,+,5,+,1,+,3,+,1,+,6
001279,30.11.25, 02:00,3,+,3,+,3,+,5,+,2,+,3
001278,30.11.25, 00:00,5,+,4,+,6,+,1,+,6,+,1
001277,29.11.25, 23:00,2,+,4,+,5,+,3,+,4,+,5
001276,29.11.25, 22:00,5,+,4,+,5,+,1,+,1,+,2
001275,29.11.25, 21:00,6,+,3,+,1,+,6,+,1,+,4
001274,29.11.25, 20:00,6,+,3,+,3,+,1,+,6,+,6
001273,29.11.25, 19:00,2,+,6,+,1,+,4,+,2,+,1
001272,29.11.25, 18:00,6,+,3,+,2,+,4,+,2,+,6
001271,29.11.25, 17:00,2,+,4,+,4,+,4,+,5,+,6
001270,29.11.25, 16:00,6,+,1,+,5,+,1,+,3,+,4
001269,29.11.25, 15:00,3,+,5,+,2,+,3,+,1,+,4
001268,29.11.25, 14:00,3,+,3,+,2,+,6,+,3,+,4
001267,29.11.25, 13:00,5,+,2,+,2,+,5,+,2,+,4
001266,29.11.25, 12:00,4,+,1,+,2,+,3,+,1,+,6
001265,29.11.25, 11:00,6,+,1,+,3,+,5,+,2,+,3
001264,29.11.25, 10:00,1,+,3,+,6,+,3,+,1,+,5
001263,29.11.25, 09:00,4,+,5,+,3,+,5,+,6,+,5
001262,29.11.25, 08:00,5,+,4,+,5,+,3,+,4,+,5
001261,29.11.25, 07:00,1,+,2,+,2,+,5,+,3,+,2
001260,29.11.25, 06:00,1,+,1,+,3,+,1,+,1,+,3
001259,29.11.25, 05:00,2,+,3,+,4,+,4,+,6,+,2
001258,29.11.25, 04:00,1,+,3,+,5,+,5,+,3,+,6
001257,29.11.25, 03:00,4,+,5,+,6,+,4,+,5,+,1
001256,29.11.25, 02:00,4,+,1,+,4,+,4,+,2,+,1
001255,29.11.25, 01:00,4,+,6,+,3,+,6,+,3,+,6
001254,29.11.25, 00:00,1,+,3,+,6,+,4,+,3,+,6
001253,28.11.25, 23:00,4,+,1,+,1,+,1,+,1,+,1
001252,28.11.25, 22:00,4,+,1,+,3,+,6,+,5,+,1
001251,28.11.25, 21:00,3,+,3,+,6,+,3,+,6,+,2
001250,28.11.25, 20:00,6,+,5,+,1,+,6,+,4,+,6
001249,28.11.25, 19:00,4,+,4,+,3,+,3,+,4,+,2
001248,28.11.25, 18:00,2,+,1,+,5,+,5,+,2,+,6
001247,28.11.25, 17:00,1,+,6,+,2,+,6,+,2,+,5
001246,28.11.25, 16:00,3,+,1,+,3,+,4,+,1,+,6
001245,28.11.25, 15:00,5,+,4,+,1,+,3,+,5,+,6
001244,28.11.25, 14:00,5,+,1,+,4,+,3,+,3,+,1
001243,28.11.25, 13:00,6,+,5,+,3,+,2,+,6,+,3
001242,28.11.25, 12:00,1,+,1,+,4,+,3,+,4,+,3
001241,28.11.25, 11:00,1,+,3,+,6,+,1,+,2,+,5
001240,28.11.25, 10:00,1,+,3,+,4,+,1,+,4,+,2
001239,28.11.25, 09:00,3,+,5,+,6,+,2,+,6,+,3
001238,28.11.25, 08:00,4,+,6,+,2,+,3,+,5,+,3
001237,28.11.25, 07:00,4,+,1,+,3,+,2,+,3,+,1
001236,28.11.25, 06:00,4,+,5,+,4,+,2,+,1,+,5
001235,28.11.25, 05:00,6,+,6,+,3,+,2,+,5,+,6
001234,28.11.25, 04:00,5,+,1,+,1,+,4,+,3,+,1
001233,28.11.25, 03:00,1,+,6,+,4,+,3,+,2,+,3
001232,28.11.25, 02:00,3,+,2,+,2,+,3,+,2,+,4
001231,28.11.25, 01:00,1,+,5,+,2,+,2,+,4,+,4
001230,28.11.25, 00:00,3,+,3,+,5,+,1,+,1,+,1
001229,27.11.25, 23:00,3,+,4,+,4,+,1,+,3,+,4
001228,27.11.25, 22:00,5,+,4,+,1,+,1,+,1,+,2
001227,27.11.25, 21:00,5,+,1,+,5,+,1,+,1,+,4
001226,27.11.25, 20:00,6,+,5,+,5,+,4,+,5,+,1
001225,27.11.25, 19:00,1,+,1,+,4,+,5,+,1,+,4
001224,27.11.25, 18:00,6,+,4,+,6,+,5,+,2,+,1
001223,27.11.25, 17:00,1,+,3,+,4,+,3,+,2,+,4
001222,27.11.25, 16:00,4,+,3,+,4,+,4,+,3,+,6
001221,27.11.25, 15:00,1,+,5,+,6,+,2,+,1,+,1
001220,27.11.25, 14:00,5,+,4,+,5,+,2,+,6,+,1
001219,27.11.25, 13:00,1,+,4,+,6,+,6,+,3,+,4
001218,27.11.25, 12:00,6,+,3,+,5,+,2,+,2,+,5
001217,27.11.25, 11:00,2,+,3,+,3,+,2,+,3,+,1
001216,27.11.25, 10:00,5,+,5,+,6,+,4,+,4,+,4
001215,27.11.25, 09:00,3,+,4,+,1,+,6,+,6,+,5
001214,27.11.25, 08:00,1,+,4,+,4,+,6,+,6,+,1
001213,27.11.25, 07:00,3,+,2,+,4,+,1,+,2,+,6
001212,27.11.25, 06:00,6,+,1,+,5,+,1,+,2,+,2
001211,27.11.25, 05:00,2,+,1,+,5,+,3,+,3,+,4
001210,27.11.25, 04:00,5,+,3,+,4,+,4,+,5,+,1
001209,27.11.25, 03:00,2,+,4,+,1,+,6,+,2,+,1
001208,27.11.25, 02:00,5,+,6,+,1,+,3,+,2,+,2
001207,27.11.25, 01:00,1,+,2,+,4,+,3,+,5,+,3
001206,27.11.25, 00:00,2,+,3,+,2,+,6,+,5,+,4
001205,26.11.25, 23:00,5,+,3,+,1,+,5,+,4,+,4
001204,26.11.25, 22:00,3,+,2,+,2,+,1,+,3,+,2
001203,26.11.25, 21:00,5,+,4,+,4,+,1,+,5,+,6
001202,26.11.25, 20:00,5,+,3,+,1,+,1,+,3,+,6
001201,26.11.25, 19:00,2,+,1,+,2,+,1,+,2,+,4
001200,26.11.25, 18:00,2,+,4,+,5,+,2,+,3,+,1
001199,26.11.25, 17:00,4,+,5,+,5,+,2,+,5,+,4
001198,26.11.25, 16:00,4,+,1,+,3,+,4,+,6,+,2
001197,26.11.25, 15:00,6,+,6,+,1,+,3,+,4,+,6
001196,26.11.25, 14:00,1,+,6,+,6,+,6,+,3,+,4
001195,26.11.25, 13:00,3,+,6,+,1,+,6,+,3,+,5
001194,26.11.25, 12:00,4,+,3,+,2,+,1,+,3,+,6
001193,26.11.25, 11:00,1,+,3,+,5,+,2,+,1,+,4
001192,26.11.25, 10:00,2,+,5,+,1,+,3,+,5,+,2
001191,26.11.25, 09:00,5,+,3,+,3,+,1,+,2,+,3
001190,26.11.25, 08:00,5,+,6,+,2,+,5,+,2,+,3
001189,26.11.25, 07:00,3,+,4,+,3,+,1,+,4,+,3
001188,26.11.25, 06:00,1,+,5,+,6,+,6,+,1,+,6
001187,26.11.25, 05:00,1,+,6,+,6,+,3,+,2,+,3
001186,26.11.25, 04:00,1,+,6,+,5,+,5,+,3,+,6
001185,26.11.25, 03:00,5,+,3,+,6,+,5,+,5,+,5
001184,26.11.25, 02:00,3,+,2,+,2,+,2,+,2,+,5
001183,26.11.25, 01:00,1,+,5,+,3,+,5,+,1,+,2
001182,26.11.25, 00:00,5,+,2,+,3,+,1,+,1,+,6
001181,25.11.25, 23:00,6,+,1,+,5,+,6,+,1,+,4
001180,25.11.25, 22:00,1,+,1,+,4,+,5,+,5,+,2
001179,25.11.25, 21:00,1,+,6,+,5,+,1,+,3,+,4
001178,25.11.25, 20:00,4,+,4,+,2,+,2,+,4,+,6
001177,25.11.25, 19:00,3,+,5,+,1,+,5,+,1,+,3
001176,25.11.25, 18:00,2,+,2,+,4,+,2,+,2,+,1
001175,25.11.25, 17:00,5,+,3,+,4,+,1,+,2,+,1
001174,25.11.25, 16:00,3,+,1,+,6,+,1,+,5,+,3
001173,25.11.25, 15:00,2,+,1,+,2,+,3,+,5,+,1
001172,25.11.25, 14:00,3,+,3,+,3,+,4,+,2,+,6
001171,25.11.25, 13:00,6,+,6,+,4,+,3,+,1,+,5
001170,25.11.25, 12:00,2,+,1,+,1,+,4,+,4,+,6
001169,25.11.25, 11:00,1,+,4,+,5,+,5,+,5,+,5
001168,25.11.25, 10:00,2,+,5,+,2,+,2,+,4,+,3
001167,25.11.25, 09:00,5,+,2,+,4,+,5,+,5,+,4
001166,25.11.25, 08:00,5,+,2,+,1,+,1,+,1,+,5
001165,25.11.25, 07:00,2,+,3,+,2,+,1,+,3,+,3
001164,25.11.25, 06:00,4,+,6,+,2,+,4,+,3,+,5
001163,25.11.25, 05:00,1,+,1,+,4,+,4,+,4,+,2
001162,25.11.25, 04:00,5,+,2,+,5,+,2,+,1,+,4
001161,25.11.25, 03:00,1,+,4,+,5,+,1,+,5,+,3
001160,25.11.25, 02:00,6,+,4,+,1,+,5,+,6,+,2
001159,25.11.25, 01:00,4,+,4,+,6,+,6,+,4,+,1
001158,25.11.25, 00:00,4,+,6,+,3,+,2,+,2,+,1
001157,24.11.25, 23:00,3,+,5,+,3,+,3,+,2,+,6
001156,24.11.25, 22:00,6,+,4,+,3,+,1,+,4,+,2
001155,24.11.25, 21:00,5,+,2,+,6,+,2,+,3,+,2
001154,24.11.25, 20:00,1,+,3,+,6,+,4,+,3,+,6
001153,24.11.25, 19:00,5,+,2,+,3,+,4,+,4,+,4
001152,24.11.25, 18:00,1,+,5,+,1,+,5,+,1,+,1
001151,24.11.25, 17:00,5,+,3,+,6,+,1,+,4,+,6
001150,24.11.25, 16:00,2,+,5,+,4,+,1,+,3,+,4
001149,24.11.25, 15:00,4,+,4,+,3,+,6,+,2,+,3
001148,24.11.25, 14:00,6,+,4,+,2,+,2,+,5,+,2
001147,24.11.25, 13:00,4,+,1,+,6,+,4,+,3,+,2
001146,24.11.25, 12:00,2,+,6,+,4,+,4,+,5,+,2
001145,24.11.25, 11:00,4,+,6,+,5,+,2,+,2,+,4
001144,24.11.25, 10:00,5,+,6,+,4,+,5,+,6,+,4
001143,24.11.25, 09:00,2,+,6,+,4,+,3,+,3,+,3
001142,24.11.25, 08:00,2,+,3,+,6,+,3,+,1,+,3
001141,24.11.25, 07:00,5,+,1,+,1,+,2,+,3,+,5
001140,24.11.25, 06:00,3,+,4,+,2,+,4,+,5,+,3
001139,24.11.25, 05:00,3,+,3,+,4,+,5,+,3,+,6
001138,24.11.25, 04:00,5,+,2,+,2,+,5,+,1,+,6
001137,24.11.25, 03:00,4,+,6,+,6,+,2,+,4,+,5
001136,24.11.25, 02:00,3,+,2,+,6,+,3,+,6,+,1
001135,24.11.25, 01:00,3,+,3,+,1,+,2,+,4,+,3
001134,24.11.25, 00:00,3,+,1,+,5,+,5,+,5,+,4
001133,23.11.25, 23:00,1,+,3,+,5,+,3,+,6,+,5
001132,23.11.25, 22:00,6,+,2,+,6,+,2,+,4,+,6
001131,23.11.25, 21:00,3,+,6,+,1,+,6,+,1,+,3
001130,23.11.25, 20:00,4,+,3,+,5,+,4,+,6,+,4
001129,23.11.25, 19:00,3,+,4,+,3,+,3,+,4,+,1
001128,23.11.25, 18:00,3,+,1,+,2,+,5,+,6,+,6
001127,23.11.25, 17:00,3,+,1,+,2,+,3,+,5,+,4
001126,23.11.25, 16:00,2,+,6,+,6,+,6,+,1,+,3
001125,23.11.25, 15:00,2,+,2,+,5,+,6,+,2,+,1
001124,23.11.25, 14:00,3,+,6,+,3,+,3,+,6,+,2
001123,23.11.25, 13:00,2,+,1,+,5,+,1,+,3,+,1
001122,23.11.25, 12:00,2,+,4,+,5,+,4,+,5,+,2
001121,23.11.25, 11:00,5,+,6,+,6,+,2,+,6,+,1
001120,23.11.25, 10:00,1,+,5,+,3,+,5,+,5,+,2
001119,23.11.25, 09:00,3,+,3,+,1,+,5,+,1,+,2
001118,23.11.25, 08:00,3,+,1,+,5,+,3,+,5,+,2
001117,23.11.25, 07:00,5,+,2,+,4,+,1,+,6,+,3
001116,23.11.25, 06:00,6,+,1,+,3,+,5,+,3,+,6
001115,23.11.25, 05:00,6,+,4,+,5,+,4,+,6,+,3
001114,23.11.25, 04:00,6,+,2,+,6,+,6,+,6,+,4
001113,23.11.25, 03:00,3,+,6,+,1,+,4,+,4,+,4
001112,23.11.25, 02:00,1,+,1,+,3,+,4,+,5,+,1
001111,23.11.25, 00:00,5,+,2,+,6,+,6,+,6,+,4
001110,22.11.25, 23:00,5,+,6,+,5,+,2,+,5,+,1
001109,22.11.25, 22:00,5,+,6,+,5,+,3,+,5,+,3
001108,22.11.25, 21:00,6,+,4,+,2,+,2,+,6,+,6
001107,22.11.25, 20:00,6,+,3,+,2,+,4,+,3,+,4
001106,22.11.25, 19:00,4,+,6,+,4,+,3,+,1,+,1
001105,22.11.25, 18:00,4,+,2,+,5,+,2,+,6,+,3
001104,22.11.25, 17:00,4,+,1,+,4,+,6,+,5,+,1
001103,22.11.25, 16:00,4,+,4,+,1,+,5,+,5,+,6
001102,22.11.25, 15:00,5,+,3,+,5,+,3,+,4,+,6
001101,22.11.25, 14:00,4,+,5,+,5,+,4,+,6,+,2
001100,22.11.25, 13:00,2,+,4,+,6,+,6,+,2,+,6
001099,22.11.25, 12:00,5,+,2,+,3,+,1,+,2,+,2
001098,22.11.25, 11:00,6,+,3,+,3,+,3,+,5,+,4
001097,22.11.25, 10:00,1,+,5,+,6,+,5,+,4,+,6
001096,22.11.25, 09:00,1,+,5,+,4,+,2,+,6,+,5
001095,22.11.25, 08:00,6,+,6,+,4,+,1,+,4,+,1
001094,22.11.25, 07:00,1,+,6,+,1,+,4,+,6,+,3
001093,22.11.25, 06:00,3,+,5,+,2,+,5,+,5,+,1
001092,22.11.25, 05:00,1,+,5,+,6,+,1,+,1,+,5
001091,22.11.25, 04:00,4,+,3,+,3,+,5,+,5,+,3
001090,22.11.25, 03:00,3,+,6,+,5,+,3,+,5,+,1
001089,22.11.25, 02:00,3,+,2,+,2,+,4,+,5,+,2
001088,22.11.25, 01:00,3,+,3,+,1,+,5,+,6,+,2
001087,22.11.25, 00:00,2,+,5,+,4,+,6,+,6,+,1
001086,21.11.25, 23:00,4,+,6,+,2,+,1,+,4,+,6
001085,21.11.25, 22:00,5,+,4,+,1,+,1,+,6,+,5
001084,21.11.25, 21:00,6,+,3,+,4,+,6,+,4,+,4
001083,21.11.25, 20:00,6,+,5,+,5,+,1,+,4,+,3
001082,21.11.25, 19:00,4,+,5,+,3,+,6,+,2,+,4
001081,21.11.25, 18:00,1,+,4,+,5,+,5,+,1,+,1
001080,21.11.25, 17:00,1,+,6,+,3,+,1,+,1,+,2
001079,21.11.25, 16:00,6,+,3,+,4,+,4,+,6,+,4
001078,21.11.25, 15:00,6,+,5,+,2,+,3,+,4,+,1
001077,21.11.25, 14:00,5,+,1,+,1,+,5,+,2,+,5
001076,21.11.25, 13:00,5,+,2,+,1,+,6,+,5,+,6
001075,21.11.25, 12:00,4,+,2,+,4,+,2,+,6,+,2
001074,21.11.25, 11:00,4,+,4,+,4,+,3,+,4,+,2
001073,21.11.25, 10:00,5,+,4,+,2,+,5,+,2,+,6
001072,21.11.25, 09:00,6,+,1,+,3,+,3,+,1,+,2
001071,21.11.25, 08:00,4,+,3,+,4,+,1,+,1,+,6
001070,21.11.25, 07:00,1,+,2,+,5,+,1,+,4,+,4
001069,21.11.25, 06:00,4,+,2,+,2,+,2,+,4,+,2
001068,21.11.25, 05:00,6,+,6,+,4,+,4,+,2,+,3
001067,21.11.25, 04:00,3,+,5,+,2,+,6,+,6,+,4
001066,21.11.25, 03:00,2,+,1,+,3,+,2,+,4,+,2
001065,21.11.25, 02:00,2,+,2,+,1,+,3,+,1,+,1
001064,21.11.25, 01:00,5,+,6,+,6,+,2,+,6,+,4
001063,21.11.25, 00:00,4,+,4,+,1,+,4,+,5,+,6
001062,20.11.25, 23:00,4,+,5,+,3,+,5,+,3,+,3
001061,20.11.25, 22:00,2,+,5,+,2,+,3,+,4,+,1
001060,20.11.25, 21:00,1,+,6,+,4,+,6,+,2,+,1
001059,20.11.25, 20:00,1,+,6,+,1,+,1,+,4,+,1
001058,20.11.25, 19:00,2,+,3,+,2,+,6,+,5,+,1
001057,20.11.25, 18:00,6,+,4,+,4,+,1,+,3,+,2
001056,20.11.25, 17:00,4,+,5,+,1,+,6,+,3,+,5
001055,20.11.25, 16:00,4,+,4,+,3,+,2,+,2,+,5
001054,20.11.25, 15:00,5,+,1,+,5,+,2,+,6,+,2
001053,20.11.25, 14:00,4,+,6,+,6,+,5,+,3,+,4
001052,20.11.25, 13:00,3,+,2,+,4,+,4,+,3,+,3
001051,20.11.25, 12:00,1,+,6,+,6,+,5,+,3,+,6
001050,20.11.25, 11:00,2,+,2,+,5,+,4,+,2,+,5
001049,20.11.25, 10:00,2,+,4,+,4,+,1,+,4,+,5
001048,20.11.25, 09:00,5,+,3,+,6,+,2,+,6,+,6
001047,20.11.25, 08:00,1,+,4,+,1,+,6,+,1,+,5
001046,20.11.25, 07:00,4,+,4,+,3,+,4,+,1,+,5
001045,20.11.25, 06:00,3,+,1,+,3,+,4,+,5,+,3
001044,20.11.25, 05:00,1,+,4,+,5,+,4,+,4,+,3
001043,20.11.25, 04:00,3,+,2,+,6,+,6,+,1,+,2
001042,20.11.25, 03:00,6,+,1,+,3,+,1,+,4,+,5
001041,20.11.25, 02:00,6,+,1,+,1,+,4,+,3,+,5
001040,20.11.25, 01:00,4,+,4,+,1,+,3,+,6,+,1
001039,20.11.25, 00:00,5,+,5,+,1,+,2,+,2,+,3
001038,19.11.25, 23:00,5,+,2,+,3,+,2,+,5,+,2
001037,19.11.25, 22:00,2,+,5,+,4,+,3,+,3,+,5
001036,19.11.25, 21:00,3,+,3,+,2,+,2,+,3,+,5
001035,19.11.25, 20:00,2,+,1,+,5,+,2,+,3,+,2
001034,19.11.25, 19:00,6,+,6,+,1,+,5,+,1,+,4
001033,19.11.25, 18:00,4,+,4,+,3,+,4,+,2,+,6
001032,19.11.25, 17:00,6,+,3,+,2,+,1,+,4,+,3
001031,19.11.25, 16:00,6,+,1,+,4,+,1,+,2,+,6
001030,19.11.25, 15:00,1,+,6,+,2,+,3,+,2,+,3
001029,19.11.25, 14:00,2,+,5,+,2,+,1,+,4,+,5
001028,19.11.25, 13:00,5,+,1,+,3,+,1,+,2,+,4
001027,19.11.25, 12:00,5,+,3,+,5,+,1,+,1,+,6
001026,19.11.25, 11:00,2,+,1,+,3,+,1,+,4,+,3
001025,19.11.25, 10:00,2,+,6,+,2,+,5,+,2,+,5
001024,19.11.25, 09:00,6,+,4,+,2,+,4,+,2,+,1
001023,19.11.25, 08:00,4,+,5,+,5,+,3,+,1,+,1
001022,19.11.25, 07:00,3,+,4,+,3,+,2,+,5,+,2
001021,19.11.25, 06:00,1,+,1,+,5,+,4,+,1,+,6
001020,19.11.25, 05:00,6,+,2,+,2,+,4,+,3,+,4
001019,19.11.25, 04:00,3,+,4,+,1,+,5,+,6,+,5
001018,19.11.25, 03:00,4,+,5,+,1,+,5,+,5,+,6
001017,19.11.25, 02:00,2,+,2,+,5,+,5,+,1,+,1
001016,19.11.25, 01:00,6,+,2,+,6,+,5,+,1,+,3
001015,19.11.25, 00:00,4,+,1,+,4,+,1,+,2,+,5
001014,18.11.25, 23:00,5,+,3,+,6,+,2,+,1,+,4
001013,18.11.25, 22:00,2,+,1,+,4,+,3,+,6,+,6
001012,18.11.25, 21:00,5,+,6,+,5,+,2,+,5,+,6
001011,18.11.25, 20:00,3,+,5,+,4,+,6,+,2,+,1
001010,18.11.25, 19:00,4,+,4,+,6,+,3,+,6,+,3
001009,18.11.25, 18:00,2,+,6,+,6,+,2,+,1,+,2
001008,18.11.25, 17:00,4,+,3,+,1,+,4,+,2,+,6
001007,18.11.25, 16:00,3,+,4,+,1,+,5,+,3,+,2
001006,18.11.25, 15:00,5,+,5,+,1,+,3,+,1,+,4
001005,18.11.25, 14:00,4,+,6,+,4,+,2,+,5,+,2
001004,18.11.25, 13:00,4,+,6,+,4,+,4,+,6,+,5
001003,18.11.25, 12:00,6,+,3,+,2,+,5,+,5,+,1
001002,18.11.25, 11:00,4,+,5,+,5,+,4,+,1,+,6
001001,18.11.25, 10:00,6,+,3,+,2,+,4,+,3,+,3
001000,18.11.25, 09:00,2,+,1,+,3,+,1,+,1,+,5
000999,18.11.25, 08:00,6,+,4,+,3,+,3,+,5,+,6
000998,18.11.25, 07:00,5,+,6,+,3,+,6,+,3,+,4
000997,18.11.25, 06:00,5,+,5,+,1,+,3,+,5,+,6
000996,18.11.25, 05:00,2,+,2,+,4,+,2,+,2,+,1
000995,18.11.25, 04:00,4,+,5,+,4,+,1,+,6,+,3
000994,18.11.25, 03:00,3,+,1,+,2,+,2,+,1,+,6
000993,18.11.25, 02:00,6,+,4,+,5,+,5,+,3,+,3
000992,18.11.25, 01:00,3,+,5,+,5,+,2,+,4,+,5
000991,18.11.25, 00:00,1,+,2,+,6,+,3,+,5,+,1
000990,17.11.25, 23:00,2,+,4,+,2,+,1,+,6,+,4
000989,17.11.25, 22:00,5,+,6,+,3,+,5,+,5,+,3
000988,17.11.25, 21:00,6,+,3,+,2,+,4,+,1,+,5
000987,17.11.25, 20:00,2,+,3,+,1,+,4,+,5,+,5
000986,17.11.25, 19:00,3,+,4,+,2,+,4,+,3,+,1
000985,17.11.25, 18:00,6,+,6,+,5,+,5,+,4,+,1
000984,17.11.25, 17:00,2,+,5,+,2,+,2,+,2,+,6
000983,17.11.25, 16:00,4,+,4,+,2,+,1,+,3,+,5
000982,17.11.25, 15:00,6,+,5,+,3,+,5,+,5,+,5
000981,17.11.25, 14:00,3,+,4,+,5,+,4,+,6,+,1
000980,17.11.25, 13:00,4,+,2,+,4,+,1,+,1,+,3
000979,17.11.25, 12:00,6,+,3,+,2,+,4,+,6,+,3
000978,17.11.25, 11:00,1,+,6,+,5,+,2,+,3,+,1
000977,17.11.25, 10:00,5,+,2,+,2,+,2,+,4,+,2
000976,17.11.25, 09:00,6,+,5,+,1,+,2,+,6,+,3
000975,17.11.25, 08:00,4,+,5,+,6,+,3,+,2,+,6
000974,17.11.25, 07:00,2,+,2,+,1,+,1,+,4,+,3
000973,17.11.25, 06:00,1,+,5,+,3,+,1,+,3,+,1
000972,17.11.25, 05:00,6,+,5,+,1,+,2,+,6,+,4
000971,17.11.25, 04:00,2,+,1,+,1,+,3,+,1,+,4
000970,17.11.25, 03:00,3,+,6,+,2,+,3,+,4,+,5
000969,17.11.25, 02:00,6,+,5,+,3,+,1,+,6,+,6
000968,17.11.25, 01:00,2,+,2,+,6,+,1,+,3,+,6
000967,17.11.25, 00:00,1,+,4,+,1,+,3,+,4,+,3
000966,16.11.25, 23:00,3,+,1,+,6,+,2,+,3,+,5
000965,16.11.25, 22:00,6,+,6,+,6,+,2,+,4,+,6
000964,16.11.25, 21:00,2,+,6,+,2,+,1,+,2,+,3
000963,16.11.25, 20:00,5,+,1,+,5,+,5,+,6,+,3
000962,16.11.25, 19:00,3,+,5,+,4,+,4,+,6,+,3
000961,16.11.25, 18:00,4,+,5,+,2,+,1,+,6,+,5
000960,16.11.25, 17:00,4,+,3,+,4,+,4,+,1,+,6
000959,16.11.25, 16:00,6,+,4,+,2,+,4,+,2,+,3
000958,16.11.25, 15:00,5,+,1,+,1,+,6,+,1,+,4
000957,16.11.25, 14:00,1,+,3,+,3,+,1,+,5,+,1
000956,16.11.25, 13:00,1,+,5,+,5,+,3,+,1,+,4
000955,16.11.25, 12:00,6,+,3,+,2,+,6,+,6,+,1
000954,16.11.25, 11:00,4,+,5,+,1,+,4,+,5,+,3
000953,16.11.25, 10:00,2,+,3,+,6,+,1,+,6,+,3
000952,16.11.25, 09:00,6,+,4,+,2,+,6,+,1,+,1
000951,16.11.25, 08:00,5,+,2,+,1,+,4,+,1,+,2
000950,16.11.25, 07:00,5,+,6,+,1,+,1,+,2,+,1
000949,16.11.25, 06:00,5,+,5,+,4,+,2,+,4,+,5
000948,16.11.25, 05:00,5,+,2,+,6,+,2,+,1,+,6
000947,16.11.25, 04:00,4,+,2,+,6,+,5,+,1,+,3
000946,16.11.25, 03:00,1,+,5,+,5,+,1,+,3,+,6
000945,16.11.25, 02:00,2,+,1,+,3,+,3,+,3,+,1
000944,16.11.25, 00:00,1,+,1,+,3,+,1,+,6,+,5
000943,15.11.25, 23:00,6,+,1,+,2,+,3,+,1,+,5
000942,15.11.25, 22:00,2,+,3,+,6,+,1,+,4,+,5
000941,15.11.25, 21:00,4,+,5,+,3,+,3,+,3,+,3
000940,15.11.25, 20:00,3,+,3,+,3,+,5,+,3,+,4
000939,15.11.25, 19:00,6,+,5,+,5,+,4,+,4,+,5
000938,15.11.25, 18:00,4,+,5,+,4,+,4,+,4,+,6
000937,15.11.25, 17:00,4,+,1,+,4,+,4,+,6,+,1
000936,15.11.25, 16:00,2,+,6,+,3,+,5,+,5,+,3
000935,15.11.25, 15:00,5,+,6,+,3,+,3,+,4,+,6
000934,15.11.25, 14:00,3,+,3,+,2,+,6,+,2,+,5
000933,15.11.25, 13:00,2,+,5,+,5,+,6,+,1,+,6
000932,15.11.25, 12:00,5,+,3,+,3,+,2,+,6,+,4
000931,15.11.25, 11:00,1,+,4,+,5,+,2,+,2,+,6
000930,15.11.25, 10:00,4,+,3,+,3,+,2,+,6,+,4
000929,15.11.25, 09:00,6,+,3,+,5,+,3,+,5,+,3
000928,15.11.25, 08:00,6,+,4,+,2,+,5,+,3,+,3
000927,15.11.25, 07:00,6,+,3,+,2,+,3,+,6,+,5
000926,15.11.25, 06:00,4,+,6,+,3,+,4,+,5,+,2
000925,15.11.25, 05:00,6,+,2,+,2,+,5,+,6,+,6
000924,15.11.25, 04:00,2,+,4,+,3,+,2,+,4,+,4
000923,15.11.25, 03:00,4,+,3,+,5,+,2,+,1,+,4
000922,15.11.25, 02:00,5,+,4,+,2,+,3,+,2,+,5
000921,15.11.25, 01:00,1,+,3,+,4,+,3,+,2,+,5
000920,15.11.25, 00:00,1,+,3,+,1,+,1,+,1,+,4
000919,14.11.25, 23:00,6,+,4,+,2,+,5,+,3,+,4
000918,14.11.25, 22:00,5,+,3,+,3,+,3,+,1,+,4
000917,14.11.25, 21:00,1,+,5,+,3,+,5,+,6,+,5
000916,14.11.25, 20:00,1,+,3,+,3,+,6,+,1,+,5
000915,14.11.25, 19:00,4,+,4,+,4,+,1,+,5,+,4
000914,14.11.25, 18:00,1,+,4,+,5,+,4,+,1,+,4
000913,14.11.25, 17:00,4,+,5,+,4,+,6,+,3,+,1
000912,14.11.25, 16:00,6,+,6,+,4,+,5,+,6,+,2
000911,14.11.25, 15:00,6,+,6,+,1,+,3,+,5,+,5
000910,14.11.25, 14:00,6,+,3,+,2,+,2,+,6,+,5
000909,14.11.25, 13:00,5,+,2,+,5,+,3,+,2,+,5
000908,14.11.25, 12:00,4,+,4,+,4,+,1,+,2,+,3
000907,14.11.25, 11:00,4,+,1,+,5,+,2,+,1,+,2
000906,14.11.25, 10:00,5,+,3,+,1,+,6,+,1,+,4
000905,14.11.25, 09:00,6,+,3,+,6,+,2,+,2,+,4
000904,14.11.25, 08:00,1,+,6,+,4,+,5,+,1,+,1
000903,14.11.25, 07:00,4,+,2,+,1,+,3,+,3,+,3
000902,14.11.25, 06:00,5,+,1,+,2,+,2,+,2,+,6
000901,14.11.25, 05:00,1,+,2,+,5,+,5,+,4,+,6
000900,14.11.25, 04:00,2,+,4,+,2,+,4,+,5,+,5
000899,14.11.25, 03:00,2,+,6,+,4,+,5,+,1,+,5
000898,14.11.25, 02:00,1,+,4,+,1,+,5,+,6,+,2
000897,14.11.25, 01:00,3,+,1,+,1,+,5,+,4,+,4
000896,14.11.25, 00:00,2,+,4,+,6,+,2,+,5,+,4
000895,13.11.25, 23:00,6,+,5,+,5,+,5,+,5,+,2
000894,13.11.25, 22:00,1,+,3,+,4,+,1,+,4,+,2
000893,13.11.25, 21:00,5,+,6,+,1,+,3,+,4,+,3
000892,13.11.25, 20:00,6,+,3,+,1,+,4,+,5,+,2
000891,13.11.25, 19:00,5,+,3,+,3,+,1,+,6,+,3
000890,13.11.25, 18:00,6,+,4,+,3,+,1,+,1,+,5
000889,13.11.25, 17:00,5,+,1,+,4,+,4,+,2,+,5
000888,13.11.25, 16:00,6,+,6,+,5,+,6,+,5,+,4
000887,13.11.25, 15:00,2,+,2,+,6,+,4,+,2,+,3
000886,13.11.25, 14:00,2,+,4,+,1,+,6,+,2,+,2
000885,13.11.25, 13:00,2,+,1,+,1,+,1,+,6,+,5
000884,13.11.25, 12:00,1,+,2,+,2,+,6,+,2,+,2
000883,13.11.25, 11:00,1,+,6,+,1,+,5,+,6,+,1
000882,13.11.25, 10:00,1,+,5,+,6,+,4,+,3,+,5
000881,13.11.25, 09:00,5,+,6,+,3,+,2,+,1,+,1
000880,13.11.25, 08:00,1,+,6,+,6,+,6,+,4,+,6
000879,13.11.25, 07:00,3,+,2,+,3,+,4,+,3,+,5
000878,13.11.25, 06:00,6,+,2,+,3,+,6,+,4,+,2
000877,13.11.25, 05:00,4,+,1,+,4,+,1,+,5,+,1
000876,13.11.25, 04:00,6,+,2,+,2,+,5,+,1,+,6
000875,13.11.25, 03:00,6,+,2,+,3,+,3,+,5,+,5
000874,13.11.25, 02:00,4,+,4,+,3,+,3,+,1,+,1
000873,13.11.25, 01:00,3,+,3,+,1,+,5,+,4,+,4
000872,13.11.25, 00:00,3,+,1,+,4,+,6,+,3,+,1
000871,12.11.25, 23:00,2,+,5,+,3,+,2,+,2,+,5
000870,12.11.25, 22:00,1,+,3,+,1,+,1,+,2,+,6
000869,12.11.25, 21:00,2,+,1,+,5,+,2,+,3,+,4
000868,12.11.25, 20:00,3,+,4,+,2,+,2,+,3,+,4
000867,12.11.25, 19:00,5,+,6,+,1,+,1,+,4,+,4
000866,12.11.25, 18:00,1,+,6,+,6,+,2,+,2,+,4
000865,12.11.25, 17:00,2,+,4,+,2,+,5,+,4,+,4
000864,12.11.25, 16:00,5,+,3,+,4,+,4,+,2,+,5
000863,12.11.25, 15:00,3,+,4,+,1,+,2,+,4,+,4
000862,12.11.25, 14:00,2,+,4,+,5,+,5,+,2,+,2
000861,12.11.25, 13:00,2,+,5,+,1,+,3,+,4,+,1
000860,12.11.25, 12:00,4,+,6,+,4,+,6,+,2,+,6
000859,12.11.25, 11:00,3,+,1,+,2,+,3,+,5,+,2
000858,12.11.25, 10:00,4,+,1,+,3,+,4,+,2,+,6
000857,12.11.25, 09:00,6,+,4,+,5,+,5,+,5,+,3
000856,12.11.25, 08:00,5,+,4,+,6,+,5,+,2,+,6
000855,12.11.25, 07:00,5,+,1,+,5,+,4,+,2,+,5
000854,12.11.25, 06:00,4,+,5,+,3,+,3,+,2,+,2
000853,12.11.25, 05:00,5,+,5,+,5,+,5,+,4,+,3
000852,12.11.25, 04:00,5,+,4,+,1,+,3,+,1,+,6
000851,12.11.25, 03:00,4,+,1,+,1,+,1,+,3,+,6
000850,12.11.25, 02:00,2,+,4,+,4,+,5,+,5,+,4
000849,12.11.25, 01:00,2,+,2,+,3,+,1,+,6,+,3
000848,12.11.25, 00:00,1,+,6,+,6,+,6,+,4,+,5
000847,11.11.25, 23:00,3,+,1,+,4,+,4,+,1,+,5
000846,11.11.25, 22:00,3,+,4,+,4,+,3,+,6,+,4
000845,11.11.25, 21:00,6,+,2,+,1,+,3,+,2,+,6
000844,11.11.25, 20:00,3,+,6,+,3,+,5,+,3,+,2
000843,11.11.25, 19:00,4,+,4,+,5,+,4,+,2,+,5
000842,11.11.25, 18:00,5,+,3,+,5,+,5,+,1,+,1
000841,11.11.25, 17:00,2,+,2,+,5,+,4,+,6,+,2
000840,11.11.25, 16:00,4,+,4,+,5,+,2,+,2,+,4
000839,11.11.25, 15:00,2,+,1,+,2,+,4,+,3,+,3
000838,11.11.25, 14:00,4,+,1,+,4,+,5,+,1,+,6
000837,11.11.25, 13:00,3,+,5,+,6,+,6,+,6,+,3
000836,11.11.25, 12:00,2,+,4,+,4,+,3,+,3,+,5
000835,11.11.25, 11:00,6,+,6,+,4,+,2,+,5,+,2
000834,11.11.25, 10:00,3,+,5,+,1,+,2,+,4,+,6
000833,11.11.25, 09:00,4,+,3,+,3,+,5,+,2,+,1
000832,11.11.25, 08:00,5,+,5,+,2,+,2,+,5,+,3
000831,11.11.25, 07:00,1,+,4,+,6,+,1,+,3,+,6
000830,11.11.25, 06:00,6,+,4,+,2,+,5,+,2,+,4
000829,11.11.25, 05:00,5,+,3,+,5,+,1,+,1,+,4
000828,11.11.25, 04:00,1,+,2,+,2,+,3,+,4,+,2
000827,11.11.25, 03:00,4,+,5,+,6,+,1,+,5,+,2
000826,11.11.25, 02:00,5,+,5,+,1,+,2,+,3,+,1
000825,11.11.25, 01:00,1,+,4,+,1,+,1,+,6,+,2
000824,11.11.25, 00:00,6,+,5,+,4,+,2,+,5,+,3
000823,10.11.25, 23:00,2,+,3,+,1,+,6,+,5,+,4
000822,10.11.25, 22:00,1,+,5,+,5,+,5,+,5,+,5
000821,10.11.25, 21:00,4,+,2,+,3,+,4,+,3,+,1
000820,10.11.25, 20:00,2,+,4,+,6,+,6,+,1,+,5
000819,10.11.25, 19:00,2,+,6,+,2,+,5,+,2,+,5
000818,10.11.25, 18:00,1,+,4,+,1,+,1,+,1,+,3
000817,10.11.25, 17:00,5,+,6,+,1,+,2,+,3,+,1
000816,10.11.25, 16:00,5,+,5,+,1,+,1,+,4,+,1
000815,10.11.25, 15:00,6,+,5,+,5,+,6,+,5,+,3
000814,10.11.25, 14:00,4,+,3,+,4,+,4,+,2,+,4
000813,10.11.25, 13:00,5,+,1,+,1,+,3,+,5,+,4
000812,10.11.25, 12:00,5,+,3,+,2,+,4,+,4,+,3
000811,10.11.25, 11:00,6,+,3,+,1,+,4,+,1,+,5
000810,10.11.25, 10:00,5,+,2,+,4,+,1,+,1,+,6
000809,10.11.25, 09:00,3,+,4,+,1,+,5,+,1,+,6
000808,10.11.25, 08:00,3,+,2,+,4,+,4,+,6,+,2
000807,10.11.25, 07:00,3,+,6,+,2,+,2,+,1,+,2
000806,10.11.25, 06:00,5,+,3,+,6,+,6,+,1,+,2
000805,10.11.25, 05:00,4,+,3,+,3,+,3,+,5,+,1
000804,10.11.25, 04:00,3,+,3,+,2,+,4,+,6,+,4
000803,10.11.25, 03:00,6,+,6,+,1,+,1,+,2,+,1
000802,10.11.25, 02:00,4,+,6,+,3,+,4,+,2,+,6
000801,10.11.25, 01:00,6,+,3,+,4,+,6,+,3,+,2
000800,10.11.25, 00:00,2,+,6,+,1,+,5,+,3,+,1
000799,09.11.25, 23:00,3,+,4,+,3,+,3,+,5,+,1
000798,09.11.25, 22:00,3,+,2,+,6,+,2,+,5,+,1
000797,09.11.25, 21:00,5,+,5,+,1,+,3,+,6,+,6
000796,09.11.25, 20:00,4,+,2,+,5,+,6,+,5,+,1
000795,09.11.25, 19:00,3,+,2,+,5,+,6,+,5,+,6
000794,09.11.25, 18:00,1,+,1,+,4,+,5,+,3,+,5
000793,09.11.25, 17:00,3,+,4,+,6,+,2,+,2,+,6
000792,09.11.25, 16:00,4,+,5,+,3,+,2,+,6,+,1
000791,09.11.25, 15:00,3,+,4,+,5,+,4,+,4,+,4
000790,09.11.25, 14:00,4,+,2,+,5,+,4,+,6,+,4
000789,09.11.25, 13:00,6,+,4,+,3,+,3,+,1,+,4
000788,09.11.25, 12:00,6,+,6,+,1,+,5,+,5,+,4
000787,09.11.25, 11:00,5,+,1,+,5,+,3,+,2,+,2
000786,09.11.25, 10:00,3,+,2,+,3,+,2,+,6,+,3
000785,09.11.25, 09:00,4,+,4,+,2,+,5,+,5,+,5
000784,09.11.25, 08:00,3,+,2,+,2,+,3,+,6,+,3
000783,09.11.25, 07:00,6,+,2,+,6,+,4,+,2,+,1
000782,09.11.25, 06:00,3,+,1,+,2,+,5,+,2,+,4
000781,09.11.25, 05:00,2,+,1,+,4,+,6,+,6,+,4
000780,09.11.25, 04:00,4,+,2,+,6,+,1,+,3,+,3
000779,09.11.25, 03:00,3,+,4,+,3,+,5,+,1,+,3
000778,09.11.25, 02:00,2,+,3,+,6,+,5,+,5,+,3
000777,09.11.25, 00:00,3,+,6,+,2,+,1,+,2,+,6
000776,08.11.25, 23:00,3,+,2,+,5,+,1,+,5,+,6
000775,08.11.25, 22:00,4,+,5,+,4,+,4,+,3,+,3
000774,08.11.25, 21:00,5,+,4,+,2,+,6,+,1,+,4
000773,08.11.25, 20:00,6,+,1,+,3,+,3,+,6,+,6
000772,08.11.25, 19:00,3,+,2,+,4,+,3,+,5,+,5
000771,08.11.25, 18:00,2,+,6,+,2,+,6,+,6,+,1
000770,08.11.25, 17:00,6,+,6,+,4,+,4,+,1,+,4
000769,08.11.25, 16:00,6,+,3,+,6,+,2,+,1,+,3
000768,08.11.25, 15:00,3,+,5,+,6,+,2,+,5,+,6
000767,08.11.25, 14:00,2,+,6,+,4,+,2,+,3,+,6
000766,08.11.25, 13:00,1,+,6,+,6,+,2,+,5,+,3
000765,08.11.25, 12:00,3,+,6,+,4,+,6,+,3,+,4
000764,08.11.25, 11:00,2,+,5,+,5,+,1,+,6,+,5
000763,08.11.25, 10:00,2,+,3,+,2,+,2,+,3,+,4
000762,08.11.25, 09:00,1,+,5,+,6,+,4,+,1,+,4
000761,08.11.25, 08:00,3,+,1,+,1,+,2,+,5,+,1
000760,08.11.25, 07:00,1,+,3,+,2,+,4,+,1,+,5
000759,08.11.25, 06:00,2,+,6,+,2,+,1,+,5,+,1
000758,08.11.25, 05:00,5,+,2,+,1,+,1,+,3,+,1
000757,08.11.25, 04:00,3,+,6,+,5,+,6,+,1,+,6
000756,08.11.25, 03:00,4,+,5,+,6,+,3,+,2,+,5
000755,08.11.25, 02:00,3,+,3,+,2,+,5,+,1,+,5
000754,08.11.25, 01:00,4,+,4,+,5,+,5,+,4,+,4
000753,08.11.25, 00:00,5,+,2,+,6,+,3,+,1,+,2
000752,07.11.25, 23:00,5,+,1,+,3,+,5,+,3,+,4
000751,07.11.25, 22:00,6,+,6,+,4,+,3,+,2,+,4
000750,07.11.25, 21:00,5,+,2,+,1,+,2,+,6,+,2
000749,07.11.25, 20:00,3,+,2,+,3,+,3,+,2,+,3
000748,07.11.25, 19:00,5,+,3,+,5,+,5,+,3,+,5
000747,07.11.25, 18:00,6,+,6,+,1,+,5,+,2,+,1
000746,07.11.25, 17:00,1,+,6,+,1,+,6,+,4,+,2
000745,07.11.25, 16:00,4,+,4,+,1,+,5,+,1,+,6
000744,07.11.25, 15:00,6,+,2,+,2,+,5,+,6,+,6
000743,07.11.25, 14:00,1,+,5,+,1,+,1,+,3,+,6
000742,07.11.25, 13:00,1,+,2,+,2,+,3,+,5,+,4
000741,07.11.25, 12:00,1,+,4,+,5,+,4,+,1,+,5
000740,07.11.25, 11:00,4,+,6,+,4,+,3,+,3,+,1
000739,07.11.25, 10:00,1,+,5,+,4,+,5,+,2,+,6
000738,07.11.25, 09:00,2,+,6,+,5,+,3,+,5,+,4
000737,07.11.25, 08:00,2,+,3,+,5,+,1,+,6,+,2
000736,07.11.25, 07:00,5,+,6,+,2,+,2,+,1,+,3
000735,07.11.25, 06:00,1,+,2,+,1,+,5,+,5,+,4
000734,07.11.25, 05:00,5,+,2,+,2,+,5,+,5,+,1
000733,07.11.25, 04:00,6,+,1,+,2,+,5,+,6,+,2
000732,07.11.25, 03:00,3,+,6,+,2,+,6,+,1,+,3
000731,07.11.25, 02:00,4,+,6,+,3,+,4,+,5,+,3
000730,07.11.25, 01:00,6,+,1,+,3,+,4,+,4,+,3
000729,07.11.25, 00:00,2,+,5,+,4,+,4,+,3,+,4
000728,06.11.25, 23:00,6,+,2,+,6,+,2,+,6,+,4
000727,06.11.25, 22:00,3,+,4,+,3,+,4,+,3,+,1
000726,06.11.25, 21:00,1,+,5,+,2,+,1,+,1,+,3
000725,06.11.25, 20:00,5,+,3,+,1,+,4,+,2,+,5
000724,06.11.25, 19:00,4,+,4,+,3,+,3,+,3,+,2
000723,06.11.25, 18:00,4,+,1,+,2,+,6,+,5,+,5
000722,06.11.25, 17:00,2,+,6,+,6,+,2,+,1,+,3
000721,06.11.25, 16:00,4,+,2,+,5,+,5,+,5,+,6
000720,06.11.25, 15:00,4,+,4,+,4,+,2,+,1,+,4
000719,06.11.25, 14:00,2,+,4,+,1,+,2,+,6,+,2
000718,06.11.25, 13:00,6,+,6,+,3,+,4,+,3,+,6
000717,06.11.25, 12:00,3,+,6,+,4,+,5,+,3,+,2
000716,06.11.25, 11:00,4,+,6,+,6,+,5,+,6,+,3
000715,06.11.25, 10:00,2,+,1,+,3,+,1,+,2,+,5
000714,06.11.25, 09:00,4,+,3,+,6,+,4,+,1,+,2
000713,06.11.25, 08:00,6,+,3,+,6,+,4,+,2,+,5
000712,06.11.25, 07:00,2,+,3,+,6,+,1,+,1,+,6
000711,06.11.25, 06:00,3,+,6,+,3,+,2,+,1,+,6
000710,06.11.25, 05:00,2,+,5,+,5,+,1,+,2,+,1
000709,06.11.25, 04:00,1,+,4,+,5,+,1,+,4,+,2
000708,06.11.25, 03:00,2,+,6,+,3,+,3,+,6,+,4
000707,06.11.25, 02:00,2,+,4,+,2,+,2,+,1,+,2
000706,06.11.25, 01:00,6,+,3,+,1,+,6,+,4,+,2
000705,06.11.25, 00:00,5,+,5,+,6,+,2,+,5,+,5
000704,05.11.25, 23:00,4,+,2,+,3,+,1,+,4,+,5
000703,05.11.25, 22:00,6,+,3,+,3,+,2,+,3,+,3
000702,05.11.25, 21:00,4,+,3,+,5,+,2,+,6,+,2
000701,05.11.25, 20:00,3,+,2,+,3,+,1,+,1,+,2
000700,05.11.25, 19:00,6,+,2,+,1,+,4,+,4,+,1
000699,05.11.25, 18:00,4,+,2,+,5,+,6,+,1,+,1
000698,05.11.25, 17:00,3,+,1,+,4,+,6,+,6,+,3
000697,05.11.25, 16:00,2,+,6,+,1,+,1,+,4,+,5
000696,05.11.25, 15:00,3,+,3,+,4,+,6,+,1,+,5
000695,05.11.25, 14:00,3,+,6,+,4,+,5,+,1,+,5
000694,05.11.25, 13:00,3,+,2,+,1,+,1,+,1,+,5
000693,05.11.25, 12:00,2,+,1,+,4,+,3,+,6,+,3
000692,05.11.25, 11:00,3,+,2,+,6,+,5,+,2,+,2
000691,05.11.25, 10:00,1,+,6,+,2,+,3,+,6,+,4
000690,05.11.25, 09:00,4,+,2,+,4,+,1,+,4,+,1
000689,05.11.25, 08:00,3,+,4,+,3,+,4,+,1,+,1
000688,05.11.25, 07:00,5,+,4,+,6,+,5,+,3,+,4
000687,05.11.25, 06:00,6,+,5,+,5,+,1,+,6,+,5
000686,05.11.25, 05:00,3,+,2,+,6,+,2,+,4,+,5
000685,05.11.25, 04:00,3,+,1,+,5,+,4,+,6,+,1
000684,05.11.25, 03:00,2,+,4,+,3,+,5,+,6,+,4
000683,05.11.25, 02:00,2,+,2,+,6,+,2,+,1,+,4
000682,05.11.25, 01:00,2,+,3,+,1,+,3,+,1,+,1
000681,05.11.25, 00:00,6,+,5,+,3,+,1,+,5,+,5
000680,04.11.25, 23:00,1,+,5,+,4,+,2,+,1,+,1
000679,04.11.25, 22:00,6,+,3,+,2,+,4,+,2,+,1
000678,04.11.25, 21:00,2,+,1,+,2,+,1,+,1,+,3
000677,04.11.25, 20:00,6,+,2,+,1,+,2,+,2,+,3
000676,04.11.25, 19:00,5,+,3,+,5,+,6,+,3,+,1
000675,04.11.25, 18:00,6,+,6,+,6,+,1,+,5,+,1
000674,04.11.25, 17:00,4,+,5,+,6,+,4,+,4,+,2
000673,04.11.25, 16:00,4,+,5,+,2,+,3,+,4,+,4
000672,04.11.25, 15:00,4,+,5,+,5,+,5,+,2,+,3
000671,04.11.25, 14:00,5,+,4,+,3,+,6,+,5,+,1
000670,04.11.25, 13:00,3,+,1,+,5,+,5,+,5,+,6
000669,04.11.25, 12:00,3,+,4,+,6,+,2,+,4,+,5
000668,04.11.25, 11:00,1,+,4,+,4,+,3,+,2,+,3
000667,04.11.25, 10:00,1,+,6,+,3,+,6,+,1,+,5
000666,04.11.25, 09:00,3,+,2,+,2,+,4,+,1,+,4
000665,04.11.25, 08:00,5,+,4,+,2,+,1,+,2,+,1
000664,04.11.25, 07:00,1,+,3,+,6,+,2,+,6,+,4
000663,04.11.25, 06:00,4,+,5,+,3,+,5,+,2,+,3
000662,04.11.25, 05:00,4,+,3,+,2,+,5,+,5,+,3
000661,04.11.25, 04:00,6,+,4,+,1,+,3,+,4,+,3
000660,04.11.25, 03:00,3,+,5,+,2,+,1,+,2,+,1
000659,04.11.25, 02:00,4,+,5,+,1,+,5,+,4,+,1
000658,04.11.25, 01:00,6,+,2,+,1,+,6,+,6,+,5
000657,04.11.25, 00:00,3,+,2,+,6,+,4,+,3,+,1
000656,03.11.25, 23:00,4,+,6,+,6,+,5,+,6,+,5
000655,03.11.25, 22:00,1,+,6,+,4,+,1,+,5,+,3
000654,03.11.25, 21:00,6,+,4,+,6,+,1,+,6,+,6
000653,03.11.25, 20:00,4,+,4,+,6,+,4,+,4,+,1
000652,03.11.25, 19:00,1,+,5,+,1,+,3,+,1,+,1
000651,03.11.25, 18:00,2,+,5,+,2,+,3,+,3,+,4
000650,03.11.25, 17:00,3,+,6,+,3,+,1,+,3,+,6
000649,03.11.25, 16:00,2,+,3,+,5,+,6,+,5,+,3
000648,03.11.25, 15:00,1,+,3,+,2,+,6,+,2,+,3
000647,03.11.25, 14:00,1,+,2,+,1,+,3,+,5,+,4
000646,03.11.25, 13:00,2,+,6,+,5,+,4,+,6,+,6
000645,03.11.25, 12:00,1,+,6,+,3,+,1,+,3,+,1
000644,03.11.25, 11:00,1,+,2,+,4,+,3,+,5,+,1
000643,03.11.25, 10:00,5,+,1,+,4,+,6,+,5,+,2
000642,03.11.25, 09:00,3,+,2,+,3,+,5,+,1,+,5
000641,03.11.25, 08:00,6,+,5,+,1,+,3,+,1,+,6
000640,03.11.25, 07:00,1,+,4,+,6,+,3,+,3,+,5
000639,03.11.25, 06:00,2,+,1,+,4,+,6,+,2,+,5
000638,03.11.25, 05:00,5,+,3,+,3,+,2,+,3,+,5
000637,03.11.25, 04:00,6,+,5,+,2,+,4,+,1,+,5
000636,03.11.25, 03:00,5,+,5,+,1,+,5,+,4,+,6
000635,03.11.25, 02:00,5,+,2,+,6,+,4,+,3,+,1
000634,03.11.25, 01:00,3,+,4,+,5,+,6,+,6,+,3
000633,03.11.25, 00:00,1,+,5,+,1,+,1,+,1,+,3
000632,02.11.25, 23:00,5,+,3,+,6,+,4,+,6,+,2
000631,02.11.25, 22:00,5,+,4,+,2,+,5,+,1,+,2
000630,02.11.25, 21:00,3,+,2,+,2,+,5,+,2,+,5
000629,02.11.25, 20:00,6,+,5,+,5,+,6,+,1,+,3
000628,02.11.25, 19:00,3,+,6,+,5,+,2,+,6,+,5
000627,02.11.25, 18:00,1,+,2,+,6,+,4,+,6,+,5
000626,02.11.25, 17:00,6,+,5,+,1,+,5,+,4,+,1
000625,02.11.25, 16:00,6,+,5,+,2,+,1,+,1,+,5
000624,02.11.25, 15:00,2,+,2,+,6,+,4,+,2,+,6
000623,02.11.25, 14:00,2,+,5,+,6,+,6,+,4,+,5
000622,02.11.25, 13:00,1,+,3,+,2,+,5,+,3,+,6
000621,02.11.25, 12:00,3,+,2,+,1,+,5,+,2,+,1
000620,02.11.25, 11:00,1,+,1,+,1,+,1,+,2,+,4
000619,02.11.25, 10:00,6,+,1,+,5,+,2,+,3,+,1
000618,02.11.25, 09:00,1,+,2,+,1,+,2,+,2,+,1
000617,02.11.25, 08:00,5,+,5,+,2,+,4,+,5,+,1
000616,02.11.25, 07:00,3,+,3,+,2,+,2,+,2,+,3
000615,02.11.25, 06:00,4,+,1,+,5,+,2,+,3,+,1
000614,02.11.25, 05:00,1,+,1,+,5,+,4,+,6,+,6
000613,02.11.25, 04:00,2,+,4,+,4,+,4,+,6,+,4
000612,02.11.25, 03:00,5,+,1,+,5,+,6,+,6,+,3
000611,02.11.25, 02:00,4,+,1,+,1,+,2,+,2,+,4
000610,02.11.25, 00:00,4,+,5,+,5,+,3,+,6,+,4
000609,01.11.25, 23:00,5,+,3,+,6,+,1,+,4,+,3
000608,01.11.25, 22:00,6,+,2,+,1,+,4,+,4,+,4
000607,01.11.25, 21:00,2,+,1,+,4,+,1,+,6,+,1
000606,01.11.25, 20:00,5,+,2,+,5,+,6,+,6,+,5
000605,01.11.25, 19:00,5,+,6,+,3,+,4,+,2,+,2
000604,01.11.25, 18:00,6,+,3,+,4,+,6,+,2,+,3
000603,01.11.25, 17:00,5,+,5,+,5,+,3,+,1,+,4
000602,01.11.25, 16:00,2,+,2,+,5,+,5,+,1,+,6
000601,01.11.25, 15:00,3,+,6,+,3,+,6,+,2,+,5
000600,01.11.25, 14:00,5,+,5,+,3,+,4,+,4,+,2
000599,01.11.25, 13:00,5,+,1,+,5,+,6,+,1,+,1
000598,01.11.25, 12:00,2,+,1,+,6,+,2,+,3,+,6
000597,01.11.25, 11:00,6,+,4,+,2,+,5,+,4,+,4
000596,01.11.25, 10:00,3,+,6,+,6,+,3,+,4,+,2
000595,01.11.25, 09:00,3,+,6,+,1,+,5,+,1,+,6
000594,01.11.25, 08:00,3,+,1,+,4,+,5,+,3,+,3
000593,01.11.25, 07:00,3,+,5,+,6,+,2,+,3,+,4
000592,01.11.25, 06:00,4,+,3,+,6,+,2,+,1,+,5
000591,01.11.25, 05:00,3,+,2,+,6,+,2,+,6,+,5
000590,01.11.25, 04:00,3,+,1,+,1,+,3,+,5,+,6
000589,01.11.25, 03:00,3,+,4,+,3,+,3,+,6,+,5
000588,01.11.25, 02:00,2,+,2,+,2,+,1,+,2,+,2
000587,01.11.25, 01:00,3,+,4,+,6,+,1,+,5,+,1
000586,01.11.25, 00:00,5,+,2,+,1,+,6,+,3,+,6
000585,31.10.25, 23:00,5,+,3,+,2,+,5,+,3,+,5
000584,31.10.25, 22:00,3,+,4,+,1,+,1,+,6,+,4
000583,31.10.25, 21:00,5,+,2,+,6,+,5,+,1,+,2
000582,31.10.25, 20:00,1,+,1,+,4,+,6,+,4,+,1
000581,31.10.25, 19:00,1,+,6,+,2,+,1,+,4,+,6
000580,31.10.25, 18:00,4,+,6,+,3,+,2,+,2,+,5
000579,31.10.25, 17:00,4,+,1,+,3,+,1,+,4,+,4
000578,31.10.25, 16:00,5,+,6,+,3,+,1,+,3,+,4
000577,31.10.25, 15:00,6,+,4,+,6,+,2,+,6,+,1
000576,31.10.25, 14:00,3,+,4,+,6,+,2,+,5,+,5
000575,31.10.25, 13:00,1,+,5,+,3,+,1,+,1,+,3
000574,31.10.25, 12:00,1,+,6,+,5,+,4,+,4,+,3
000573,31.10.25, 11:00,1,+,1,+,2,+,6,+,4,+,2
000572,31.10.25, 10:00,2,+,4,+,4,+,1,+,5,+,1
000571,31.10.25, 09:00,3,+,1,+,3,+,4,+,1,+,2
000570,31.10.25, 08:00,4,+,6,+,3,+,6,+,1,+,1
000569,31.10.25, 07:00,5,+,6,+,1,+,1,+,4,+,2
000568,31.10.25, 06:00,3,+,2,+,6,+,5,+,2,+,6
000567,31.10.25, 05:00,6,+,6,+,1,+,6,+,3,+,3
000566,31.10.25, 04:00,6,+,5,+,1,+,5,+,3,+,2
000565,31.10.25, 03:00,3,+,3,+,1,+,1,+,6,+,2
000564,31.10.25, 02:00,4,+,5,+,5,+,4,+,4,+,3
000563,31.10.25, 01:00,6,+,6,+,6,+,4,+,5,+,6
000562,31.10.25, 00:00,6,+,3,+,1,+,6,+,4,+,2
000561,30.10.25, 23:00,2,+,2,+,5,+,5,+,5,+,4
000560,30.10.25, 22:00,4,+,6,+,2,+,5,+,6,+,5
000559,30.10.25, 21:00,5,+,6,+,3,+,4,+,1,+,2
000558,30.10.25, 20:00,1,+,5,+,4,+,4,+,1,+,5
000557,30.10.25, 19:00,3,+,5,+,6,+,6,+,4,+,4
000556,30.10.25, 18:00,3,+,4,+,6,+,3,+,2,+,3
000555,30.10.25, 17:00,1,+,2,+,3,+,6,+,4,+,4
000554,30.10.25, 16:00,6,+,3,+,4,+,6,+,1,+,5
000553,30.10.25, 15:00,4,+,6,+,3,+,6,+,5,+,1
000552,30.10.25, 14:00,2,+,5,+,3,+,5,+,5,+,5
000551,30.10.25, 13:00,1,+,1,+,1,+,1,+,4,+,4
000550,30.10.25, 12:00,5,+,6,+,2,+,5,+,2,+,1
000549,30.10.25, 11:00,5,+,1,+,3,+,2,+,3,+,3
000548,30.10.25, 10:00,5,+,1,+,4,+,6,+,4,+,3
000547,30.10.25, 09:00,6,+,5,+,3,+,1,+,5,+,5
000546,30.10.25, 08:00,5,+,4,+,1,+,4,+,2,+,2
000545,30.10.25, 07:00,1,+,5,+,2,+,6,+,1,+,3
000544,30.10.25, 06:00,1,+,2,+,5,+,1,+,2,+,3
000543,30.10.25, 05:00,1,+,3,+,3,+,3,+,3,+,2
000542,30.10.25, 04:00,2,+,4,+,1,+,2,+,2,+,5
000541,30.10.25, 03:00,5,+,2,+,2,+,3,+,6,+,5
000540,30.10.25, 02:00,6,+,5,+,2,+,5,+,6,+,5
000539,30.10.25, 01:00,2,+,1,+,2,+,6,+,2,+,6
000538,30.10.25, 00:00,3,+,2,+,3,+,4,+,6,+,4
000537,29.10.25, 23:00,3,+,5,+,5,+,6,+,1,+,1
000536,29.10.25, 22:00,2,+,2,+,3,+,6,+,3,+,6
000535,29.10.25, 21:00,4,+,2,+,2,+,3,+,6,+,1
000534,29.10.25, 20:00,3,+,1,+,6,+,6,+,1,+,5
000533,29.10.25, 19:00,2,+,5,+,5,+,4,+,5,+,6
000532,29.10.25, 18:00,5,+,3,+,5,+,2,+,1,+,4
000531,29.10.25, 17:00,3,+,3,+,6,+,5,+,2,+,2
000530,29.10.25, 16:00,5,+,4,+,1,+,6,+,2,+,3
000529,29.10.25, 15:00,1,+,6,+,4,+,3,+,2,+,2
000528,29.10.25, 14:00,5,+,5,+,4,+,6,+,6,+,1
000527,29.10.25, 13:00,2,+,6,+,1,+,4,+,2,+,5
000526,29.10.25, 12:00,3,+,6,+,1,+,3,+,1,+,5
000525,29.10.25, 11:00,3,+,5,+,4,+,2,+,1,+,4
000524,29.10.25, 10:00,5,+,4,+,3,+,1,+,5,+,5
000523,29.10.25, 09:00,4,+,1,+,2,+,2,+,3,+,4
000522,29.10.25, 08:00,4,+,4,+,1,+,4,+,5,+,4
000521,29.10.25, 07:00,3,+,5,+,5,+,5,+,2,+,5
000520,29.10.25, 06:00,6,+,2,+,2,+,3,+,1,+,6
000519,29.10.25, 05:00,3,+,4,+,4,+,5,+,2,+,3
000518,29.10.25, 04:00,3,+,1,+,2,+,3,+,6,+,1
000517,29.10.25, 03:00,2,+,1,+,4,+,2,+,3,+,6
000516,29.10.25, 02:00,3,+,3,+,2,+,4,+,2,+,5
000515,29.10.25, 01:00,3,+,4,+,1,+,5,+,2,+,5
000514,29.10.25, 00:00,6,+,1,+,2,+,6,+,6,+,6
000513,28.10.25, 23:00,5,+,3,+,1,+,4,+,3,+,5
000512,28.10.25, 22:00,3,+,6,+,6,+,1,+,4,+,2
000511,28.10.25, 21:00,4,+,2,+,1,+,2,+,4,+,4
000510,28.10.25, 20:00,3,+,3,+,2,+,1,+,4,+,4
000509,28.10.25, 19:00,6,+,3,+,4,+,5,+,5,+,6
000508,28.10.25, 18:00,5,+,3,+,5,+,2,+,6,+,4
000507,28.10.25, 17:00,5,+,4,+,3,+,4,+,6,+,4
000506,28.10.25, 16:00,2,+,6,+,3,+,5,+,2,+,4
000505,28.10.25, 15:00,3,+,1,+,1,+,2,+,2,+,1
000504,28.10.25, 14:00,6,+,6,+,3,+,6,+,6,+,5
000503,28.10.25, 13:00,2,+,6,+,5,+,5,+,6,+,5
000502,28.10.25, 12:00,3,+,1,+,2,+,6,+,2,+,5
000501,28.10.25, 11:00,6,+,4,+,2,+,5,+,4,+,5
000500,28.10.25, 10:00,2,+,2,+,1,+,2,+,1,+,5
000499,28.10.25, 09:00,3,+,5,+,6,+,4,+,1,+,4
000498,28.10.25, 08:00,4,+,3,+,3,+,2,+,5,+,6
000497,28.10.25, 07:00,3,+,6,+,1,+,1,+,6,+,3
000496,28.10.25, 06:00,5,+,1,+,5,+,4,+,4,+,2
000495,28.10.25, 05:00,1,+,6,+,1,+,3,+,3,+,1
000494,28.10.25, 04:00,1,+,2,+,1,+,4,+,4,+,2
000493,28.10.25, 03:00,5,+,1,+,5,+,1,+,4,+,5
000492,28.10.25, 02:00,6,+,1,+,3,+,2,+,2,+,5
000491,28.10.25, 01:00,5,+,2,+,4,+,4,+,3,+,2
000490,28.10.25, 00:00,4,+,1,+,5,+,3,+,1,+,2
000489,27.10.25, 23:00,3,+,3,+,1,+,5,+,5,+,5
000488,27.10.25, 22:00,4,+,5,+,1,+,5,+,6,+,3
000487,27.10.25, 21:00,1,+,3,+,4,+,5,+,6,+,6
000486,27.10.25, 20:00,4,+,4,+,4,+,6,+,3,+,1
000485,27.10.25, 19:00,2,+,5,+,4,+,2,+,3,+,2
000484,27.10.25, 18:00,3,+,2,+,2,+,5,+,1,+,4
000483,27.10.25, 17:00,2,+,1,+,1,+,5,+,3,+,1
000482,27.10.25, 16:00,2,+,5,+,4,+,3,+,3,+,4
000481,27.10.25, 15:00,6,+,4,+,3,+,2,+,2,+,1
000480,27.10.25, 14:00,6,+,3,+,5,+,2,+,6,+,1
000479,27.10.25, 13:00,3,+,2,+,6,+,4,+,4,+,4
000478,27.10.25, 12:00,1,+,3,+,2,+,4,+,2,+,4
000477,27.10.25, 11:00,4,+,1,+,4,+,1,+,1,+,6
000476,27.10.25, 10:00,1,+,5,+,4,+,6,+,1,+,4
000475,27.10.25, 09:00,3,+,3,+,1,+,3,+,3,+,4
000474,27.10.25, 08:00,5,+,2,+,1,+,1,+,5,+,1
000473,27.10.25, 07:00,5,+,5,+,1,+,3,+,1,+,1
000472,27.10.25, 06:00,4,+,3,+,5,+,5,+,6,+,5
000471,27.10.25, 05:00,4,+,2,+,6,+,5,+,1,+,3
000470,27.10.25, 04:00,1,+,3,+,2,+,3,+,6,+,1
000469,27.10.25, 03:00,4,+,5,+,4,+,6,+,1,+,1
000468,27.10.25, 02:00,4,+,5,+,4,+,6,+,3,+,6
000467,27.10.25, 01:00,6,+,2,+,4,+,2,+,1,+,5
000466,27.10.25, 00:00,5,+,5,+,5,+,3,+,5,+,5
000465,26.10.25, 23:00,4,+,2,+,1,+,3,+,4,+,6
000464,26.10.25, 22:00,2,+,3,+,4,+,5,+,3,+,5
000463,26.10.25, 21:00,5,+,3,+,1,+,2,+,1,+,4
000462,26.10.25, 20:00,3,+,1,+,4,+,6,+,5,+,6
000461,26.10.25, 19:00,6,+,4,+,2,+,2,+,2,+,6
000460,26.10.25, 18:00,4,+,1,+,1,+,1,+,5,+,1
000459,26.10.25, 17:00,1,+,6,+,4,+,1,+,2,+,3
000458,26.10.25, 16:00,2,+,4,+,2,+,2,+,4,+,2
000457,26.10.25, 15:00,6,+,3,+,6,+,5,+,6,+,1
000456,26.10.25, 14:00,3,+,4,+,6,+,5,+,4,+,5
000455,26.10.25, 13:00,2,+,6,+,4,+,3,+,1,+,2
000454,26.10.25, 12:00,2,+,6,+,4,+,2,+,6,+,4
000453,26.10.25, 11:00,4,+,6,+,5,+,6,+,3,+,1
000452,26.10.25, 10:00,1,+,2,+,1,+,1,+,3,+,6
000451,26.10.25, 09:00,5,+,6,+,2,+,4,+,6,+,4
000450,26.10.25, 08:00,1,+,1,+,2,+,3,+,5,+,2
000449,26.10.25, 07:00,4,+,1,+,1,+,1,+,2,+,6
000448,26.10.25, 06:00,4,+,5,+,3,+,3,+,4,+,5
000447,26.10.25, 05:00,2,+,3,+,2,+,4,+,2,+,3
000446,26.10.25, 04:00,2,+,2,+,3,+,2,+,1,+,5
000445,26.10.25, 03:00,4,+,5,+,6,+,5,+,2,+,3
000444,26.10.25, 02:00,3,+,1,+,6,+,5,+,1,+,2
000443,26.10.25, 00:00,2,+,4,+,4,+,4,+,3,+,5
000442,25.10.25, 23:00,1,+,5,+,2,+,3,+,6,+,1
000441,25.10.25, 22:00,4,+,6,+,1,+,1,+,5,+,2
000440,25.10.25, 21:00,6,+,2,+,2,+,3,+,6,+,2
000439,25.10.25, 20:00,6,+,1,+,5,+,2,+,5,+,6
000438,25.10.25, 19:00,2,+,3,+,2,+,4,+,5,+,6
000437,25.10.25, 18:00,5,+,4,+,5,+,6,+,4,+,1
000436,25.10.25, 17:00,6,+,5,+,2,+,6,+,1,+,1
000435,25.10.25, 16:00,4,+,4,+,4,+,5,+,2,+,4
000434,25.10.25, 15:00,2,+,3,+,1,+,4,+,6,+,5
000433,25.10.25, 14:00,2,+,6,+,1,+,3,+,4,+,1
000432,25.10.25, 13:00,4,+,6,+,5,+,5,+,1,+,1
000431,25.10.25, 12:00,5,+,4,+,4,+,4,+,2,+,5
000430,25.10.25, 11:00,6,+,4,+,3,+,1,+,4,+,3
000429,25.10.25, 10:00,3,+,4,+,5,+,2,+,2,+,5
000428,25.10.25, 09:00,5,+,3,+,5,+,3,+,1,+,6
000427,25.10.25, 08:00,4,+,5,+,5,+,4,+,2,+,3
000426,25.10.25, 07:00,6,+,3,+,2,+,4,+,3,+,3
000425,25.10.25, 06:00,4,+,4,+,6,+,2,+,5,+,1
000424,25.10.25, 05:00,4,+,2,+,3,+,6,+,6,+,5
000423,25.10.25, 04:00,5,+,2,+,5,+,4,+,3,+,1
000422,25.10.25, 03:00,3,+,3,+,5,+,6,+,4,+,2
000421,25.10.25, 02:00,6,+,6,+,5,+,5,+,2,+,6
000420,25.10.25, 01:00,6,+,2,+,6,+,2,+,3,+,2
000419,25.10.25, 00:00,3,+,6,+,3,+,4,+,5,+,3
000418,24.10.25, 23:00,1,+,4,+,5,+,4,+,4,+,5
000417,24.10.25, 22:00,2,+,1,+,4,+,4,+,1,+,4
000416,24.10.25, 21:00,3,+,6,+,4,+,6,+,6,+,5
000415,24.10.25, 20:00,2,+,2,+,5,+,3,+,5,+,2
000414,24.10.25, 19:00,6,+,4,+,5,+,5,+,3,+,3
000413,24.10.25, 18:00,3,+,1,+,4,+,2,+,5,+,3
000412,24.10.25, 17:00,3,+,3,+,6,+,5,+,5,+,1
000411,24.10.25, 16:00,1,+,2,+,3,+,5,+,3,+,3
000410,24.10.25, 15:00,5,+,4,+,1,+,4,+,2,+,4
000409,24.10.25, 14:00,1,+,4,+,3,+,2,+,3,+,3
000408,24.10.25, 13:00,4,+,1,+,5,+,1,+,3,+,2
000407,24.10.25, 12:00,4,+,6,+,1,+,6,+,4,+,1
000406,24.10.25, 11:00,4,+,1,+,3,+,2,+,6,+,2
000405,24.10.25, 10:00,5,+,2,+,1,+,5,+,6,+,6
000404,24.10.25, 09:00,3,+,4,+,5,+,5,+,6,+,2
000403,24.10.25, 08:00,2,+,2,+,6,+,2,+,5,+,2
000402,24.10.25, 07:00,3,+,5,+,1,+,5,+,4,+,1
000401,24.10.25, 06:00,5,+,2,+,1,+,2,+,1,+,3
000400,24.10.25, 05:00,5,+,3,+,5,+,6,+,2,+,3
000399,24.10.25, 04:00,6,+,3,+,2,+,2,+,1,+,5
000398,24.10.25, 03:00,2,+,3,+,1,+,3,+,1,+,3
000397,24.10.25, 02:00,4,+,5,+,3,+,3,+,2,+,2
000396,24.10.25, 01:00,6,+,4,+,4,+,6,+,1,+,2
000395,24.10.25, 00:00,6,+,3,+,4,+,4,+,3,+,2
000394,23.10.25, 23:00,2,+,2,+,5,+,6,+,5,+,4
000393,23.10.25, 22:00,4,+,1,+,1,+,4,+,4,+,2
000392,23.10.25, 21:00,1,+,2,+,1,+,6,+,3,+,3
000391,23.10.25, 20:00,3,+,5,+,4,+,1,+,1,+,3
000390,23.10.25, 19:00,6,+,2,+,5,+,4,+,5,+,4
000389,23.10.25, 18:00,1,+,1,+,5,+,6,+,3,+,3
000388,23.10.25, 17:00,4,+,5,+,1,+,6,+,5,+,6
000387,23.10.25, 16:00,5,+,5,+,1,+,3,+,1,+,3
000386,23.10.25, 15:00,5,+,4,+,1,+,3,+,4,+,3
000385,23.10.25, 14:00,4,+,2,+,2,+,3,+,2,+,3
000384,23.10.25, 13:00,3,+,6,+,6,+,5,+,3,+,3
000383,23.10.25, 12:00,5,+,4,+,4,+,2,+,3,+,5
000382,23.10.25, 11:00,4,+,3,+,4,+,5,+,1,+,5
000381,23.10.25, 10:00,4,+,5,+,3,+,5,+,5,+,2
000380,23.10.25, 09:00,2,+,1,+,3,+,4,+,1,+,5
000379,23.10.25, 08:00,4,+,4,+,3,+,3,+,2,+,6
000378,23.10.25, 07:00,2,+,6,+,3,+,1,+,6,+,5
000377,23.10.25, 06:00,2,+,1,+,5,+,4,+,1,+,4
000376,23.10.25, 05:00,3,+,6,+,2,+,3,+,3,+,2
000375,23.10.25, 04:00,5,+,5,+,4,+,3,+,5,+,3
000374,23.10.25, 03:00,1,+,3,+,1,+,3,+,3,+,6
000373,23.10.25, 02:00,1,+,4,+,2,+,4,+,6,+,5
000372,23.10.25, 01:00,1,+,6,+,4,+,5,+,2,+,6
000371,23.10.25, 00:00,1,+,4,+,5,+,3,+,3,+,5
000370,22.10.25, 23:00,6,+,4,+,2,+,2,+,2,+,2
000369,22.10.25, 22:00,6,+,4,+,4,+,3,+,5,+,2
000368,22.10.25, 21:00,2,+,5,+,2,+,4,+,5,+,2
000367,22.10.25, 20:00,2,+,4,+,3,+,1,+,2,+,3
000366,22.10.25, 19:00,6,+,2,+,3,+,1,+,3,+,4
000365,22.10.25, 18:00,4,+,1,+,1,+,3,+,3,+,2
000364,22.10.25, 17:00,2,+,1,+,4,+,4,+,2,+,6
000363,22.10.25, 16:00,3,+,4,+,1,+,4,+,3,+,3
000362,22.10.25, 15:00,1,+,4,+,6,+,1,+,6,+,2
000361,22.10.25, 14:00,3,+,6,+,3,+,6,+,2,+,1
000360,22.10.25, 13:00,5,+,6,+,4,+,5,+,4,+,3
000359,22.10.25, 12:00,1,+,4,+,2,+,1,+,1,+,1
000358,22.10.25, 11:00,2,+,3,+,3,+,3,+,2,+,4
000357,22.10.25, 10:00,6,+,2,+,6,+,4,+,3,+,5
000356,22.10.25, 09:00,6,+,1,+,6,+,5,+,1,+,1
000355,22.10.25, 08:00,6,+,3,+,6,+,1,+,5,+,3
000354,22.10.25, 07:00,3,+,2,+,4,+,5,+,4,+,2
000353,22.10.25, 06:00,4,+,4,+,3,+,4,+,4,+,5
000352,22.10.25, 05:00,3,+,3,+,2,+,2,+,5,+,5
000351,22.10.25, 04:00,6,+,6,+,4,+,5,+,4,+,5
000350,22.10.25, 03:00,2,+,2,+,1,+,6,+,1,+,1
000349,22.10.25, 02:00,3,+,1,+,6,+,6,+,5,+,5
000348,22.10.25, 01:00,1,+,4,+,4,+,5,+,6,+,6
000347,22.10.25, 00:00,1,+,1,+,2,+,3,+,2,+,4
000346,21.10.25, 23:00,1,+,6,+,1,+,1,+,4,+,6
000345,21.10.25, 22:00,3,+,5,+,3,+,1,+,3,+,3
000344,21.10.25, 21:00,3,+,5,+,6,+,5,+,5,+,3
000343,21.10.25, 20:00,1,+,4,+,3,+,2,+,1,+,5
000342,21.10.25, 19:00,6,+,5,+,2,+,5,+,6,+,1
000341,21.10.25, 18:00,4,+,1,+,4,+,5,+,2,+,1
000340,21.10.25, 17:00,1,+,6,+,6,+,2,+,5,+,2
000339,21.10.25, 16:00,5,+,5,+,5,+,4,+,2,+,4
000338,21.10.25, 15:00,1,+,2,+,5,+,5,+,3,+,6
000337,21.10.25, 14:00,3,+,5,+,6,+,4,+,3,+,6
000336,21.10.25, 13:00,6,+,3,+,1,+,5,+,4,+,2
000335,21.10.25, 12:00,2,+,3,+,3,+,1,+,5,+,4
000334,21.10.25, 11:00,2,+,6,+,6,+,1,+,6,+,5
000333,21.10.25, 10:00,4,+,4,+,2,+,5,+,5,+,4
000332,21.10.25, 09:00,6,+,6,+,4,+,3,+,3,+,4
000331,21.10.25, 08:00,5,+,3,+,5,+,3,+,1,+,1
000330,21.10.25, 07:00,2,+,5,+,6,+,2,+,3,+,1
000329,21.10.25, 06:00,2,+,5,+,2,+,1,+,2,+,4
000328,21.10.25, 05:00,2,+,5,+,3,+,1,+,5,+,6
000327,21.10.25, 04:00,6,+,6,+,4,+,5,+,2,+,3
000326,21.10.25, 03:00,2,+,4,+,5,+,6,+,2,+,2
000325,21.10.25, 02:00,4,+,1,+,4,+,4,+,1,+,5
000324,21.10.25, 01:00,2,+,5,+,2,+,1,+,1,+,3
000323,21.10.25, 00:00,3,+,1,+,3,+,2,+,2,+,1
000322,20.10.25, 23:00,1,+,1,+,4,+,6,+,1,+,5
000321,20.10.25, 22:00,4,+,5,+,1,+,3,+,1,+,6
000320,20.10.25, 21:00,5,+,1,+,1,+,4,+,1,+,2
000319,20.10.25, 20:00,3,+,2,+,4,+,2,+,2,+,4
000318,20.10.25, 19:00,3,+,1,+,1,+,4,+,3,+,1
000317,20.10.25, 18:00,5,+,3,+,5,+,1,+,5,+,6
000316,20.10.25, 17:00,2,+,3,+,4,+,6,+,2,+,1
000315,20.10.25, 16:00,5,+,5,+,1,+,6,+,2,+,4
000314,20.10.25, 15:00,6,+,6,+,6,+,2,+,6,+,6
000313,20.10.25, 14:00,6,+,3,+,2,+,2,+,4,+,3
000312,20.10.25, 13:00,6,+,5,+,1,+,3,+,2,+,5
000311,20.10.25, 12:00,5,+,1,+,4,+,2,+,1,+,5
000310,20.10.25, 11:00,4,+,3,+,3,+,5,+,6,+,2
000309,20.10.25, 10:00,1,+,6,+,3,+,1,+,6,+,6
000308,20.10.25, 09:00,5,+,2,+,2,+,3,+,6,+,5
000307,20.10.25, 08:00,1,+,3,+,4,+,1,+,1,+,6
000306,20.10.25, 07:00,3,+,3,+,6,+,2,+,3,+,5
000305,20.10.25, 06:00,6,+,1,+,4,+,4,+,2,+,4
000304,20.10.25, 05:00,3,+,1,+,5,+,2,+,4,+,6
000303,20.10.25, 04:00,3,+,3,+,3,+,5,+,6,+,1
000302,20.10.25, 03:00,1,+,3,+,6,+,3,+,1,+,5
000301,20.10.25, 02:00,6,+,3,+,4,+,5,+,1,+,6
000300,20.10.25, 01:00,4,+,6,+,3,+,3,+,5,+,6
000299,20.10.25, 00:00,3,+,6,+,1,+,6,+,1,+,5
000298,19.10.25, 23:00,2,+,3,+,3,+,6,+,2,+,3
000297,19.10.25, 22:00,4,+,3,+,4,+,1,+,2,+,5
000296,19.10.25, 21:00,4,+,4,+,1,+,5,+,6,+,2
000295,19.10.25, 20:00,3,+,4,+,1,+,4,+,6,+,5
000294,19.10.25, 19:00,4,+,3,+,4,+,1,+,2,+,4
000293,19.10.25, 18:00,3,+,6,+,1,+,1,+,4,+,5
000292,19.10.25, 17:00,5,+,1,+,4,+,2,+,2,+,4
000291,19.10.25, 16:00,6,+,6,+,3,+,3,+,4,+,4
000290,19.10.25, 15:00,3,+,5,+,1,+,3,+,1,+,3
000289,19.10.25, 14:00,3,+,3,+,1,+,5,+,4,+,5
000288,19.10.25, 13:00,1,+,5,+,1,+,3,+,6,+,4
000287,19.10.25, 12:00,3,+,2,+,3,+,1,+,3,+,4
000286,19.10.25, 11:00,6,+,3,+,4,+,6,+,1,+,2
000285,19.10.25, 10:00,1,+,6,+,3,+,4,+,5,+,2
000284,19.10.25, 09:00,6,+,3,+,2,+,3,+,1,+,5
000283,19.10.25, 08:00,2,+,3,+,3,+,3,+,6,+,1
000282,19.10.25, 07:00,1,+,3,+,2,+,4,+,1,+,1
000281,19.10.25, 06:00,5,+,5,+,1,+,1,+,3,+,4
000280,19.10.25, 05:00,5,+,1,+,1,+,5,+,3,+,1
000279,19.10.25, 04:00,5,+,2,+,5,+,3,+,2,+,3
000278,19.10.25, 03:00,2,+,5,+,2,+,2,+,6,+,6
000277,19.10.25, 02:00,3,+,2,+,4,+,5,+,1,+,3
000276,19.10.25, 00:00,1,+,3,+,1,+,3,+,5,+,4
000275,18.10.25, 23:00,6,+,6,+,5,+,2,+,3,+,4
000274,18.10.25, 22:00,5,+,5,+,2,+,5,+,2,+,4
000273,18.10.25, 21:00,1,+,3,+,4,+,2,+,4,+,6
000272,18.10.25, 20:00,5,+,6,+,1,+,2,+,4,+,1
000271,18.10.25, 19:00,4,+,1,+,6,+,1,+,3,+,6
000270,18.10.25, 18:00,6,+,1,+,4,+,5,+,1,+,2
000269,18.10.25, 17:00,3,+,3,+,1,+,5,+,1,+,5
000268,18.10.25, 16:00,1,+,1,+,2,+,4,+,1,+,1
000267,18.10.25, 15:00,4,+,4,+,2,+,2,+,5,+,4
000266,18.10.25, 14:00,6,+,4,+,1,+,2,+,6,+,2
000265,18.10.25, 13:00,4,+,1,+,4,+,1,+,4,+,3
000264,18.10.25, 12:00,3,+,2,+,3,+,5,+,3,+,6
000263,18.10.25, 11:00,6,+,6,+,4,+,3,+,6,+,6
000262,18.10.25, 10:00,3,+,5,+,3,+,6,+,5,+,1
000261,18.10.25, 09:00,6,+,3,+,1,+,6,+,3,+,4
000260,18.10.25, 08:00,4,+,3,+,3,+,3,+,5,+,3
000259,18.10.25, 07:00,5,+,4,+,3,+,2,+,2,+,5
000258,18.10.25, 06:00,3,+,4,+,4,+,4,+,4,+,5
000257,18.10.25, 05:00,1,+,3,+,5,+,5,+,1,+,1
000256,18.10.25, 04:00,5,+,6,+,5,+,1,+,5,+,3
000255,18.10.25, 03:00,1,+,2,+,3,+,2,+,1,+,6
000254,18.10.25, 02:00,1,+,1,+,3,+,4,+,5,+,6
000253,18.10.25, 01:00,3,+,3,+,6,+,3,+,4,+,4
000252,18.10.25, 00:00,1,+,1,+,5,+,5,+,3,+,5
000251,17.10.25, 23:00,5,+,4,+,5,+,5,+,3,+,4
000250,17.10.25, 22:00,2,+,2,+,6,+,4,+,2,+,3
000249,17.10.25, 21:00,1,+,4,+,1,+,1,+,3,+,2
000248,17.10.25, 20:00,6,+,5,+,1,+,1,+,3,+,5
000247,17.10.25, 19:00,1,+,2,+,4,+,2,+,5,+,6
000246,17.10.25, 18:00,5,+,3,+,3,+,6,+,1,+,2
000245,17.10.25, 17:00,3,+,2,+,6,+,1,+,2,+,3
000244,17.10.25, 16:00,2,+,3,+,6,+,3,+,5,+,2
000243,17.10.25, 15:00,5,+,3,+,2,+,5,+,6,+,2
000242,17.10.25, 14:00,5,+,6,+,4,+,1,+,1,+,2
000241,17.10.25, 13:00,1,+,1,+,6,+,4,+,5,+,6
000240,17.10.25, 12:00,6,+,3,+,5,+,4,+,2,+,2
000239,17.10.25, 11:00,2,+,6,+,5,+,3,+,1,+,2
000238,17.10.25, 10:00,6,+,3,+,3,+,2,+,4,+,1
000237,17.10.25, 09:00,1,+,1,+,1,+,3,+,2,+,6
000236,17.10.25, 08:00,1,+,2,+,2,+,5,+,1,+,5
000235,17.10.25, 07:00,4,+,6,+,2,+,4,+,3,+,2
000234,17.10.25, 06:00,2,+,1,+,1,+,2,+,5,+,1
000233,17.10.25, 05:00,3,+,6,+,3,+,3,+,2,+,1
000232,17.10.25, 04:00,5,+,1,+,2,+,5,+,1,+,1
000231,17.10.25, 03:00,3,+,1,+,1,+,6,+,1,+,6
000230,17.10.25, 02:00,5,+,3,+,1,+,1,+,5,+,3
000229,17.10.25, 01:00,5,+,3,+,6,+,3,+,3,+,2
000228,17.10.25, 00:00,4,+,4,+,6,+,4,+,6,+,4
000227,16.10.25, 23:00,6,+,6,+,2,+,2,+,4,+,3
000226,16.10.25, 22:00,6,+,1,+,1,+,1,+,1,+,3
000225,16.10.25, 21:00,4,+,1,+,3,+,3,+,4,+,3
000224,16.10.25, 20:00,6,+,6,+,4,+,6,+,2,+,3
000223,16.10.25, 19:00,6,+,1,+,4,+,2,+,4,+,2
000222,16.10.25, 18:00,3,+,3,+,1,+,1,+,1,+,1
000221,16.10.25, 17:00,5,+,6,+,1,+,6,+,4,+,5
000220,16.10.25, 16:00,6,+,4,+,2,+,2,+,6,+,6
000219,16.10.25, 15:00,1,+,6,+,2,+,1,+,3,+,1
000218,16.10.25, 14:00,5,+,4,+,6,+,2,+,2,+,5
000217,16.10.25, 13:00,5,+,3,+,1,+,6,+,1,+,1
000216,16.10.25, 12:00,6,+,5,+,3,+,6,+,2,+,1
000215,16.10.25, 11:00,6,+,5,+,4,+,6,+,1,+,4
000214,16.10.25, 10:00,4,+,4,+,6,+,6,+,2,+,6
000213,16.10.25, 09:00,1,+,3,+,5,+,3,+,6,+,1
000212,16.10.25, 08:00,4,+,5,+,2,+,5,+,6,+,5
000211,16.10.25, 07:00,4,+,1,+,6,+,3,+,6,+,1
000210,16.10.25, 06:00,4,+,6,+,2,+,1,+,3,+,5
000209,16.10.25, 05:00,1,+,6,+,6,+,2,+,1,+,2
000208,16.10.25, 04:00,5,+,4,+,2,+,2,+,1,+,6
000207,16.10.25, 03:00,2,+,2,+,1,+,2,+,2,+,2
000206,16.10.25, 02:00,4,+,6,+,6,+,6,+,4,+,5
000205,16.10.25, 01:00,6,+,1,+,6,+,2,+,2,+,3
000204,16.10.25, 00:00,4,+,3,+,4,+,1,+,3,+,6
000203,15.10.25, 23:00,2,+,4,+,6,+,1,+,3,+,4
000202,15.10.25, 22:00,5,+,6,+,3,+,6,+,3,+,4
000201,15.10.25, 21:00,3,+,1,+,3,+,1,+,4,+,1
000200,15.10.25, 20:00,4,+,6,+,1,+,6,+,6,+,4
000199,15.10.25, 19:00,5,+,4,+,2,+,5,+,5,+,6
000198,15.10.25, 18:00,3,+,5,+,3,+,2,+,2,+,5
000197,15.10.25, 17:00,6,+,6,+,6,+,2,+,1,+,3
000196,15.10.25, 16:00,5,+,6,+,5,+,1,+,3,+,1
000195,15.10.25, 15:00,4,+,1,+,3,+,5,+,5,+,2
000194,15.10.25, 14:00,5,+,2,+,6,+,3,+,2,+,6
000193,15.10.25, 13:00,4,+,6,+,1,+,6,+,1,+,1
000192,15.10.25, 12:00,4,+,5,+,4,+,1,+,1,+,3
000191,15.10.25, 11:00,4,+,4,+,4,+,4,+,1,+,4
000190,15.10.25, 10:00,6,+,2,+,6,+,3,+,5,+,3
000189,15.10.25, 09:00,1,+,4,+,3,+,3,+,2,+,2
000188,15.10.25, 08:00,3,+,4,+,4,+,1,+,4,+,5
000187,15.10.25, 07:00,6,+,6,+,2,+,4,+,1,+,3
000186,15.10.25, 06:00,3,+,6,+,2,+,6,+,1,+,5
000185,15.10.25, 05:00,5,+,2,+,5,+,5,+,1,+,3
000184,15.10.25, 04:00,1,+,1,+,2,+,4,+,3,+,1
000183,15.10.25, 03:00,1,+,6,+,4,+,2,+,3,+,1
000182,15.10.25, 02:00,5,+,2,+,2,+,5,+,1,+,6
000181,15.10.25, 01:00,6,+,3,+,3,+,2,+,5,+,5
000180,15.10.25, 00:00,1,+,6,+,3,+,5,+,1,+,4
000179,14.10.25, 23:00,2,+,2,+,6,+,4,+,6,+,3
000178,14.10.25, 22:00,4,+,2,+,3,+,2,+,4,+,3
000177,14.10.25, 21:00,1,+,6,+,4,+,6,+,6,+,4
000176,14.10.25, 20:00,4,+,3,+,2,+,4,+,5,+,3
000175,14.10.25, 19:00,6,+,6,+,4,+,2,+,5,+,5
000174,14.10.25, 18:00,2,+,4,+,1,+,1,+,4,+,1
000173,14.10.25, 17:00,2,+,5,+,6,+,4,+,6,+,1
000172,14.10.25, 16:00,4,+,1,+,2,+,5,+,6,+,4
000171,14.10.25, 15:00,3,+,2,+,4,+,5,+,2,+,5
000170,14.10.25, 14:00,1,+,6,+,4,+,3,+,3,+,1
000169,14.10.25, 13:00,6,+,5,+,1,+,1,+,2,+,6
000168,14.10.25, 12:00,4,+,5,+,2,+,2,+,2,+,3
000167,14.10.25, 11:00,6,+,4,+,3,+,2,+,6,+,4
000166,14.10.25, 10:00,6,+,3,+,1,+,3,+,2,+,4
000165,14.10.25, 09:00,5,+,6,+,4,+,1,+,2,+,1
000164,14.10.25, 08:00,2,+,1,+,2,+,4,+,1,+,5
000163,14.10.25, 07:00,3,+,2,+,3,+,1,+,6,+,1
000162,14.10.25, 06:00,6,+,4,+,5,+,2,+,6,+,6
000161,14.10.25, 05:00,4,+,5,+,3,+,2,+,5,+,2
000160,14.10.25, 04:00,2,+,1,+,2,+,4,+,4,+,2
000159,14.10.25, 03:00,4,+,4,+,3,+,4,+,4,+,1
000158,14.10.25, 02:00,1,+,6,+,6,+,3,+,5,+,3
000157,14.10.25, 01:00,4,+,1,+,3,+,5,+,1,+,4
000156,14.10.25, 00:00,6,+,6,+,3,+,2,+,6,+,6
000155,13.10.25, 23:00,6,+,3,+,2,+,2,+,1,+,5
000154,13.10.25, 22:00,6,+,1,+,5,+,3,+,2,+,6
000153,13.10.25, 21:00,1,+,4,+,1,+,6,+,4,+,4
000152,13.10.25, 20:00,4,+,4,+,5,+,2,+,2,+,6
000151,13.10.25, 19:00,2,+,4,+,5,+,5,+,1,+,2
000150,13.10.25, 18:00,1,+,5,+,5,+,1,+,4,+,2
000149,13.10.25, 17:00,2,+,2,+,4,+,1,+,2,+,5
000148,13.10.25, 16:00,6,+,2,+,4,+,5,+,4,+,3
000147,13.10.25, 15:00,2,+,1,+,1,+,1,+,2,+,4
000146,13.10.25, 14:00,2,+,3,+,5,+,2,+,2,+,6
000145,13.10.25, 13:00,6,+,2,+,1,+,6,+,4,+,3
000144,13.10.25, 12:00,1,+,6,+,2,+,5,+,6,+,2
000143,13.10.25, 11:00,6,+,1,+,6,+,2,+,6,+,4
000142,13.10.25, 10:00,3,+,1,+,6,+,2,+,6,+,3
000141,13.10.25, 09:00,4,+,3,+,1,+,6,+,2,+,5
000140,13.10.25, 08:00,1,+,6,+,6,+,1,+,1,+,6
000139,13.10.25, 07:00,4,+,3,+,4,+,6,+,2,+,5
000138,13.10.25, 06:00,6,+,2,+,6,+,4,+,3,+,5
000137,13.10.25, 05:00,4,+,2,+,5,+,5,+,4,+,1
000136,13.10.25, 04:00,6,+,1,+,3,+,4,+,2,+,5
000135,13.10.25, 03:00,3,+,5,+,1,+,6,+,4,+,6
000134,13.10.25, 02:00,2,+,5,+,3,+,1,+,4,+,6
000133,13.10.25, 01:00,1,+,1,+,4,+,3,+,2,+,3
000132,13.10.25, 00:00,3,+,5,+,5,+,1,+,1,+,1
000131,12.10.25, 23:00,3,+,3,+,3,+,3,+,4,+,1
000130,12.10.25, 22:00,2,+,2,+,3,+,3,+,4,+,6
000129,12.10.25, 21:00,3,+,5,+,3,+,3,+,4,+,2
000128,12.10.25, 20:00,3,+,2,+,1,+,1,+,5,+,4
000127,12.10.25, 19:00,2,+,6,+,1,+,1,+,5,+,2
000126,12.10.25, 18:00,2,+,1,+,1,+,5,+,1,+,2
000125,12.10.25, 17:00,3,+,6,+,2,+,4,+,5,+,3
000124,12.10.25, 16:00,5,+,3,+,1,+,2,+,3,+,6
000123,12.10.25, 15:00,6,+,3,+,1,+,3,+,1,+,6
000122,12.10.25, 14:00,4,+,6,+,1,+,5,+,5,+,1
000121,12.10.25, 13:00,1,+,5,+,2,+,3,+,3,+,4
000120,12.10.25, 12:00,5,+,6,+,4,+,1,+,2,+,1
000119,12.10.25, 11:00,3,+,4,+,5,+,3,+,1,+,6
000118,12.10.25, 10:00,1,+,3,+,2,+,5,+,5,+,6
000117,12.10.25, 09:00,6,+,5,+,6,+,3,+,5,+,4
000116,12.10.25, 08:00,4,+,4,+,1,+,6,+,1,+,1
000115,12.10.25, 07:00,3,+,5,+,5,+,4,+,5,+,6
000114,12.10.25, 06:00,4,+,4,+,3,+,3,+,1,+,5
000113,12.10.25, 05:00,1,+,5,+,2,+,5,+,1,+,3
000112,12.10.25, 04:00,5,+,3,+,2,+,4,+,2,+,1
000111,12.10.25, 03:00,4,+,3,+,6,+,3,+,3,+,4
000110,12.10.25, 02:00,3,+,5,+,3,+,2,+,3,+,2
000109,12.10.25, 00:00,1,+,4,+,5,+,3,+,4,+,4
000108,11.10.25, 23:00,5,+,5,+,4,+,4,+,4,+,1
000107,11.10.25, 22:00,5,+,3,+,4,+,1,+,4,+,4
000106,11.10.25, 21:00,6,+,5,+,5,+,5,+,2,+,1
000105,11.10.25, 20:00,4,+,5,+,4,+,4,+,2,+,3
000104,11.10.25, 19:00,6,+,4,+,1,+,6,+,5,+,3
000103,11.10.25, 18:00,3,+,5,+,2,+,4,+,3,+,1
000102,11.10.25, 17:00,4,+,4,+,5,+,1,+,2,+,5
000101,11.10.25, 16:00,6,+,6,+,2,+,5,+,1,+,2
000100,11.10.25, 15:00,4,+,2,+,6,+,3,+,3,+,3
000099,11.10.25, 14:00,4,+,4,+,4,+,1,+,5,+,3
000098,11.10.25, 13:00,5,+,1,+,1,+,1,+,6,+,5
000097,11.10.25, 12:00,1,+,2,+,4,+,4,+,3,+,4
000096,11.10.25, 11:00,5,+,3,+,2,+,6,+,2,+,1
000095,11.10.25, 10:00,5,+,6,+,3,+,3,+,6,+,2
000094,11.10.25, 09:00,1,+,5,+,3,+,2,+,4,+,6
000093,11.10.25, 08:00,3,+,2,+,3,+,2,+,1,+,3
000092,11.10.25, 07:00,5,+,2,+,6,+,6,+,2,+,1
000091,11.10.25, 06:00,2,+,5,+,1,+,1,+,4,+,6
000090,11.10.25, 05:00,2,+,2,+,1,+,3,+,5,+,4
000089,11.10.25, 04:00,2,+,2,+,1,+,5,+,2,+,3
000088,11.10.25, 03:00,4,+,3,+,3,+,6,+,3,+,4
000087,11.10.25, 02:00,6,+,2,+,3,+,2,+,1,+,5
000086,11.10.25, 01:00,1,+,3,+,4,+,4,+,5,+,5
000085,11.10.25, 00:00,2,+,2,+,1,+,5,+,4,+,3
000084,10.10.25, 23:00,5,+,1,+,5,+,4,+,2,+,3
000083,10.10.25, 22:00,6,+,6,+,1,+,1,+,3,+,3
000082,10.10.25, 21:00,6,+,2,+,3,+,1,+,5,+,3
000081,10.10.25, 20:00,5,+,4,+,5,+,4,+,2,+,3
000080,10.10.25, 19:00,1,+,3,+,5,+,5,+,3,+,2
000079,10.10.25, 18:00,2,+,2,+,2,+,4,+,5,+,5
000078,10.10.25, 17:00,3,+,3,+,1,+,6,+,3,+,2
000077,10.10.25, 16:00,5,+,5,+,5,+,1,+,3,+,6
000076,10.10.25, 15:00,6,+,2,+,3,+,5,+,5,+,2
000075,10.10.25, 14:00,5,+,5,+,1,+,6,+,2,+,3
000074,10.10.25, 13:00,2,+,6,+,2,+,5,+,5,+,4
000073,10.10.25, 12:00,3,+,5,+,4,+,3,+,5,+,5
000072,10.10.25, 11:00,6,+,2,+,6,+,2,+,4,+,3
000071,10.10.25, 10:00,3,+,2,+,3,+,3,+,2,+,1
000070,10.10.25, 09:00,6,+,4,+,3,+,3,+,1,+,5
000069,10.10.25, 08:00,1,+,3,+,3,+,1,+,6,+,5
000068,10.10.25, 07:00,3,+,4,+,5,+,6,+,4,+,2
000067,10.10.25, 06:00,2,+,3,+,1,+,1,+,5,+,1
000066,10.10.25, 05:00,4,+,4,+,2,+,5,+,6,+,5
000065,10.10.25, 04:00,4,+,6,+,4,+,2,+,6,+,6
000064,10.10.25, 03:00,1,+,2,+,2,+,4,+,2,+,4
000063,10.10.25, 02:00,2,+,4,+,6,+,3,+,1,+,5
000062,10.10.25, 01:00,5,+,3,+,4,+,1,+,3,+,6
000061,10.10.25, 00:00,5,+,4,+,4,+,1,+,1,+,3
000060,09.10.25, 23:00,4,+,3,+,1,+,4,+,6,+,5
000059,09.10.25, 22:00,3,+,6,+,3,+,2,+,2,+,6
000058,09.10.25, 21:00,1,+,3,+,6,+,5,+,3,+,4
000057,09.10.25, 20:00,6,+,4,+,1,+,3,+,1,+,5
000056,09.10.25, 19:00,6,+,4,+,4,+,1,+,3,+,1
000055,09.10.25, 18:00,3,+,3,+,2,+,4,+,1,+,6
000054,09.10.25, 17:00,3,+,4,+,2,+,3,+,3,+,2
000053,09.10.25, 16:00,3,+,6,+,6,+,6,+,2,+,3
000052,09.10.25, 15:00,2,+,6,+,3,+,3,+,5,+,1
000051,09.10.25, 14:00,3,+,3,+,6,+,6,+,2,+,4
000050,09.10.25, 13:00,6,+,4,+,1,+,1,+,2,+,5
000049,09.10.25, 12:00,6,+,3,+,6,+,4,+,1,+,4
000048,09.10.25, 11:00,1,+,5,+,5,+,4,+,2,+,1
000047,09.10.25, 10:00,2,+,5,+,4,+,5,+,6,+,1
000046,09.10.25, 09:00,6,+,3,+,6,+,2,+,1,+,4
000045,09.10.25, 08:00,2,+,1,+,3,+,4,+,6,+,3
000044,09.10.25, 07:00,5,+,4,+,6,+,6,+,2,+,5
000043,09.10.25, 06:00,2,+,5,+,2,+,1,+,3,+,5
000042,09.10.25, 05:00,4,+,3,+,6,+,3,+,4,+,4
000041,09.10.25, 04:00,6,+,5,+,3,+,5,+,2,+,3
000040,09.10.25, 03:00,6,+,2,+,4,+,1,+,2,+,2
000039,09.10.25, 02:00,6,+,3,+,2,+,5,+,5,+,6
000038,09.10.25, 01:00,6,+,1,+,5,+,4,+,3,+,3
000037,09.10.25, 00:00,1,+,3,+,2,+,6,+,3,+,5
000036,08.10.25, 23:00,4,+,4,+,5,+,3,+,2,+,2
000035,08.10.25, 22:00,3,+,4,+,5,+,5,+,1,+,1
000034,08.10.25, 21:00,1,+,4,+,4,+,1,+,3,+,4
000033,08.10.25, 20:00,1,+,2,+,6,+,3,+,5,+,3
000032,08.10.25, 19:00,6,+,3,+,6,+,5,+,2,+,1
000031,08.10.25, 18:00,1,+,1,+,2,+,2,+,3,+,2
000030,08.10.25, 17:00,5,+,6,+,4,+,5,+,2,+,4
000029,08.10.25, 16:00,4,+,3,+,6,+,3,+,6,+,4
000028,08.10.25, 15:00,1,+,3,+,5,+,3,+,3,+,3
000027,08.10.25, 14:00,6,+,2,+,6,+,2,+,5,+,5
000026,08.10.25, 13:00,1,+,2,+,2,+,3,+,4,+,6
000025,08.10.25, 12:00,3,+,6,+,1,+,5,+,3,+,3
000024,08.10.25, 11:00,4,+,5,+,3,+,3,+,1,+,2
000023,08.10.25, 10:00,3,+,3,+,1,+,1,+,3,+,2
000022,08.10.25, 09:00,2,+,3,+,3,+,6,+,3,+,1
000021,08.10.25, 08:00,1,+,6,+,6,+,3,+,3,+,5
000020,08.10.25, 07:00,2,+,2,+,2,+,4,+,1,+,1
000019,08.10.25, 06:00,4,+,6,+,1,+,6,+,5,+,2
000018,08.10.25, 05:00,2,+,4,+,4,+,3,+,1,+,6
000017,08.10.25, 04:00,6,+,6,+,2,+,3,+,2,+,6
000016,08.10.25, 03:00,2,+,2,+,4,+,5,+,6,+,1
000015,08.10.25, 02:00,6,+,5,+,5,+,1,+,3,+,4
000014,08.10.25, 01:00,2,+,3,+,4,+,6,+,6,+,6
000013,08.10.25, 00:00,1,+,5,+,4,+,3,+,5,+,1
000012,07.10.25, 23:00,1,+,4,+,1,+,3,+,2,+,6
000011,07.10.25, 22:00,3,+,1,+,2,+,4,+,6,+,6
000010,07.10.25, 21:00,2,+,5,+,6,+,4,+,1,+,4
000009,07.10.25, 20:00,1,+,3,+,6,+,1,+,2,+,6
000008,07.10.25, 19:00,2,+,3,+,3,+,3,+,6,+,4
000007,07.10.25, 18:00,5,+,3,+,6,+,3,+,2,+,4
000006,07.10.25, 17:00,1,+,3,+,2,+,1,+,1,+,2
000005,07.10.25, 16:00,5,+,1,+,1,+,2,+,6,+,5
000004,07.10.25, 15:00,4,+,5,+,1,+,4,+,4,+,2
000003,07.10.25, 14:00,6,+,5,+,4,+,5,+,3,+,1
000002,07.10.25, 13:00,4,+,2,+,3,+,5,+,4,+,2
000001,07.10.25, 12:00,4,+,5,+,5,+,6,+,3,+,1
lucky-numbers.ru
